-- phpMyAdmin SQL Dump
-- version 5.2.1
-- https://www.phpmyadmin.net/
--
-- Host: 127.0.0.1
-- Generation Time: Jul 14, 2024 at 10:29 AM
-- Server version: 10.4.32-MariaDB
-- PHP Version: 8.2.12

SET SQL_MODE = "NO_AUTO_VALUE_ON_ZERO";
START TRANSACTION;
SET time_zone = "+00:00";


/*!40101 SET @OLD_CHARACTER_SET_CLIENT=@@CHARACTER_SET_CLIENT */;
/*!40101 SET @OLD_CHARACTER_SET_RESULTS=@@CHARACTER_SET_RESULTS */;
/*!40101 SET @OLD_COLLATION_CONNECTION=@@COLLATION_CONNECTION */;
/*!40101 SET NAMES utf8mb4 */;

--
-- Database: `bnkms`
--
CREATE DATABASE IF NOT EXISTS `bnkms` DEFAULT CHARACTER SET utf8mb4 COLLATE utf8mb4_general_ci;
USE `bnkms`;

-- --------------------------------------------------------

--
-- Table structure for table `atm`
--

CREATE TABLE `atm` (
  `id` int(10) NOT NULL,
  `cust_name` varchar(255) NOT NULL,
  `account_no` int(10) NOT NULL,
  `atm_status` varchar(50) NOT NULL
) ENGINE=InnoDB DEFAULT CHARSET=latin1 COLLATE=latin1_swedish_ci;

--
-- Dumping data for table `atm`
--

INSERT INTO `atm` (`id`, `cust_name`, `account_no`, `atm_status`) VALUES
(15, 'Demo Name', 696969, 'PENDING');

-- --------------------------------------------------------

--
-- Table structure for table `bank_customers`
--

CREATE TABLE `bank_customers` (
  `Id` int(100) NOT NULL,
  `Username` varchar(20) DEFAULT NULL,
  `Password` varchar(15) DEFAULT NULL,
  `Customer_Photo` longblob DEFAULT NULL,
  `Photo_name` varchar(500) DEFAULT NULL,
  `Customer_ID` varchar(20) DEFAULT NULL,
  `Gender` varchar(10) NOT NULL,
  `Landline_no` varchar(10) NOT NULL,
  `Home_Addr` varchar(100) NOT NULL,
  `Office_Addr` varchar(255) NOT NULL,
  `Country` varchar(255) NOT NULL,
  `State` varchar(255) NOT NULL,
  `City` varchar(255) NOT NULL,
  `Pin_code` varchar(255) NOT NULL,
  `Account_no` varchar(20) DEFAULT NULL,
  `Branch` varchar(50) DEFAULT NULL,
  `IFSC_Code` varchar(50) DEFAULT NULL,
  `PAN` varchar(10) DEFAULT NULL,
  `CITIZENSHIP` varchar(50) DEFAULT NULL,
  `Current_Balance` float(100,2) DEFAULT NULL,
  `LastTransaction` int(20) DEFAULT 0,
  `Mobile_no` varchar(20) DEFAULT NULL,
  `Email_ID` varchar(50) DEFAULT 'Nil',
  `Debit_Card_No` varchar(50) DEFAULT NULL,
  `Debit_Card_Pin` int(4) DEFAULT NULL,
  `CVV` int(3) DEFAULT NULL,
  `DOB` varchar(20) DEFAULT NULL,
  `Area_Loc` varchar(255) DEFAULT NULL,
  `Nominee_name` varchar(255) DEFAULT NULL,
  `Nominee_ac_no` varchar(255) DEFAULT NULL,
  `Last_Login` varchar(50) DEFAULT NULL,
  `Ac_Opening_Date` varchar(255) DEFAULT NULL,
  `Account_Status` varchar(10) NOT NULL,
  `Account_type` varchar(20) NOT NULL
) ENGINE=MyISAM DEFAULT CHARSET=latin1 COLLATE=latin1_swedish_ci;

--
-- Dumping data for table `bank_customers`
--

INSERT INTO `bank_customers` (`Id`, `Username`, `Password`, `Customer_Photo`, `Photo_name`, `Customer_ID`, `Gender`, `Landline_no`, `Home_Addr`, `Office_Addr`, `Country`, `State`, `City`, `Pin_code`, `Account_no`, `Branch`, `IFSC_Code`, `PAN`, `CITIZENSHIP`, `Current_Balance`, `LastTransaction`, `Mobile_no`, `Email_ID`, `Debit_Card_No`, `Debit_Card_Pin`, `CVV`, `DOB`, `Area_Loc`, `Nominee_name`, `Nominee_ac_no`, `Last_Login`, `Ac_Opening_Date`, `Account_Status`, `Account_type`) VALUES
(11, 'Subha', 'Subha@1', NULL, NULL, '1011177', 'Male', '', 'AD Nagar', '', 'INDIA', 'Tripura', 'Agartala', '799003', '1011571011177', 'Demo Branch ', '1011', 'DFG54332', 'Indian', 10500.00, 0, '7777777777', 'subha@gmail.com', '421324332900', 3149, NULL, '2001-12-12', 'AD', '', '', '16/04/24 12:58:05 PM', '16/04/24 12:49:38 PM', 'ACTIVE', 'Saving'),
(10, 'Bapu', 'bapubapu', NULL, NULL, '1011846', 'Male', '6666666666', 'Asaram', 'Asaram', 'INDIA', 'Tripura', 'Agartala', '799001', '1011261011846', 'Demo Branch ', '1011', 'GHJK6754', '6577843567', 6500.00, 0, '7777777777', 'bapu@gmail.com', '421359228708', 5273, NULL, '2015-02-03', 'Near KFC', '', '', '28/06/24 06:34:04 PM', '20/03/24 04:07:43 AM', 'ACTIVE', 'Current'),
(9, 'Aparna Saha', 'aparnaaparna', NULL, NULL, '1011693', 'Female', '8888888889', 'Asarampara', 'Asarampara', 'INDIA', 'Tripura', 'Udaipur', '799019', '1011191011693', 'Demo Branch ', '1011', 'ASDF5643', '67676767667', 6000.00, 0, '8888888888', '', '421384624655', 8216, NULL, '2003-01-28', 'Jagannath Dighi', '', '', '16/04/24 01:01:22 PM', '20/03/24 04:02:22 AM', 'ACTIVE', 'Saving');

-- --------------------------------------------------------

--
-- Table structure for table `bank_staff`
--

CREATE TABLE `bank_staff` (
  `Id` int(255) NOT NULL,
  `staff_name` varchar(50) DEFAULT NULL,
  `staff_id` varchar(50) DEFAULT NULL,
  `Password` varchar(50) DEFAULT NULL,
  `Mobile_no` varchar(50) DEFAULT NULL,
  `Email_id` varchar(50) DEFAULT 'Nill',
  `Gender` varchar(50) DEFAULT NULL,
  `Department` varchar(50) DEFAULT NULL,
  `DOB` varchar(50) DEFAULT NULL,
  `CITIZENSHIP` varchar(50) DEFAULT NULL,
  `PAN` varchar(50) DEFAULT NULL,
  `Home_addr` varchar(50) DEFAULT NULL,
  `Last_login` varchar(50) DEFAULT NULL
) ENGINE=InnoDB DEFAULT CHARSET=latin1 COLLATE=latin1_swedish_ci;

--
-- Dumping data for table `bank_staff`
--

INSERT INTO `bank_staff` (`Id`, `staff_name`, `staff_id`, `Password`, `Mobile_no`, `Email_id`, `Gender`, `Department`, `DOB`, `CITIZENSHIP`, `PAN`, `Home_addr`, `Last_login`) VALUES
(1, 'JOTHI PAUL', '210001', 'password', '7412225696', 'joyhi@gmail.com', 'Male', 'Revenue', '10121995', '379145632000', '14569855', 'Agartala', '28/06/24 06:26:54 PM');

-- --------------------------------------------------------

--
-- Table structure for table `beneficiary_1011177`
--

CREATE TABLE `beneficiary_1011177` (
  `id` int(255) NOT NULL,
  `Beneficiary_name` varchar(255) DEFAULT NULL,
  `Beneficiary_ac_no` varchar(255) DEFAULT NULL,
  `IFSC_code` varchar(255) DEFAULT NULL,
  `Account_type` varchar(255) DEFAULT NULL,
  `Status` varchar(255) DEFAULT NULL,
  `Date_added` varchar(255) DEFAULT NULL
) ENGINE=InnoDB DEFAULT CHARSET=utf8mb4 COLLATE=utf8mb4_general_ci;

--
-- Dumping data for table `beneficiary_1011177`
--

INSERT INTO `beneficiary_1011177` (`id`, `Beneficiary_name`, `Beneficiary_ac_no`, `IFSC_code`, `Account_type`, `Status`, `Date_added`) VALUES
(1, 'Aparna Saha', '1011191011693', '1011', 'Saving', 'ACTIVE', '16/04/24 01:03:01 PM');

-- --------------------------------------------------------

--
-- Table structure for table `beneficiary_1011693`
--

CREATE TABLE `beneficiary_1011693` (
  `id` int(255) NOT NULL,
  `Beneficiary_name` varchar(255) DEFAULT NULL,
  `Beneficiary_ac_no` varchar(255) DEFAULT NULL,
  `IFSC_code` varchar(255) DEFAULT NULL,
  `Account_type` varchar(255) DEFAULT NULL,
  `Status` varchar(255) DEFAULT NULL,
  `Date_added` varchar(255) DEFAULT NULL
) ENGINE=InnoDB DEFAULT CHARSET=utf8mb4 COLLATE=utf8mb4_general_ci;

-- --------------------------------------------------------

--
-- Table structure for table `beneficiary_1011846`
--

CREATE TABLE `beneficiary_1011846` (
  `id` int(255) NOT NULL,
  `Beneficiary_name` varchar(255) DEFAULT NULL,
  `Beneficiary_ac_no` varchar(255) DEFAULT NULL,
  `IFSC_code` varchar(255) DEFAULT NULL,
  `Account_type` varchar(255) DEFAULT NULL,
  `Status` varchar(255) DEFAULT NULL,
  `Date_added` varchar(255) DEFAULT NULL
) ENGINE=InnoDB DEFAULT CHARSET=utf8mb4 COLLATE=utf8mb4_general_ci;

--
-- Dumping data for table `beneficiary_1011846`
--

INSERT INTO `beneficiary_1011846` (`id`, `Beneficiary_name`, `Beneficiary_ac_no`, `IFSC_code`, `Account_type`, `Status`, `Date_added`) VALUES
(1, 'Aparna Saha', '1011191011693', '1011', 'Saving', 'ACTIVE', '20/03/24 04:25:34 AM');

-- --------------------------------------------------------

--
-- Table structure for table `cheque_book`
--

CREATE TABLE `cheque_book` (
  `id` int(10) NOT NULL,
  `cust_name` varchar(255) NOT NULL,
  `account_no` int(10) NOT NULL,
  `cheque_book_status` varchar(25) NOT NULL
) ENGINE=InnoDB DEFAULT CHARSET=latin1 COLLATE=latin1_swedish_ci;

--
-- Dumping data for table `cheque_book`
--

INSERT INTO `cheque_book` (`id`, `cust_name`, `account_no`, `cheque_book_status`) VALUES
(8, 'Thom Yorke', 960010101, 'PENDING');

-- --------------------------------------------------------

--
-- Table structure for table `passbook_1011177`
--

CREATE TABLE `passbook_1011177` (
  `id` int(255) NOT NULL,
  `Transaction_id` varchar(255) DEFAULT NULL,
  `Transaction_date` varchar(255) DEFAULT NULL,
  `Description` varchar(255) DEFAULT NULL,
  `Cr_amount` varchar(255) DEFAULT NULL,
  `Dr_amount` varchar(255) DEFAULT NULL,
  `Net_Balance` varchar(255) DEFAULT NULL,
  `Remark` varchar(255) DEFAULT NULL
) ENGINE=InnoDB DEFAULT CHARSET=utf8mb4 COLLATE=utf8mb4_general_ci;

--
-- Dumping data for table `passbook_1011177`
--

INSERT INTO `passbook_1011177` (`id`, `Transaction_id`, `Transaction_date`, `Description`, `Cr_amount`, `Dr_amount`, `Net_Balance`, `Remark`) VALUES
(1, '869286885', '16/04/24 12:49:38 PM', 'Account Opening', '0', '0', '0', NULL),
(2, '713663291', '16/04/24 12:59:19 PM', 'Cash Deposit/713663291', '10000', '0', '10000', 'Cash Deposit'),
(3, '981735066', '16/04/24 01:03:55 PM', 'Aparna Saha/1011191011693/1011', '0', '500', '9500', 'Fund'),
(4, '159816726', '28/06/24 06:30:36 PM', 'Cash Deposit/159816726', '1000', '0', '10500', 'Cash Deposit');

-- --------------------------------------------------------

--
-- Table structure for table `passbook_1011693`
--

CREATE TABLE `passbook_1011693` (
  `id` int(255) NOT NULL,
  `Transaction_id` varchar(255) DEFAULT NULL,
  `Transaction_date` varchar(255) DEFAULT NULL,
  `Description` varchar(255) DEFAULT NULL,
  `Cr_amount` varchar(255) DEFAULT NULL,
  `Dr_amount` varchar(255) DEFAULT NULL,
  `Net_Balance` varchar(255) DEFAULT NULL,
  `Remark` varchar(255) DEFAULT NULL
) ENGINE=InnoDB DEFAULT CHARSET=utf8mb4 COLLATE=utf8mb4_general_ci;

--
-- Dumping data for table `passbook_1011693`
--

INSERT INTO `passbook_1011693` (`id`, `Transaction_id`, `Transaction_date`, `Description`, `Cr_amount`, `Dr_amount`, `Net_Balance`, `Remark`) VALUES
(1, '685987688', '20/03/24 04:02:22 AM', 'Account Opening', '0', '0', '0', NULL),
(2, '177947437', '20/03/24 04:26:02 AM', 'Bapu/1011261011846/1011', '4500', '0', '4500', 'Rent'),
(3, '250941659', '06/04/24 05:55:05 PM', 'Cash Deposit/250941659', '1000', '0', '5500', 'Cash Deposit'),
(4, '981735066', '16/04/24 01:03:55 PM', 'Subha/1011571011177/1011', '500', '0', '6000', 'Fund');

-- --------------------------------------------------------

--
-- Table structure for table `passbook_1011846`
--

CREATE TABLE `passbook_1011846` (
  `id` int(255) NOT NULL,
  `Transaction_id` varchar(255) DEFAULT NULL,
  `Transaction_date` varchar(255) DEFAULT NULL,
  `Description` varchar(255) DEFAULT NULL,
  `Cr_amount` varchar(255) DEFAULT NULL,
  `Dr_amount` varchar(255) DEFAULT NULL,
  `Net_Balance` varchar(255) DEFAULT NULL,
  `Remark` varchar(255) DEFAULT NULL
) ENGINE=InnoDB DEFAULT CHARSET=utf8mb4 COLLATE=utf8mb4_general_ci;

--
-- Dumping data for table `passbook_1011846`
--

INSERT INTO `passbook_1011846` (`id`, `Transaction_id`, `Transaction_date`, `Description`, `Cr_amount`, `Dr_amount`, `Net_Balance`, `Remark`) VALUES
(1, '903607359', '20/03/24 04:07:43 AM', 'Account Opening', '0', '0', '0', NULL),
(2, '902623276', '20/03/24 04:22:18 AM', 'Cash Deposit/902623276', '10000', '0', '10000', 'Cash Deposit'),
(3, '177947437', '20/03/24 04:26:02 AM', 'Aparna Saha/1011191011693/1011', '0', '4500', '5500', 'Rent'),
(4, '651852480', '20/03/24 04:29:45 AM', 'Cash Deposit/651852480', '1000', '0', '6500', 'Cash Deposit');

-- --------------------------------------------------------

--
-- Table structure for table `pending_accounts`
--

CREATE TABLE `pending_accounts` (
  `Application_no` varchar(50) NOT NULL,
  `Name` varchar(50) DEFAULT NULL,
  `Gender` varchar(50) DEFAULT NULL,
  `Mobile_no` varchar(50) DEFAULT NULL,
  `Email_id` varchar(50) DEFAULT 'Nil',
  `Landline_no` varchar(50) DEFAULT 'Nil',
  `DOB` varchar(50) DEFAULT NULL,
  `PAN` varchar(50) DEFAULT NULL,
  `CITIZENSHIP` varchar(50) DEFAULT NULL,
  `Home_Addr` varchar(100) DEFAULT NULL,
  `Office_Addr` varchar(100) DEFAULT NULL,
  `Country` varchar(50) DEFAULT NULL,
  `State` varchar(50) DEFAULT NULL,
  `City` varchar(50) DEFAULT NULL,
  `Pin` varchar(50) DEFAULT NULL,
  `Area_Loc` varchar(255) DEFAULT NULL,
  `Nominee_name` varchar(255) DEFAULT NULL,
  `Nominee_ac_no` varchar(255) DEFAULT NULL,
  `Account_type` varchar(50) DEFAULT NULL,
  `Application_Date` varchar(50) DEFAULT NULL
) ENGINE=InnoDB DEFAULT CHARSET=latin1 COLLATE=latin1_swedish_ci;

-- --------------------------------------------------------

--
-- Table structure for table `staff`
--

CREATE TABLE `staff` (
  `id` int(5) NOT NULL,
  `name` varchar(255) NOT NULL,
  `dob` date NOT NULL,
  `relationship` varchar(255) NOT NULL,
  `department` varchar(255) NOT NULL,
  `doj` date NOT NULL,
  `address` varchar(255) NOT NULL,
  `mobile` varchar(11) NOT NULL,
  `email` varchar(255) NOT NULL,
  `pwd` varchar(32) NOT NULL,
  `gender` char(1) NOT NULL,
  `lastlogin` datetime NOT NULL
) ENGINE=InnoDB DEFAULT CHARSET=latin1 COLLATE=latin1_swedish_ci;

--
-- Dumping data for table `staff`
--

INSERT INTO `staff` (`id`, `name`, `dob`, `relationship`, `department`, `doj`, `address`, `mobile`, `email`, `pwd`, `gender`, `lastlogin`) VALUES
(1, 'Ethel C Dziedzic', '1990-05-05', 'married', 'revenue', '1999-11-11', '1293 Public Works Drive', '7854444444', 'etttt@gmail.com', 'qwerty', 'M', '2024-03-01 00:00:00'),
(2, 'Ronald L Braun', '1998-08-21', 'unmarried', 'revenue', '2013-08-03', '4112 Grove Street', '7410000020', 'rlbb@gmail.com', 'qweer', 'M', '2024-03-01 00:00:00'),
(4, 'Debra S Chavez\n', '1989-05-31', 'married', 'revenue', '2015-01-04', '4937 Edington Drive', '8542221010', 'debr@gmail.com', '6969', 'M', '2024-03-01 00:00:00'),
(5, 'Denise R Lemus', '1980-04-21', 'married', 'revenue', '1991-01-01', '4920 Hickory Street', '7850001256', 'denise@gmail.com', '9600pass', 'M', '2024-03-01 00:00:00');

--
-- Indexes for dumped tables
--

--
-- Indexes for table `atm`
--
ALTER TABLE `atm`
  ADD PRIMARY KEY (`id`);

--
-- Indexes for table `bank_customers`
--
ALTER TABLE `bank_customers`
  ADD PRIMARY KEY (`Id`);

--
-- Indexes for table `bank_staff`
--
ALTER TABLE `bank_staff`
  ADD PRIMARY KEY (`Id`);

--
-- Indexes for table `beneficiary_1011177`
--
ALTER TABLE `beneficiary_1011177`
  ADD PRIMARY KEY (`id`);

--
-- Indexes for table `beneficiary_1011693`
--
ALTER TABLE `beneficiary_1011693`
  ADD PRIMARY KEY (`id`);

--
-- Indexes for table `beneficiary_1011846`
--
ALTER TABLE `beneficiary_1011846`
  ADD PRIMARY KEY (`id`);

--
-- Indexes for table `cheque_book`
--
ALTER TABLE `cheque_book`
  ADD PRIMARY KEY (`id`);

--
-- Indexes for table `passbook_1011177`
--
ALTER TABLE `passbook_1011177`
  ADD PRIMARY KEY (`id`);

--
-- Indexes for table `passbook_1011693`
--
ALTER TABLE `passbook_1011693`
  ADD PRIMARY KEY (`id`);

--
-- Indexes for table `passbook_1011846`
--
ALTER TABLE `passbook_1011846`
  ADD PRIMARY KEY (`id`);

--
-- Indexes for table `pending_accounts`
--
ALTER TABLE `pending_accounts`
  ADD PRIMARY KEY (`Application_no`);

--
-- Indexes for table `staff`
--
ALTER TABLE `staff`
  ADD PRIMARY KEY (`id`),
  ADD UNIQUE KEY `email` (`email`);

--
-- AUTO_INCREMENT for dumped tables
--

--
-- AUTO_INCREMENT for table `atm`
--
ALTER TABLE `atm`
  MODIFY `id` int(10) NOT NULL AUTO_INCREMENT, AUTO_INCREMENT=16;

--
-- AUTO_INCREMENT for table `bank_customers`
--
ALTER TABLE `bank_customers`
  MODIFY `Id` int(100) NOT NULL AUTO_INCREMENT, AUTO_INCREMENT=12;

--
-- AUTO_INCREMENT for table `bank_staff`
--
ALTER TABLE `bank_staff`
  MODIFY `Id` int(255) NOT NULL AUTO_INCREMENT, AUTO_INCREMENT=2;

--
-- AUTO_INCREMENT for table `beneficiary_1011177`
--
ALTER TABLE `beneficiary_1011177`
  MODIFY `id` int(255) NOT NULL AUTO_INCREMENT, AUTO_INCREMENT=2;

--
-- AUTO_INCREMENT for table `beneficiary_1011693`
--
ALTER TABLE `beneficiary_1011693`
  MODIFY `id` int(255) NOT NULL AUTO_INCREMENT;

--
-- AUTO_INCREMENT for table `beneficiary_1011846`
--
ALTER TABLE `beneficiary_1011846`
  MODIFY `id` int(255) NOT NULL AUTO_INCREMENT, AUTO_INCREMENT=2;

--
-- AUTO_INCREMENT for table `cheque_book`
--
ALTER TABLE `cheque_book`
  MODIFY `id` int(10) NOT NULL AUTO_INCREMENT, AUTO_INCREMENT=9;

--
-- AUTO_INCREMENT for table `passbook_1011177`
--
ALTER TABLE `passbook_1011177`
  MODIFY `id` int(255) NOT NULL AUTO_INCREMENT, AUTO_INCREMENT=5;

--
-- AUTO_INCREMENT for table `passbook_1011693`
--
ALTER TABLE `passbook_1011693`
  MODIFY `id` int(255) NOT NULL AUTO_INCREMENT, AUTO_INCREMENT=5;

--
-- AUTO_INCREMENT for table `passbook_1011846`
--
ALTER TABLE `passbook_1011846`
  MODIFY `id` int(255) NOT NULL AUTO_INCREMENT, AUTO_INCREMENT=5;

--
-- AUTO_INCREMENT for table `staff`
--
ALTER TABLE `staff`
  MODIFY `id` int(5) NOT NULL AUTO_INCREMENT, AUTO_INCREMENT=6;
--
-- Database: `cms_db`
--
CREATE DATABASE IF NOT EXISTS `cms_db` DEFAULT CHARACTER SET utf8mb4 COLLATE utf8mb4_general_ci;
USE `cms_db`;

-- --------------------------------------------------------

--
-- Table structure for table `booking_list`
--

CREATE TABLE `booking_list` (
  `id` int(30) NOT NULL,
  `ref_code` varchar(100) NOT NULL,
  `client_id` int(30) NOT NULL,
  `cab_id` int(30) NOT NULL,
  `pickup_zone` text NOT NULL,
  `drop_zone` text NOT NULL,
  `status` tinyint(2) NOT NULL DEFAULT 0 COMMENT '0 = Pending,\r\n1 = Driver has Confirmed,\r\n2 = Pickup,\r\n3 = drop-off,\r\n4 = cancelled',
  `date_created` datetime NOT NULL DEFAULT current_timestamp(),
  `date_updated` datetime DEFAULT NULL ON UPDATE current_timestamp()
) ENGINE=InnoDB DEFAULT CHARSET=utf8mb4 COLLATE=utf8mb4_general_ci;

--
-- Dumping data for table `booking_list`
--

INSERT INTO `booking_list` (`id`, `ref_code`, `client_id`, `cab_id`, `pickup_zone`, `drop_zone`, `status`, `date_created`, `date_updated`) VALUES
(5, '202403-00002', 1, 6, 'Mathchowmohani', 'Krishna Nagar', 3, '2024-03-13 10:24:18', '2024-03-13 10:26:48'),
(6, '202403-00002', 1, 6, 'Udaipur', 'Tripura University', 3, '2024-03-20 02:43:56', '2024-03-20 02:47:42');

-- --------------------------------------------------------

--
-- Table structure for table `cab_list`
--

CREATE TABLE `cab_list` (
  `id` int(30) NOT NULL,
  `reg_code` varchar(100) NOT NULL,
  `category_id` int(30) NOT NULL,
  `cab_reg_no` varchar(200) NOT NULL,
  `body_no` varchar(100) NOT NULL,
  `cab_model` text NOT NULL,
  `cab_driver` text NOT NULL,
  `driver_contact` text NOT NULL,
  `driver_address` text NOT NULL,
  `password` text NOT NULL,
  `image_path` text DEFAULT NULL,
  `status` tinyint(1) NOT NULL DEFAULT 1,
  `delete_flag` tinyint(1) NOT NULL DEFAULT 0,
  `date_created` datetime NOT NULL DEFAULT current_timestamp(),
  `date_updated` datetime DEFAULT NULL ON UPDATE current_timestamp()
) ENGINE=InnoDB DEFAULT CHARSET=utf8mb4 COLLATE=utf8mb4_general_ci;

--
-- Dumping data for table `cab_list`
--

INSERT INTO `cab_list` (`id`, `reg_code`, `category_id`, `cab_reg_no`, `body_no`, `cab_model`, `cab_driver`, `driver_contact`, `driver_address`, `password`, `image_path`, `status`, `delete_flag`, `date_created`, `date_updated`) VALUES
(5, '202311-00001', 2, 'TR01-AA1234', 'SUV', 'XL6', 'Paras Das', 'paras@gmail.com', 'Motor Stand', '87985799d410ead3564453e2d9371ad5', NULL, 1, 0, '2023-11-08 14:59:46', NULL),
(6, '202403-00001', 2, 'TR01-AA1111', 'SUVs', 'Bolaro', 'Sahin Saha', 'driver@gmail.com', 'Kaman Chowmohani', 'e2d45d57c7e2941b65c6ccd64af4223e', NULL, 1, 0, '2024-03-13 10:14:32', NULL);

-- --------------------------------------------------------

--
-- Table structure for table `category_list`
--

CREATE TABLE `category_list` (
  `id` int(30) NOT NULL,
  `name` text NOT NULL,
  `description` text NOT NULL,
  `delete_flag` tinyint(1) NOT NULL DEFAULT 0,
  `status` tinyint(1) NOT NULL DEFAULT 1,
  `date_created` datetime NOT NULL DEFAULT current_timestamp(),
  `date_updated` datetime DEFAULT NULL ON UPDATE current_timestamp()
) ENGINE=InnoDB DEFAULT CHARSET=utf8mb4 COLLATE=utf8mb4_general_ci;

--
-- Dumping data for table `category_list`
--

INSERT INTO `category_list` (`id`, `name`, `description`, `delete_flag`, `status`, `date_created`, `date_updated`) VALUES
(1, '5 Seater Sedan', 'Lorem ipsum dolor sit amet, consectetur adipiscing elit. Aenean convallis et elit sit amet tristique. Maecenas felis lectus, ullamcorper nec rhoncus vel, auctor id risus. Duis volutpat suscipit nulla sit amet fermentum. Nullam ac turpis at tellus efficitur luctus vel ut leo.', 0, 1, '2023-11-08 15:13:35', '2024-03-13 10:30:50'),
(2, '6 Seater', 'Quisque iaculis ipsum egestas nisi pharetra, ac laoreet felis tincidunt. Cras id gravida justo. Nulla non gravida risus, vel finibus leo. Phasellus vel eros ligula. Fusce a erat sed quam vehicula convallis.', 0, 1, '2023-11-08 15:13:35', '2024-03-13 10:30:44'),
(3, '4 Seater Alto', 'Maximum capacity 4 people', 0, 1, '2023-11-08 15:13:35', NULL);

-- --------------------------------------------------------

--
-- Table structure for table `client_list`
--

CREATE TABLE `client_list` (
  `id` int(30) NOT NULL,
  `firstname` text NOT NULL,
  `middlename` text DEFAULT NULL,
  `lastname` text NOT NULL,
  `gender` text NOT NULL,
  `contact` text NOT NULL,
  `address` text NOT NULL,
  `email` text NOT NULL,
  `password` text NOT NULL,
  `image_path` text DEFAULT NULL,
  `status` tinyint(1) NOT NULL DEFAULT 1,
  `delete_flag` tinyint(1) NOT NULL DEFAULT 0,
  `date_created` datetime NOT NULL DEFAULT current_timestamp(),
  `date_added` datetime DEFAULT NULL ON UPDATE current_timestamp()
) ENGINE=InnoDB DEFAULT CHARSET=utf8mb4 COLLATE=utf8mb4_general_ci;

--
-- Dumping data for table `client_list`
--

INSERT INTO `client_list` (`id`, `firstname`, `middlename`, `lastname`, `gender`, `contact`, `address`, `email`, `password`, `image_path`, `status`, `delete_flag`, `date_created`, `date_added`) VALUES
(1, 'Pritam', '', 'Saha', 'Male', '091234569980', 'Kalyani, Agartala -799001', 'pritam@sample.com', 'cbe93bfe45858156ab59563c9b791aae', 'uploads/clients/1.png?v=1644995661', 1, 0, '2023-11-08 15:13:35', '2024-03-13 10:31:25');

-- --------------------------------------------------------

--
-- Table structure for table `system_info`
--

CREATE TABLE `system_info` (
  `id` int(30) NOT NULL,
  `meta_field` text NOT NULL,
  `meta_value` text NOT NULL
) ENGINE=InnoDB DEFAULT CHARSET=utf8mb4 COLLATE=utf8mb4_general_ci;

--
-- Dumping data for table `system_info`
--

INSERT INTO `system_info` (`id`, `meta_field`, `meta_value`) VALUES
(1, 'name', 'Cab Management System'),
(6, 'short_name', 'Cab Management System'),
(11, 'logo', 'uploads/1644974880_logo.png'),
(13, 'user_avatar', 'uploads/user_avatar.jpg'),
(14, 'cover', 'uploads/1644974880_wallpaper.jpg');

-- --------------------------------------------------------

--
-- Table structure for table `users`
--

CREATE TABLE `users` (
  `id` int(50) NOT NULL,
  `firstname` varchar(250) NOT NULL,
  `lastname` varchar(250) NOT NULL,
  `username` text NOT NULL,
  `password` text NOT NULL,
  `avatar` text DEFAULT NULL,
  `last_login` datetime DEFAULT NULL,
  `type` tinyint(1) NOT NULL DEFAULT 0,
  `date_added` datetime NOT NULL DEFAULT current_timestamp(),
  `date_updated` datetime DEFAULT NULL ON UPDATE current_timestamp()
) ENGINE=InnoDB DEFAULT CHARSET=utf8mb4 COLLATE=utf8mb4_general_ci;

--
-- Dumping data for table `users`
--

INSERT INTO `users` (`id`, `firstname`, `lastname`, `username`, `password`, `avatar`, `last_login`, `type`, `date_added`, `date_updated`) VALUES
(1, 'Adminstrator', 'Admin', 'admin', '0192023a7bbd73250516f069df18b500', 'uploads/1624240500_avatar.png', NULL, 1, '2021-01-20 14:02:37', '2021-06-21 09:55:07'),
(8, 'Admin', 'Dashboard', 'admin@gmail.com', '21232f297a57a5a743894a0e4a801fc3', 'uploads/avatar-8.png?v=1644999240', NULL, 2, '2022-02-16 16:14:00', '2024-03-13 10:15:43');

--
-- Indexes for dumped tables
--

--
-- Indexes for table `booking_list`
--
ALTER TABLE `booking_list`
  ADD PRIMARY KEY (`id`),
  ADD KEY `cab_id` (`cab_id`),
  ADD KEY `client_id` (`client_id`);

--
-- Indexes for table `cab_list`
--
ALTER TABLE `cab_list`
  ADD PRIMARY KEY (`id`),
  ADD KEY `category_id` (`category_id`);

--
-- Indexes for table `category_list`
--
ALTER TABLE `category_list`
  ADD PRIMARY KEY (`id`);

--
-- Indexes for table `client_list`
--
ALTER TABLE `client_list`
  ADD PRIMARY KEY (`id`),
  ADD UNIQUE KEY `email` (`email`) USING HASH;

--
-- Indexes for table `system_info`
--
ALTER TABLE `system_info`
  ADD PRIMARY KEY (`id`);

--
-- Indexes for table `users`
--
ALTER TABLE `users`
  ADD PRIMARY KEY (`id`);

--
-- AUTO_INCREMENT for dumped tables
--

--
-- AUTO_INCREMENT for table `booking_list`
--
ALTER TABLE `booking_list`
  MODIFY `id` int(30) NOT NULL AUTO_INCREMENT, AUTO_INCREMENT=7;

--
-- AUTO_INCREMENT for table `cab_list`
--
ALTER TABLE `cab_list`
  MODIFY `id` int(30) NOT NULL AUTO_INCREMENT, AUTO_INCREMENT=7;

--
-- AUTO_INCREMENT for table `category_list`
--
ALTER TABLE `category_list`
  MODIFY `id` int(30) NOT NULL AUTO_INCREMENT, AUTO_INCREMENT=4;

--
-- AUTO_INCREMENT for table `client_list`
--
ALTER TABLE `client_list`
  MODIFY `id` int(30) NOT NULL AUTO_INCREMENT, AUTO_INCREMENT=2;

--
-- AUTO_INCREMENT for table `system_info`
--
ALTER TABLE `system_info`
  MODIFY `id` int(30) NOT NULL AUTO_INCREMENT, AUTO_INCREMENT=15;

--
-- AUTO_INCREMENT for table `users`
--
ALTER TABLE `users`
  MODIFY `id` int(50) NOT NULL AUTO_INCREMENT, AUTO_INCREMENT=9;

--
-- Constraints for dumped tables
--

--
-- Constraints for table `booking_list`
--
ALTER TABLE `booking_list`
  ADD CONSTRAINT `booking_list_ibfk_1` FOREIGN KEY (`cab_id`) REFERENCES `cab_list` (`id`) ON DELETE CASCADE,
  ADD CONSTRAINT `booking_list_ibfk_2` FOREIGN KEY (`client_id`) REFERENCES `client_list` (`id`) ON DELETE CASCADE;

--
-- Constraints for table `cab_list`
--
ALTER TABLE `cab_list`
  ADD CONSTRAINT `cab_list_ibfk_1` FOREIGN KEY (`category_id`) REFERENCES `category_list` (`id`) ON DELETE CASCADE;
--
-- Database: `database_tables`
--
CREATE DATABASE IF NOT EXISTS `database_tables` DEFAULT CHARACTER SET utf8mb4 COLLATE utf8mb4_general_ci;
USE `database_tables`;

-- --------------------------------------------------------

--
-- Table structure for table `accountant`
--

CREATE TABLE `accountant` (
  `id` int(100) NOT NULL,
  `img_url` varchar(200) CHARACTER SET utf8 COLLATE utf8_general_ci DEFAULT NULL,
  `name` varchar(100) CHARACTER SET utf8 COLLATE utf8_general_ci DEFAULT NULL,
  `email` varchar(100) CHARACTER SET utf8 COLLATE utf8_general_ci DEFAULT NULL,
  `address` varchar(100) CHARACTER SET utf8 COLLATE utf8_general_ci DEFAULT NULL,
  `phone` varchar(100) CHARACTER SET utf8 COLLATE utf8_general_ci DEFAULT NULL,
  `x` varchar(100) CHARACTER SET utf8 COLLATE utf8_general_ci DEFAULT NULL,
  `ion_user_id` varchar(100) CHARACTER SET utf8 COLLATE utf8_general_ci DEFAULT NULL,
  `hospital_id` varchar(100) CHARACTER SET utf8 COLLATE utf8_general_ci DEFAULT NULL
) ENGINE=MyISAM DEFAULT CHARSET=latin1 COLLATE=latin1_swedish_ci;

--
-- Dumping data for table `accountant`
--

INSERT INTO `accountant` (`id`, `img_url`, `name`, `email`, `address`, `phone`, `x`, `ion_user_id`, `hospital_id`) VALUES
(81, '', 'Mr Accountant', 'accountant@hms.com', 'Colegepara, Rajbari', '+0123456789', '', '755', '416');

-- --------------------------------------------------------

--
-- Table structure for table `alloted_bed`
--

CREATE TABLE `alloted_bed` (
  `id` int(100) NOT NULL,
  `number` varchar(100) CHARACTER SET utf8 COLLATE utf8_general_ci DEFAULT NULL,
  `category` varchar(100) CHARACTER SET utf8 COLLATE utf8_general_ci DEFAULT NULL,
  `patient` varchar(100) CHARACTER SET utf8 COLLATE utf8_general_ci DEFAULT NULL,
  `a_time` varchar(100) CHARACTER SET utf8 COLLATE utf8_general_ci DEFAULT NULL,
  `d_time` varchar(100) CHARACTER SET utf8 COLLATE utf8_general_ci DEFAULT NULL,
  `status` varchar(100) CHARACTER SET utf8 COLLATE utf8_general_ci DEFAULT NULL,
  `x` varchar(100) CHARACTER SET utf8 COLLATE utf8_general_ci DEFAULT NULL,
  `bed_id` varchar(100) CHARACTER SET utf8 COLLATE utf8_general_ci DEFAULT NULL,
  `hospital_id` varchar(100) CHARACTER SET utf8 COLLATE utf8_general_ci DEFAULT NULL
) ENGINE=MyISAM DEFAULT CHARSET=latin1 COLLATE=latin1_swedish_ci;

-- --------------------------------------------------------

--
-- Table structure for table `appointment`
--

CREATE TABLE `appointment` (
  `id` int(100) NOT NULL,
  `patient` varchar(100) CHARACTER SET utf8 COLLATE utf8_general_ci DEFAULT NULL,
  `doctor` varchar(100) CHARACTER SET utf8 COLLATE utf8_general_ci DEFAULT NULL,
  `date` varchar(100) CHARACTER SET utf8 COLLATE utf8_general_ci DEFAULT NULL,
  `time_slot` varchar(100) CHARACTER SET utf8 COLLATE utf8_general_ci DEFAULT NULL,
  `s_time` varchar(100) CHARACTER SET utf8 COLLATE utf8_general_ci DEFAULT NULL,
  `e_time` varchar(100) CHARACTER SET utf8 COLLATE utf8_general_ci DEFAULT NULL,
  `remarks` varchar(500) CHARACTER SET utf8 COLLATE utf8_general_ci DEFAULT NULL,
  `add_date` varchar(100) CHARACTER SET utf8 COLLATE utf8_general_ci DEFAULT NULL,
  `registration_time` varchar(100) CHARACTER SET utf8 COLLATE utf8_general_ci DEFAULT NULL,
  `s_time_key` varchar(100) CHARACTER SET utf8 COLLATE utf8_general_ci DEFAULT NULL,
  `status` varchar(100) CHARACTER SET utf8 COLLATE utf8_general_ci DEFAULT NULL,
  `user` varchar(100) CHARACTER SET utf8 COLLATE utf8_general_ci DEFAULT NULL,
  `request` varchar(100) CHARACTER SET utf8 COLLATE utf8_general_ci DEFAULT NULL,
  `hospital_id` varchar(100) CHARACTER SET utf8 COLLATE utf8_general_ci DEFAULT NULL
) ENGINE=MyISAM DEFAULT CHARSET=latin1 COLLATE=latin1_swedish_ci;

-- --------------------------------------------------------

--
-- Table structure for table `bankb`
--

CREATE TABLE `bankb` (
  `id` int(100) NOT NULL,
  `group` varchar(100) CHARACTER SET utf8 COLLATE utf8_general_ci DEFAULT NULL,
  `status` varchar(100) CHARACTER SET utf8 COLLATE utf8_general_ci DEFAULT NULL,
  `hospital_id` varchar(100) CHARACTER SET utf8 COLLATE utf8_general_ci DEFAULT NULL
) ENGINE=MyISAM DEFAULT CHARSET=latin1 COLLATE=latin1_swedish_ci;

--
-- Dumping data for table `bankb`
--

INSERT INTO `bankb` (`id`, `group`, `status`, `hospital_id`) VALUES
(1, 'A+', '0 Bags', '416'),
(2, 'A-', '0 Bags', '416'),
(3, 'B+', '0 Bags', '416'),
(4, 'B-', '0 Bags', '416'),
(5, 'AB+', '0 Bags', '416'),
(6, 'AB-', '0 Bags', '416'),
(7, 'O+', '0 Bags', '416'),
(8, 'O-', '0 Bags', '416'),
(224, 'O-', '0 Bags', '451'),
(223, 'O+', '0 Bags', '451'),
(222, 'AB-', '0 Bags', '451'),
(221, 'AB+', '0 Bags', '451'),
(220, 'B-', '0 Bags', '451'),
(219, 'B+', '0 Bags', '451'),
(218, 'A-', '0 Bags', '451'),
(217, 'A+', '0 Bags', '451'),
(225, 'A+', '0 Bags', '452'),
(226, 'A-', '0 Bags', '452'),
(227, 'B+', '0 Bags', '452'),
(228, 'B-', '0 Bags', '452'),
(229, 'AB+', '0 Bags', '452'),
(230, 'AB-', '0 Bags', '452'),
(231, 'O+', '0 Bags', '452'),
(232, 'O-', '0 Bags', '452'),
(233, 'A+', '0 Bags', '453'),
(234, 'A-', '0 Bags', '453'),
(235, 'B+', '0 Bags', '453'),
(236, 'B-', '0 Bags', '453'),
(237, 'AB+', '0 Bags', '453'),
(238, 'AB-', '0 Bags', '453'),
(239, 'O+', '0 Bags', '453'),
(240, 'O-', '0 Bags', '453'),
(241, 'A+', '0 Bags', '454'),
(242, 'A-', '0 Bags', '454'),
(243, 'B+', '0 Bags', '454'),
(244, 'B-', '0 Bags', '454'),
(245, 'AB+', '0 Bags', '454'),
(246, 'AB-', '0 Bags', '454'),
(247, 'O+', '0 Bags', '454'),
(248, 'O-', '0 Bags', '454'),
(249, 'A+', '0 Bags', '455'),
(250, 'A-', '0 Bags', '455'),
(251, 'B+', '0 Bags', '455'),
(252, 'B-', '0 Bags', '455'),
(253, 'AB+', '0 Bags', '455'),
(254, 'AB-', '0 Bags', '455'),
(255, 'O+', '0 Bags', '455'),
(256, 'O-', '0 Bags', '455'),
(257, 'A+', '0 Bags', '456'),
(258, 'A-', '0 Bags', '456'),
(259, 'B+', '0 Bags', '456'),
(260, 'B-', '0 Bags', '456'),
(261, 'AB+', '0 Bags', '456'),
(262, 'AB-', '0 Bags', '456'),
(263, 'O+', '0 Bags', '456'),
(264, 'O-', '0 Bags', '456');

-- --------------------------------------------------------

--
-- Table structure for table `bed`
--

CREATE TABLE `bed` (
  `id` int(10) NOT NULL,
  `category` varchar(100) CHARACTER SET utf8 COLLATE utf8_general_ci DEFAULT NULL,
  `number` varchar(100) CHARACTER SET utf8 COLLATE utf8_general_ci DEFAULT NULL,
  `description` varchar(100) CHARACTER SET utf8 COLLATE utf8_general_ci DEFAULT NULL,
  `last_a_time` varchar(100) CHARACTER SET utf8 COLLATE utf8_general_ci DEFAULT NULL,
  `last_d_time` varchar(100) CHARACTER SET utf8 COLLATE utf8_general_ci DEFAULT NULL,
  `status` varchar(100) CHARACTER SET utf8 COLLATE utf8_general_ci DEFAULT NULL,
  `bed_id` varchar(100) CHARACTER SET utf8 COLLATE utf8_general_ci DEFAULT NULL,
  `hospital_id` varchar(100) CHARACTER SET utf8 COLLATE utf8_general_ci DEFAULT NULL
) ENGINE=MyISAM DEFAULT CHARSET=latin1 COLLATE=latin1_swedish_ci;

-- --------------------------------------------------------

--
-- Table structure for table `bed_category`
--

CREATE TABLE `bed_category` (
  `id` int(100) NOT NULL,
  `category` varchar(100) CHARACTER SET utf8 COLLATE utf8_general_ci DEFAULT NULL,
  `description` varchar(100) CHARACTER SET utf8 COLLATE utf8_general_ci DEFAULT NULL,
  `hospital_id` varchar(100) CHARACTER SET utf8 COLLATE utf8_general_ci DEFAULT NULL
) ENGINE=MyISAM DEFAULT CHARSET=latin1 COLLATE=latin1_swedish_ci;

--
-- Dumping data for table `bed_category`
--

INSERT INTO `bed_category` (`id`, `category`, `description`, `hospital_id`) VALUES
(6, 'Icu', '10 beds', '416'),
(7, 'Ccu', '10 beds', '416'),
(8, 'Children', '5 beds', '416'),
(10, 'General Ward', '50 beds', '416');

-- --------------------------------------------------------

--
-- Table structure for table `department`
--

CREATE TABLE `department` (
  `id` int(10) NOT NULL,
  `name` varchar(100) CHARACTER SET utf8 COLLATE utf8_general_ci DEFAULT NULL,
  `description` varchar(1000) CHARACTER SET utf8 COLLATE utf8_general_ci DEFAULT NULL,
  `x` varchar(10) CHARACTER SET utf8 COLLATE utf8_general_ci DEFAULT NULL,
  `y` varchar(10) CHARACTER SET utf8 COLLATE utf8_general_ci DEFAULT NULL,
  `hospital_id` varchar(100) CHARACTER SET utf8 COLLATE utf8_general_ci DEFAULT NULL
) ENGINE=MyISAM DEFAULT CHARSET=latin1 COLLATE=latin1_swedish_ci;

--
-- Dumping data for table `department`
--

INSERT INTO `department` (`id`, `name`, `description`, `x`, `y`, `hospital_id`) VALUES
(12, 'Cardiology', '<p>This department provides medical care to patients who have problems with their heart or circulation. It treats people on an inpatient and outpatient basis. </p>\n', '', '', '416'),
(15, 'Diagnostic imaging', 'Formerly known as X-ray, this department provides a full range of diagnostic imaging services including:\n\n', '', '', '416'),
(17, 'Ear nose and throat (ENT)', 'Ear nose and throat (ENT)\nThe ENT department provides care for patients with a variety of problems, including:\ngeneral ear, nose and throat diseases\nneck lumps\ncancers of the head and neck area\ntear duct problems\nfacial skin lesions\nbalance and hearing disorders\nsnoring and sleep apnoea\nENT allergy problems\nsalivary gland diseases\nvoice disorders.\n', '', '', '416'),
(20, 'General surgery', 'The general surgery ward covers a wide range of surgery.', '', '', '416'),
(23, 'Maternity departments', 'Women now have a choice of who leads their maternity care and where they give birth. Care can be led by a consultant, a GP or a midwife.\n\n', '', '', '416'),
(24, 'Microbiology', 'The microbiology department looks at all aspects of microbiology, such as bacterial and viral infections.\n\n', '', '', '416'),
(26, 'Nephrology', 'This department monitors and assesses patients with kidney (renal) problems.\n', '', '', '416'),
(27, 'Neurology', 'This unit deals with disorders of the nervous system, including the brain and spinal cord. It\'s run by doctors who specialise in this area (neurologists) and their staff.\n\n', '', '', '416'),
(28, 'Nutrition and dietetics', 'Trained dieticians and nutritionists provide specialist advice on diet for hospital wards and outpatient clinics, forming part of a multidisciplinary team.\n\n', '', '', '416'),
(32, 'Occupational therapy', 'This profession helps people who are physically or mentally impaired, including temporary disability after medical treatment. It practices in the fields of both healthcare and social care.\n\n', '', '', '416'),
(33, 'Oncology', 'This department provides radiotherapy and a full range of chemotherapy treatments for cancerous tumours and blood disorders.\n\n', '', '', '416'),
(34, 'Ophthalmology', 'Eye departments provide a range of ophthalmic services for adults and children,\n\n', '', '', '416'),
(35, 'Orthopaedics', 'Orthopaedic departments treat problems that affect your musculoskeletal system. That\'s your muscles, joints, bones, ligaments, tendons and nerves.\n\n', '', '', '416'),
(36, 'Pain management clinics', 'Usually run by consultant anaesthetists, these clinics aim to help treat patients with severe long-term pain that appears resistant to normal treatments.\n', '', '', '416'),
(38, 'Physiotherapy', 'Physiotherapists promote body healing, for example after surgery, through therapies such as exercise and manipulation.\n\n', '', '', '416'),
(39, 'Radiotherapy', 'Radiotherapy\nRun by a combination of consultant doctors and specially trained radiotherapists, this department provides radiotherapy (X-ray) treatment for conditions such as malignant tumours and cancer.\n\n', '', '', '416'),
(40, 'Renal unit', 'Closely linked with nephrology teams at hospitals, these units provide haemodialysis treatment for patients with kidney failure. Many of these patients are on waiting lists for a kidney transplant.\n\n', '', '', '416'),
(41, 'Rheumatology', 'Specialist doctors called rheumatologists run the unit and are experts in the field of musculoskeletal disorders (bones, joints, ligaments, tendons, muscles and nerves).\n\n', '', '', '416'),
(42, 'Sexual health (genitourinary medicine)', 'This department provides a free and confidential service offering:\nadvice, testing and treatment for all sexually transmitted infections (STIs)\nfamily planning care (including emergency contraception and free condoms)\npregnancy testing and advice.\nIt also provides care and support for other sexual and genital problems.\nPatients are usually able to phone the department directly for an appointment and don\'t need a referral letter from their GP.\n\n\n', '', '', '416'),
(43, 'Urology', '<p>The urology department is run by consultant urology surgeons and their surgical teams. It investigates all areas linked to kidney and bladder-based problems.</p>\n', '', '', '416'),
(51, 'Department Name 1', '<p>Description 1</p>\n', '', '', '416'),
(52, 'Department Name 2', '<p>Department Name 2</p>\n', '', '', '449');

-- --------------------------------------------------------

--
-- Table structure for table `diagnostic_report`
--

CREATE TABLE `diagnostic_report` (
  `id` int(100) NOT NULL,
  `date` varchar(100) CHARACTER SET utf8 COLLATE utf8_general_ci DEFAULT NULL,
  `invoice` varchar(100) CHARACTER SET utf8 COLLATE utf8_general_ci DEFAULT NULL,
  `report` varchar(10000) CHARACTER SET utf8 COLLATE utf8_general_ci DEFAULT NULL,
  `status` varchar(100) CHARACTER SET utf8 COLLATE utf8_general_ci DEFAULT NULL,
  `hospital_id` varchar(100) CHARACTER SET utf8 COLLATE utf8_general_ci DEFAULT NULL
) ENGINE=MyISAM DEFAULT CHARSET=latin1 COLLATE=latin1_swedish_ci;

-- --------------------------------------------------------

--
-- Table structure for table `doctor`
--

CREATE TABLE `doctor` (
  `id` int(10) NOT NULL,
  `img_url` varchar(100) CHARACTER SET utf8 COLLATE utf8_general_ci DEFAULT NULL,
  `name` varchar(100) CHARACTER SET utf8 COLLATE utf8_general_ci DEFAULT NULL,
  `email` varchar(100) CHARACTER SET utf8 COLLATE utf8_general_ci DEFAULT NULL,
  `address` varchar(100) CHARACTER SET utf8 COLLATE utf8_general_ci DEFAULT NULL,
  `phone` varchar(100) CHARACTER SET utf8 COLLATE utf8_general_ci DEFAULT NULL,
  `department` varchar(100) CHARACTER SET utf8 COLLATE utf8_general_ci DEFAULT NULL,
  `profile` varchar(100) CHARACTER SET utf8 COLLATE utf8_general_ci DEFAULT NULL,
  `x` varchar(100) CHARACTER SET utf8 COLLATE utf8_general_ci DEFAULT NULL,
  `y` varchar(10) CHARACTER SET utf8 COLLATE utf8_general_ci DEFAULT NULL,
  `ion_user_id` varchar(100) CHARACTER SET utf8 COLLATE utf8_general_ci DEFAULT NULL,
  `hospital_id` varchar(100) CHARACTER SET utf8 COLLATE utf8_general_ci DEFAULT NULL
) ENGINE=MyISAM DEFAULT CHARSET=latin1 COLLATE=latin1_swedish_ci;

--
-- Dumping data for table `doctor`
--

INSERT INTO `doctor` (`id`, `img_url`, `name`, `email`, `address`, `phone`, `department`, `profile`, `x`, `y`, `ion_user_id`, `hospital_id`) VALUES
(149, '', 'Mr Doctor', 'doctor@hms.com', 'Colegepara, Rajbari', '+0123456789', 'Cardiology', 'Cardiac Specialized', '', '', '751', '416');

-- --------------------------------------------------------

--
-- Table structure for table `donor`
--

CREATE TABLE `donor` (
  `id` int(100) NOT NULL,
  `name` varchar(100) CHARACTER SET utf8 COLLATE utf8_general_ci DEFAULT NULL,
  `group` varchar(10) CHARACTER SET utf8 COLLATE utf8_general_ci DEFAULT NULL,
  `age` varchar(10) CHARACTER SET utf8 COLLATE utf8_general_ci DEFAULT NULL,
  `sex` varchar(10) CHARACTER SET utf8 COLLATE utf8_general_ci DEFAULT NULL,
  `ldd` varchar(100) CHARACTER SET utf8 COLLATE utf8_general_ci DEFAULT NULL,
  `phone` varchar(100) CHARACTER SET utf8 COLLATE utf8_general_ci DEFAULT NULL,
  `email` varchar(100) CHARACTER SET utf8 COLLATE utf8_general_ci DEFAULT NULL,
  `add_date` varchar(100) CHARACTER SET utf8 COLLATE utf8_general_ci DEFAULT NULL,
  `hospital_id` varchar(100) CHARACTER SET utf8 COLLATE utf8_general_ci DEFAULT NULL
) ENGINE=MyISAM DEFAULT CHARSET=latin1 COLLATE=latin1_swedish_ci;

-- --------------------------------------------------------

--
-- Table structure for table `email`
--

CREATE TABLE `email` (
  `id` int(100) NOT NULL,
  `subject` varchar(100) CHARACTER SET utf8 COLLATE utf8_general_ci DEFAULT NULL,
  `date` varchar(100) CHARACTER SET utf8 COLLATE utf8_general_ci DEFAULT NULL,
  `message` varchar(10000) CHARACTER SET utf8 COLLATE utf8_general_ci DEFAULT NULL,
  `reciepient` varchar(100) CHARACTER SET utf8 COLLATE utf8_general_ci DEFAULT NULL,
  `user` varchar(100) CHARACTER SET utf8 COLLATE utf8_general_ci DEFAULT NULL,
  `hospital_id` varchar(100) CHARACTER SET utf8 COLLATE utf8_general_ci DEFAULT NULL
) ENGINE=MyISAM DEFAULT CHARSET=latin1 COLLATE=latin1_swedish_ci;

-- --------------------------------------------------------

--
-- Table structure for table `email_settings`
--

CREATE TABLE `email_settings` (
  `id` int(100) NOT NULL,
  `admin_email` varchar(100) CHARACTER SET utf8 COLLATE utf8_general_ci DEFAULT NULL,
  `type` varchar(100) CHARACTER SET utf8 COLLATE utf8_general_ci DEFAULT NULL,
  `user` varchar(100) CHARACTER SET utf8 COLLATE utf8_general_ci DEFAULT NULL,
  `password` varchar(100) CHARACTER SET utf8 COLLATE utf8_general_ci DEFAULT NULL,
  `hospital_id` varchar(100) CHARACTER SET utf8 COLLATE utf8_general_ci DEFAULT NULL
) ENGINE=MyISAM DEFAULT CHARSET=latin1 COLLATE=latin1_swedish_ci;

--
-- Dumping data for table `email_settings`
--

INSERT INTO `email_settings` (`id`, `admin_email`, `type`, `user`, `password`, `hospital_id`) VALUES
(19, 'admin@rajbari-bazar.com', '', '', '', '416'),
(21, 'Admin Email', NULL, NULL, NULL, '452'),
(22, 'Admin Email', NULL, NULL, NULL, '453'),
(23, 'Admin Email', NULL, NULL, NULL, '454'),
(24, 'Admin Email', NULL, NULL, NULL, '455'),
(25, 'Admin Email', NULL, NULL, NULL, '456');

-- --------------------------------------------------------

--
-- Table structure for table `expense`
--

CREATE TABLE `expense` (
  `id` int(10) NOT NULL,
  `category` varchar(100) CHARACTER SET utf8 COLLATE utf8_general_ci DEFAULT NULL,
  `date` varchar(100) CHARACTER SET utf8 COLLATE utf8_general_ci DEFAULT NULL,
  `note` varchar(1000) CHARACTER SET utf8 COLLATE utf8_general_ci DEFAULT NULL,
  `amount` varchar(100) CHARACTER SET utf8 COLLATE utf8_general_ci DEFAULT NULL,
  `user` varchar(100) CHARACTER SET utf8 COLLATE utf8_general_ci DEFAULT NULL,
  `hospital_id` varchar(100) CHARACTER SET utf8 COLLATE utf8_general_ci DEFAULT NULL
) ENGINE=MyISAM DEFAULT CHARSET=latin1 COLLATE=latin1_swedish_ci;

-- --------------------------------------------------------

--
-- Table structure for table `expense_category`
--

CREATE TABLE `expense_category` (
  `id` int(10) NOT NULL,
  `category` varchar(100) CHARACTER SET utf8 COLLATE utf8_general_ci DEFAULT NULL,
  `description` varchar(100) CHARACTER SET utf8 COLLATE utf8_general_ci DEFAULT NULL,
  `x` varchar(100) CHARACTER SET utf8 COLLATE utf8_general_ci DEFAULT NULL,
  `y` varchar(100) CHARACTER SET utf8 COLLATE utf8_general_ci DEFAULT NULL,
  `hospital_id` varchar(100) CHARACTER SET utf8 COLLATE utf8_general_ci DEFAULT NULL
) ENGINE=MyISAM DEFAULT CHARSET=latin1 COLLATE=latin1_swedish_ci;

-- --------------------------------------------------------

--
-- Table structure for table `featured`
--

CREATE TABLE `featured` (
  `id` int(100) NOT NULL,
  `img_url` varchar(1000) CHARACTER SET utf8 COLLATE utf8_general_ci DEFAULT NULL,
  `name` varchar(100) CHARACTER SET utf8 COLLATE utf8_general_ci DEFAULT NULL,
  `profile` varchar(100) CHARACTER SET utf8 COLLATE utf8_general_ci DEFAULT NULL,
  `description` varchar(1000) CHARACTER SET utf8 COLLATE utf8_general_ci DEFAULT NULL
) ENGINE=MyISAM DEFAULT CHARSET=latin1 COLLATE=latin1_swedish_ci;

-- --------------------------------------------------------

--
-- Table structure for table `groups`
--

CREATE TABLE `groups` (
  `id` mediumint(8) UNSIGNED NOT NULL,
  `name` varchar(20) NOT NULL,
  `description` varchar(100) NOT NULL
) ENGINE=InnoDB DEFAULT CHARSET=utf8 COLLATE=utf8_general_ci;

--
-- Dumping data for table `groups`
--

INSERT INTO `groups` (`id`, `name`, `description`) VALUES
(1, 'superadmin', 'Super Admin'),
(2, 'members', 'General User'),
(3, 'Accountant', 'For Financial Activities'),
(4, 'Doctor', ''),
(5, 'Patient', ''),
(6, 'Nurse', ''),
(7, 'Pharmacist', ''),
(8, 'Laboratorist', ''),
(10, 'Receptionist', 'Receptionist'),
(11, 'admin', 'Administrator');

-- --------------------------------------------------------

--
-- Table structure for table `holidays`
--

CREATE TABLE `holidays` (
  `id` int(100) NOT NULL,
  `doctor` varchar(100) CHARACTER SET utf8 COLLATE utf8_general_ci DEFAULT NULL,
  `date` varchar(100) CHARACTER SET utf8 COLLATE utf8_general_ci DEFAULT NULL,
  `x` varchar(100) CHARACTER SET utf8 COLLATE utf8_general_ci DEFAULT NULL,
  `y` varchar(100) CHARACTER SET utf8 COLLATE utf8_general_ci DEFAULT NULL,
  `hospital_id` varchar(100) CHARACTER SET utf8 COLLATE utf8_general_ci DEFAULT NULL
) ENGINE=MyISAM DEFAULT CHARSET=latin1 COLLATE=latin1_swedish_ci;

-- --------------------------------------------------------

--
-- Table structure for table `hospital`
--

CREATE TABLE `hospital` (
  `id` int(100) NOT NULL,
  `name` varchar(500) CHARACTER SET utf8 COLLATE utf8_general_ci DEFAULT NULL,
  `email` varchar(500) CHARACTER SET utf8 COLLATE utf8_general_ci DEFAULT NULL,
  `password` varchar(500) CHARACTER SET utf8 COLLATE utf8_general_ci DEFAULT NULL,
  `address` varchar(500) CHARACTER SET utf8 COLLATE utf8_general_ci DEFAULT NULL,
  `phone` varchar(500) CHARACTER SET utf8 COLLATE utf8_general_ci DEFAULT NULL,
  `package` varchar(100) CHARACTER SET utf8 COLLATE utf8_general_ci DEFAULT NULL,
  `p_limit` varchar(100) CHARACTER SET utf8 COLLATE utf8_general_ci DEFAULT NULL,
  `d_limit` varchar(100) CHARACTER SET utf8 COLLATE utf8_general_ci DEFAULT NULL,
  `module` varchar(1000) CHARACTER SET utf8 COLLATE utf8_general_ci DEFAULT NULL,
  `ion_user_id` varchar(100) CHARACTER SET utf8 COLLATE utf8_general_ci DEFAULT NULL
) ENGINE=MyISAM DEFAULT CHARSET=latin1 COLLATE=latin1_swedish_ci;

--
-- Dumping data for table `hospital`
--

INSERT INTO `hospital` (`id`, `name`, `email`, `password`, `address`, `phone`, `package`, `p_limit`, `d_limit`, `module`, `ion_user_id`) VALUES
(416, 'Hospital', 'admin@hms.com', '', 'Colegepara, Rajbari', '+0123456789', '', '1000', '500', 'accountant,appointment,lab,bed,department,doctor,donor,finance,pharmacy,laboratorist,medicine,nurse,patient,pharmacist,prescription,receptionist,report,notice,email,sms', '2');

-- --------------------------------------------------------

--
-- Table structure for table `lab`
--

CREATE TABLE `lab` (
  `id` int(100) NOT NULL,
  `category` varchar(100) CHARACTER SET utf8 COLLATE utf8_general_ci DEFAULT NULL,
  `patient` varchar(100) CHARACTER SET utf8 COLLATE utf8_general_ci DEFAULT NULL,
  `doctor` varchar(100) CHARACTER SET utf8 COLLATE utf8_general_ci DEFAULT NULL,
  `date` varchar(100) CHARACTER SET utf8 COLLATE utf8_general_ci DEFAULT NULL,
  `category_name` varchar(1000) CHARACTER SET utf8 COLLATE utf8_general_ci DEFAULT NULL,
  `report` varchar(10000) CHARACTER SET utf8 COLLATE utf8_general_ci DEFAULT NULL,
  `status` varchar(100) CHARACTER SET utf8 COLLATE utf8_general_ci DEFAULT NULL,
  `user` varchar(100) CHARACTER SET utf8 COLLATE utf8_general_ci DEFAULT NULL,
  `patient_name` varchar(100) CHARACTER SET utf8 COLLATE utf8_general_ci DEFAULT NULL,
  `patient_phone` varchar(100) CHARACTER SET utf8 COLLATE utf8_general_ci DEFAULT NULL,
  `patient_address` varchar(100) CHARACTER SET utf8 COLLATE utf8_general_ci DEFAULT NULL,
  `doctor_name` varchar(100) CHARACTER SET utf8 COLLATE utf8_general_ci DEFAULT NULL,
  `date_string` varchar(100) CHARACTER SET utf8 COLLATE utf8_general_ci DEFAULT NULL,
  `hospital_id` varchar(100) CHARACTER SET utf8 COLLATE utf8_general_ci DEFAULT NULL
) ENGINE=MyISAM DEFAULT CHARSET=latin1 COLLATE=latin1_swedish_ci;

-- --------------------------------------------------------

--
-- Table structure for table `laboratorist`
--

CREATE TABLE `laboratorist` (
  `id` int(100) NOT NULL,
  `img_url` varchar(100) CHARACTER SET utf8 COLLATE utf8_general_ci DEFAULT NULL,
  `name` varchar(100) CHARACTER SET utf8 COLLATE utf8_general_ci DEFAULT NULL,
  `email` varchar(100) CHARACTER SET utf8 COLLATE utf8_general_ci DEFAULT NULL,
  `address` varchar(100) CHARACTER SET utf8 COLLATE utf8_general_ci DEFAULT NULL,
  `phone` varchar(100) CHARACTER SET utf8 COLLATE utf8_general_ci DEFAULT NULL,
  `x` varchar(100) CHARACTER SET utf8 COLLATE utf8_general_ci DEFAULT NULL,
  `y` varchar(100) CHARACTER SET utf8 COLLATE utf8_general_ci DEFAULT NULL,
  `ion_user_id` varchar(100) CHARACTER SET utf8 COLLATE utf8_general_ci DEFAULT NULL,
  `hospital_id` varchar(100) CHARACTER SET utf8 COLLATE utf8_general_ci DEFAULT NULL
) ENGINE=MyISAM DEFAULT CHARSET=latin1 COLLATE=latin1_swedish_ci;

--
-- Dumping data for table `laboratorist`
--

INSERT INTO `laboratorist` (`id`, `img_url`, `name`, `email`, `address`, `phone`, `x`, `y`, `ion_user_id`, `hospital_id`) VALUES
(4, '', 'Mr Laboratorist', 'laboratorist@hms.com', 'Colegepara, Rajbari', '+0123456789', '', '', '754', '416');

-- --------------------------------------------------------

--
-- Table structure for table `lab_category`
--

CREATE TABLE `lab_category` (
  `id` int(10) NOT NULL,
  `category` varchar(100) CHARACTER SET utf8 COLLATE utf8_general_ci DEFAULT NULL,
  `description` varchar(100) CHARACTER SET utf8 COLLATE utf8_general_ci DEFAULT NULL,
  `reference_value` varchar(1000) CHARACTER SET utf8 COLLATE utf8_general_ci DEFAULT NULL,
  `hospital_id` varchar(100) CHARACTER SET utf8 COLLATE utf8_general_ci DEFAULT NULL
) ENGINE=MyISAM DEFAULT CHARSET=latin1 COLLATE=latin1_swedish_ci;

-- --------------------------------------------------------

--
-- Table structure for table `login_attempts`
--

CREATE TABLE `login_attempts` (
  `id` int(11) UNSIGNED NOT NULL,
  `ip_address` varchar(15) NOT NULL,
  `login` varchar(100) NOT NULL,
  `time` int(11) UNSIGNED DEFAULT NULL
) ENGINE=InnoDB DEFAULT CHARSET=utf8 COLLATE=utf8_general_ci;

-- --------------------------------------------------------

--
-- Table structure for table `medical_history`
--

CREATE TABLE `medical_history` (
  `id` int(100) NOT NULL,
  `patient_id` varchar(100) CHARACTER SET utf8 COLLATE utf8_general_ci DEFAULT NULL,
  `title` varchar(100) CHARACTER SET utf8 COLLATE utf8_general_ci DEFAULT NULL,
  `description` varchar(10000) CHARACTER SET utf8 COLLATE utf8_general_ci DEFAULT NULL,
  `patient_name` varchar(100) CHARACTER SET utf8 COLLATE utf8_general_ci DEFAULT NULL,
  `patient_address` varchar(500) CHARACTER SET utf8 COLLATE utf8_general_ci DEFAULT NULL,
  `patient_phone` varchar(100) CHARACTER SET utf8 COLLATE utf8_general_ci DEFAULT NULL,
  `img_url` varchar(500) CHARACTER SET utf8 COLLATE utf8_general_ci DEFAULT NULL,
  `date` varchar(100) CHARACTER SET utf8 COLLATE utf8_general_ci DEFAULT NULL,
  `registration_time` varchar(100) CHARACTER SET utf8 COLLATE utf8_general_ci DEFAULT NULL,
  `hospital_id` varchar(100) CHARACTER SET utf8 COLLATE utf8_general_ci DEFAULT NULL
) ENGINE=MyISAM DEFAULT CHARSET=latin1 COLLATE=latin1_swedish_ci;

-- --------------------------------------------------------

--
-- Table structure for table `medicine`
--

CREATE TABLE `medicine` (
  `id` int(100) NOT NULL,
  `name` varchar(100) CHARACTER SET utf8 COLLATE utf8_general_ci DEFAULT NULL,
  `category` varchar(100) CHARACTER SET utf8 COLLATE utf8_general_ci DEFAULT NULL,
  `price` varchar(100) CHARACTER SET utf8 COLLATE utf8_general_ci DEFAULT NULL,
  `box` varchar(100) CHARACTER SET utf8 COLLATE utf8_general_ci DEFAULT NULL,
  `s_price` varchar(100) CHARACTER SET utf8 COLLATE utf8_general_ci DEFAULT NULL,
  `quantity` int(100) DEFAULT NULL,
  `generic` varchar(100) CHARACTER SET utf8 COLLATE utf8_general_ci DEFAULT NULL,
  `company` varchar(100) CHARACTER SET utf8 COLLATE utf8_general_ci DEFAULT NULL,
  `effects` varchar(100) CHARACTER SET utf8 COLLATE utf8_general_ci DEFAULT NULL,
  `e_date` varchar(70) CHARACTER SET utf8 COLLATE utf8_general_ci DEFAULT NULL,
  `add_date` varchar(100) CHARACTER SET utf8 COLLATE utf8_general_ci DEFAULT NULL,
  `hospital_id` varchar(100) DEFAULT NULL
) ENGINE=MyISAM DEFAULT CHARSET=latin1 COLLATE=latin1_swedish_ci;

-- --------------------------------------------------------

--
-- Table structure for table `medicine_category`
--

CREATE TABLE `medicine_category` (
  `id` int(100) NOT NULL,
  `category` varchar(100) CHARACTER SET utf8 COLLATE utf8_general_ci DEFAULT NULL,
  `description` varchar(100) CHARACTER SET utf8 COLLATE utf8_general_ci DEFAULT NULL,
  `hospital_id` varchar(100) CHARACTER SET utf8 COLLATE utf8_general_ci DEFAULT NULL
) ENGINE=MyISAM DEFAULT CHARSET=latin1 COLLATE=latin1_swedish_ci;

-- --------------------------------------------------------

--
-- Table structure for table `module`
--

CREATE TABLE `module` (
  `id` int(100) NOT NULL,
  `hospital_id` varchar(100) CHARACTER SET utf8 COLLATE utf8_general_ci DEFAULT NULL,
  `modules` varchar(1000) CHARACTER SET utf8 COLLATE utf8_general_ci DEFAULT NULL,
  `x` varchar(100) CHARACTER SET utf8 COLLATE utf8_general_ci DEFAULT NULL,
  `y` varchar(100) CHARACTER SET utf8 COLLATE utf8_general_ci DEFAULT NULL
) ENGINE=MyISAM DEFAULT CHARSET=latin1 COLLATE=latin1_swedish_ci;

-- --------------------------------------------------------

--
-- Table structure for table `notice`
--

CREATE TABLE `notice` (
  `id` int(100) NOT NULL,
  `title` varchar(500) CHARACTER SET utf8 COLLATE utf8_general_ci DEFAULT NULL,
  `description` varchar(100) CHARACTER SET utf8 COLLATE utf8_general_ci DEFAULT NULL,
  `date` varchar(100) CHARACTER SET utf8 COLLATE utf8_general_ci DEFAULT NULL,
  `type` varchar(100) CHARACTER SET utf8 COLLATE utf8_general_ci DEFAULT NULL,
  `hospital_id` varchar(100) CHARACTER SET utf8 COLLATE utf8_general_ci DEFAULT NULL
) ENGINE=MyISAM DEFAULT CHARSET=latin1 COLLATE=latin1_swedish_ci;

-- --------------------------------------------------------

--
-- Table structure for table `nurse`
--

CREATE TABLE `nurse` (
  `id` int(100) NOT NULL,
  `img_url` varchar(100) CHARACTER SET utf8 COLLATE utf8_general_ci DEFAULT NULL,
  `name` varchar(100) CHARACTER SET utf8 COLLATE utf8_general_ci DEFAULT NULL,
  `email` varchar(100) CHARACTER SET utf8 COLLATE utf8_general_ci DEFAULT NULL,
  `address` varchar(100) CHARACTER SET utf8 COLLATE utf8_general_ci DEFAULT NULL,
  `phone` varchar(100) CHARACTER SET utf8 COLLATE utf8_general_ci DEFAULT NULL,
  `x` varchar(100) CHARACTER SET utf8 COLLATE utf8_general_ci DEFAULT NULL,
  `y` varchar(100) CHARACTER SET utf8 COLLATE utf8_general_ci DEFAULT NULL,
  `z` varchar(100) CHARACTER SET utf8 COLLATE utf8_general_ci DEFAULT NULL,
  `ion_user_id` varchar(100) CHARACTER SET utf8 COLLATE utf8_general_ci DEFAULT NULL,
  `hospital_id` varchar(100) CHARACTER SET utf8 COLLATE utf8_general_ci DEFAULT NULL
) ENGINE=MyISAM DEFAULT CHARSET=latin1 COLLATE=latin1_swedish_ci;

--
-- Dumping data for table `nurse`
--

INSERT INTO `nurse` (`id`, `img_url`, `name`, `email`, `address`, `phone`, `x`, `y`, `z`, `ion_user_id`, `hospital_id`) VALUES
(13, '', 'Mrs Nurse', 'nurse@hms.com', 'Colegepara, Rajbari', '+0123456789', '', '', '', '752', '416');

-- --------------------------------------------------------

--
-- Table structure for table `ot_payment`
--

CREATE TABLE `ot_payment` (
  `id` int(100) NOT NULL,
  `patient` varchar(100) CHARACTER SET utf8 COLLATE utf8_general_ci DEFAULT NULL,
  `doctor_c_s` varchar(100) CHARACTER SET utf8 COLLATE utf8_general_ci DEFAULT NULL,
  `doctor_a_s_1` varchar(100) CHARACTER SET utf8 COLLATE utf8_general_ci DEFAULT NULL,
  `doctor_a_s_2` varchar(100) CHARACTER SET utf8 COLLATE utf8_general_ci DEFAULT NULL,
  `doctor_anaes` varchar(100) CHARACTER SET utf8 COLLATE utf8_general_ci DEFAULT NULL,
  `n_o_o` varchar(100) CHARACTER SET utf8 COLLATE utf8_general_ci DEFAULT NULL,
  `c_s_f` varchar(100) CHARACTER SET utf8 COLLATE utf8_general_ci DEFAULT NULL,
  `a_s_f_1` varchar(100) CHARACTER SET utf8 COLLATE utf8_general_ci DEFAULT NULL,
  `a_s_f_2` varchar(11) CHARACTER SET utf8 COLLATE utf8_general_ci DEFAULT NULL,
  `anaes_f` varchar(100) CHARACTER SET utf8 COLLATE utf8_general_ci DEFAULT NULL,
  `ot_charge` varchar(100) CHARACTER SET utf8 COLLATE utf8_general_ci DEFAULT NULL,
  `cab_rent` varchar(100) CHARACTER SET utf8 COLLATE utf8_general_ci DEFAULT NULL,
  `seat_rent` varchar(100) CHARACTER SET utf8 COLLATE utf8_general_ci DEFAULT NULL,
  `others` varchar(100) CHARACTER SET utf8 COLLATE utf8_general_ci DEFAULT NULL,
  `discount` varchar(100) CHARACTER SET utf8 COLLATE utf8_general_ci DEFAULT NULL,
  `date` varchar(100) CHARACTER SET utf8 COLLATE utf8_general_ci DEFAULT NULL,
  `amount` varchar(100) CHARACTER SET utf8 COLLATE utf8_general_ci DEFAULT NULL,
  `doctor_fees` varchar(100) CHARACTER SET utf8 COLLATE utf8_general_ci DEFAULT NULL,
  `hospital_fees` varchar(100) CHARACTER SET utf8 COLLATE utf8_general_ci DEFAULT NULL,
  `gross_total` varchar(100) CHARACTER SET utf8 COLLATE utf8_general_ci DEFAULT NULL,
  `flat_discount` varchar(100) CHARACTER SET utf8 COLLATE utf8_general_ci DEFAULT NULL,
  `amount_received` varchar(100) CHARACTER SET utf8 COLLATE utf8_general_ci DEFAULT NULL,
  `status` varchar(100) CHARACTER SET utf8 COLLATE utf8_general_ci DEFAULT NULL,
  `user` varchar(100) CHARACTER SET utf8 COLLATE utf8_general_ci DEFAULT NULL,
  `hospital_id` varchar(100) CHARACTER SET utf8 COLLATE utf8_general_ci DEFAULT NULL
) ENGINE=MyISAM DEFAULT CHARSET=latin1 COLLATE=latin1_swedish_ci;

-- --------------------------------------------------------

--
-- Table structure for table `package`
--

CREATE TABLE `package` (
  `id` int(100) NOT NULL,
  `name` varchar(100) CHARACTER SET utf8 COLLATE utf8_general_ci DEFAULT NULL,
  `price` varchar(100) CHARACTER SET utf8 COLLATE utf8_general_ci DEFAULT NULL,
  `p_limit` varchar(100) CHARACTER SET utf8 COLLATE utf8_general_ci DEFAULT NULL,
  `d_limit` varchar(100) CHARACTER SET utf8 COLLATE utf8_general_ci DEFAULT NULL,
  `module` varchar(1000) CHARACTER SET utf8 COLLATE utf8_general_ci DEFAULT NULL,
  `show_in_frontend` varchar(100) CHARACTER SET utf8 COLLATE utf8_general_ci DEFAULT NULL,
  `frontend_order` varchar(100) CHARACTER SET utf8 COLLATE utf8_general_ci DEFAULT NULL,
  `set_as_default` varchar(100) CHARACTER SET utf8 COLLATE utf8_general_ci DEFAULT NULL
) ENGINE=MyISAM DEFAULT CHARSET=latin1 COLLATE=latin1_swedish_ci;

-- --------------------------------------------------------

--
-- Table structure for table `patient`
--

CREATE TABLE `patient` (
  `id` int(100) NOT NULL,
  `img_url` varchar(100) CHARACTER SET utf8 COLLATE utf8_general_ci DEFAULT NULL,
  `name` varchar(100) CHARACTER SET utf8 COLLATE utf8_general_ci DEFAULT NULL,
  `email` varchar(1000) CHARACTER SET utf8 COLLATE utf8_general_ci DEFAULT NULL,
  `doctor` varchar(100) CHARACTER SET utf8 COLLATE utf8_general_ci DEFAULT NULL,
  `address` varchar(100) CHARACTER SET utf8 COLLATE utf8_general_ci DEFAULT NULL,
  `phone` varchar(100) CHARACTER SET utf8 COLLATE utf8_general_ci DEFAULT NULL,
  `sex` varchar(100) CHARACTER SET utf8 COLLATE utf8_general_ci DEFAULT NULL,
  `birthdate` varchar(100) CHARACTER SET utf8 COLLATE utf8_general_ci DEFAULT NULL,
  `age` varchar(100) CHARACTER SET utf8 COLLATE utf8_general_ci DEFAULT NULL,
  `bloodgroup` varchar(100) CHARACTER SET utf8 COLLATE utf8_general_ci DEFAULT NULL,
  `ion_user_id` varchar(100) CHARACTER SET utf8 COLLATE utf8_general_ci DEFAULT NULL,
  `patient_id` varchar(100) CHARACTER SET utf8 COLLATE utf8_general_ci DEFAULT NULL,
  `add_date` varchar(100) CHARACTER SET utf8 COLLATE utf8_general_ci DEFAULT NULL,
  `registration_time` varchar(100) CHARACTER SET utf8 COLLATE utf8_general_ci DEFAULT NULL,
  `how_added` varchar(100) CHARACTER SET utf8 COLLATE utf8_general_ci DEFAULT NULL,
  `hospital_id` varchar(100) CHARACTER SET utf8 COLLATE utf8_general_ci DEFAULT NULL
) ENGINE=MyISAM DEFAULT CHARSET=latin1 COLLATE=latin1_swedish_ci;

--
-- Dumping data for table `patient`
--

INSERT INTO `patient` (`id`, `img_url`, `name`, `email`, `doctor`, `address`, `phone`, `sex`, `birthdate`, `age`, `bloodgroup`, `ion_user_id`, `patient_id`, `add_date`, `registration_time`, `how_added`, `hospital_id`) VALUES
(33, '', 'Mr Patient', 'patient@hms.com', '', 'Florida', '+0123456789', 'Male', '07-07-2019', '', 'A+', '750', '727265', '07/07/19', '1562482338', '', '416');

-- --------------------------------------------------------

--
-- Table structure for table `patient_deposit`
--

CREATE TABLE `patient_deposit` (
  `id` int(10) NOT NULL,
  `patient` varchar(100) CHARACTER SET utf8 COLLATE utf8_general_ci DEFAULT NULL,
  `payment_id` varchar(100) CHARACTER SET utf8 COLLATE utf8_general_ci DEFAULT NULL,
  `date` varchar(100) CHARACTER SET utf8 COLLATE utf8_general_ci DEFAULT NULL,
  `deposited_amount` varchar(100) CHARACTER SET utf8 COLLATE utf8_general_ci DEFAULT NULL,
  `amount_received_id` varchar(100) CHARACTER SET utf8 COLLATE utf8_general_ci DEFAULT NULL,
  `deposit_type` varchar(100) CHARACTER SET utf8 COLLATE utf8_general_ci DEFAULT NULL,
  `gateway` varchar(100) CHARACTER SET utf8 COLLATE utf8_general_ci DEFAULT NULL,
  `user` varchar(100) CHARACTER SET utf8 COLLATE utf8_general_ci DEFAULT NULL,
  `hospital_id` varchar(100) CHARACTER SET utf8 COLLATE utf8_general_ci DEFAULT NULL
) ENGINE=MyISAM DEFAULT CHARSET=latin1 COLLATE=latin1_swedish_ci;

-- --------------------------------------------------------

--
-- Table structure for table `patient_material`
--

CREATE TABLE `patient_material` (
  `id` int(100) NOT NULL,
  `date` varchar(100) CHARACTER SET utf8 COLLATE utf8_general_ci DEFAULT NULL,
  `title` varchar(100) CHARACTER SET utf8 COLLATE utf8_general_ci DEFAULT NULL,
  `category` varchar(100) CHARACTER SET utf8 COLLATE utf8_general_ci DEFAULT NULL,
  `patient` varchar(100) CHARACTER SET utf8 COLLATE utf8_general_ci DEFAULT NULL,
  `patient_name` varchar(100) CHARACTER SET utf8 COLLATE utf8_general_ci DEFAULT NULL,
  `patient_address` varchar(100) CHARACTER SET utf8 COLLATE utf8_general_ci DEFAULT NULL,
  `patient_phone` varchar(100) CHARACTER SET utf8 COLLATE utf8_general_ci DEFAULT NULL,
  `url` varchar(1000) CHARACTER SET utf8 COLLATE utf8_general_ci DEFAULT NULL,
  `date_string` varchar(100) CHARACTER SET utf8 COLLATE utf8_general_ci DEFAULT NULL,
  `hospital_id` varchar(100) CHARACTER SET utf8 COLLATE utf8_general_ci DEFAULT NULL
) ENGINE=MyISAM DEFAULT CHARSET=latin1 COLLATE=latin1_swedish_ci;

-- --------------------------------------------------------

--
-- Table structure for table `payment`
--

CREATE TABLE `payment` (
  `id` int(10) NOT NULL,
  `category` varchar(100) CHARACTER SET utf8 COLLATE utf8_general_ci DEFAULT NULL,
  `patient` varchar(100) CHARACTER SET utf8 COLLATE utf8_general_ci DEFAULT NULL,
  `doctor` varchar(100) CHARACTER SET utf8 COLLATE utf8_general_ci DEFAULT NULL,
  `date` varchar(100) CHARACTER SET utf8 COLLATE utf8_general_ci DEFAULT NULL,
  `amount` varchar(100) CHARACTER SET utf8 COLLATE utf8_general_ci DEFAULT NULL,
  `vat` varchar(100) CHARACTER SET utf8 COLLATE utf8_general_ci NOT NULL DEFAULT '0',
  `x_ray` varchar(100) CHARACTER SET utf8 COLLATE utf8_general_ci DEFAULT NULL,
  `flat_vat` varchar(100) CHARACTER SET utf8 COLLATE utf8_general_ci DEFAULT NULL,
  `discount` varchar(100) CHARACTER SET utf8 COLLATE utf8_general_ci NOT NULL DEFAULT '0',
  `flat_discount` varchar(100) CHARACTER SET utf8 COLLATE utf8_general_ci DEFAULT NULL,
  `gross_total` varchar(100) CHARACTER SET utf8 COLLATE utf8_general_ci DEFAULT NULL,
  `remarks` varchar(500) CHARACTER SET utf8 COLLATE utf8_general_ci DEFAULT NULL,
  `hospital_amount` varchar(100) CHARACTER SET utf8 COLLATE utf8_general_ci DEFAULT NULL,
  `doctor_amount` varchar(100) CHARACTER SET utf8 COLLATE utf8_general_ci DEFAULT NULL,
  `category_amount` varchar(1000) CHARACTER SET utf8 COLLATE utf8_general_ci DEFAULT NULL,
  `category_name` varchar(1000) CHARACTER SET utf8 COLLATE utf8_general_ci DEFAULT NULL,
  `amount_received` varchar(100) CHARACTER SET utf8 COLLATE utf8_general_ci DEFAULT NULL,
  `deposit_type` varchar(100) CHARACTER SET utf8 COLLATE utf8_general_ci DEFAULT NULL,
  `status` varchar(100) CHARACTER SET utf8 COLLATE utf8_general_ci DEFAULT NULL,
  `user` varchar(100) CHARACTER SET utf8 COLLATE utf8_general_ci DEFAULT NULL,
  `patient_name` varchar(100) CHARACTER SET utf8 COLLATE utf8_general_ci DEFAULT NULL,
  `patient_phone` varchar(100) CHARACTER SET utf8 COLLATE utf8_general_ci DEFAULT NULL,
  `patient_address` varchar(100) CHARACTER SET utf8 COLLATE utf8_general_ci DEFAULT NULL,
  `doctor_name` varchar(100) CHARACTER SET utf8 COLLATE utf8_general_ci DEFAULT NULL,
  `date_string` varchar(100) CHARACTER SET utf8 COLLATE utf8_general_ci DEFAULT NULL,
  `hospital_id` varchar(100) CHARACTER SET utf8 COLLATE utf8_general_ci DEFAULT NULL
) ENGINE=MyISAM DEFAULT CHARSET=latin1 COLLATE=latin1_swedish_ci;

-- --------------------------------------------------------

--
-- Table structure for table `paymentgateway`
--

CREATE TABLE `paymentgateway` (
  `id` int(100) NOT NULL,
  `name` varchar(100) CHARACTER SET utf8 COLLATE utf8_general_ci DEFAULT NULL,
  `merchant_key` varchar(100) CHARACTER SET utf8 COLLATE utf8_general_ci DEFAULT NULL,
  `salt` varchar(100) CHARACTER SET utf8 COLLATE utf8_general_ci DEFAULT NULL,
  `x` varchar(100) CHARACTER SET utf8 COLLATE utf8_general_ci DEFAULT NULL,
  `y` varchar(100) CHARACTER SET utf8 COLLATE utf8_general_ci DEFAULT NULL,
  `APIUsername` varchar(100) CHARACTER SET utf8 COLLATE utf8_general_ci DEFAULT NULL,
  `APIPassword` varchar(100) CHARACTER SET utf8 COLLATE utf8_general_ci DEFAULT NULL,
  `APISignature` varchar(100) CHARACTER SET utf8 COLLATE utf8_general_ci DEFAULT NULL,
  `status` varchar(1000) CHARACTER SET utf8 COLLATE utf8_general_ci DEFAULT NULL,
  `hospital_id` varchar(100) CHARACTER SET utf8 COLLATE utf8_general_ci DEFAULT NULL
) ENGINE=MyISAM DEFAULT CHARSET=latin1 COLLATE=latin1_swedish_ci;

--
-- Dumping data for table `paymentgateway`
--

INSERT INTO `paymentgateway` (`id`, `name`, `merchant_key`, `salt`, `x`, `y`, `APIUsername`, `APIPassword`, `APISignature`, `status`, `hospital_id`) VALUES
(1, 'PayPal', '', '', '', '', 'API Username', 'API Password', 'API Signature', 'test', '416'),
(2, 'Pay U Money', 'Merchant Key', 'Salt', '', '', '', '', 'Aaw-Fd69z.JLuiq13ejMN-CsSMuuAPEXWUFPF5QW9sD22fp1hosGIFKo', 'test', '416'),
(48, 'PayPal', NULL, NULL, NULL, NULL, 'PayPal API Username', 'PayPal API Password', 'PayPal API Signature', 'test', '452'),
(49, 'Pay U Money', 'Merchant key', 'Salt', NULL, NULL, NULL, NULL, NULL, 'test', '452'),
(50, 'PayPal', NULL, NULL, NULL, NULL, 'PayPal API Username', 'PayPal API Password', 'PayPal API Signature', 'test', '453'),
(51, 'Pay U Money', 'Merchant key', 'Salt', NULL, NULL, NULL, NULL, NULL, 'test', '453'),
(52, 'PayPal', NULL, NULL, NULL, NULL, 'PayPal API Username', 'PayPal API Password', 'PayPal API Signature', 'test', '454'),
(53, 'Pay U Money', 'Merchant key', 'Salt', NULL, NULL, NULL, NULL, NULL, 'test', '454'),
(54, 'PayPal', NULL, NULL, NULL, NULL, 'PayPal API Username', 'PayPal API Password', 'PayPal API Signature', 'test', '455'),
(55, 'Pay U Money', 'Merchant key', 'Salt', NULL, NULL, NULL, NULL, NULL, 'test', '455'),
(56, 'PayPal', NULL, NULL, NULL, NULL, 'PayPal API Username', 'PayPal API Password', 'PayPal API Signature', 'test', '456'),
(57, 'Pay U Money', 'Merchant key', 'Salt', NULL, NULL, NULL, NULL, NULL, 'test', '456');

-- --------------------------------------------------------

--
-- Table structure for table `payment_category`
--

CREATE TABLE `payment_category` (
  `id` int(10) NOT NULL,
  `category` varchar(100) CHARACTER SET utf8 COLLATE utf8_general_ci DEFAULT NULL,
  `description` varchar(100) CHARACTER SET utf8 COLLATE utf8_general_ci DEFAULT NULL,
  `c_price` varchar(100) CHARACTER SET utf8 COLLATE utf8_general_ci DEFAULT NULL,
  `type` varchar(100) CHARACTER SET utf8 COLLATE utf8_general_ci DEFAULT NULL,
  `d_commission` int(100) DEFAULT NULL,
  `h_commission` int(100) DEFAULT NULL,
  `hospital_id` varchar(100) CHARACTER SET utf8 COLLATE utf8_general_ci DEFAULT NULL
) ENGINE=MyISAM DEFAULT CHARSET=latin1 COLLATE=latin1_swedish_ci;

--
-- Dumping data for table `payment_category`
--

INSERT INTO `payment_category` (`id`, `category`, `description`, `c_price`, `type`, `d_commission`, `h_commission`, `hospital_id`) VALUES
(16, 'E.C.G', 'Payments from E.C.G', '250', 'diagnostic', 30, 0, ''),
(78, 'USG - Pregnancy Pro', 'USG - Pregnancy Pro', '400', 'diagnostic', 30, 0, ''),
(19, 'Ward Fee', 'Deposits from ward', '400', 'others', 0, 0, ''),
(20, 'Admission Fees', 'Patient Admission Fees', '100', 'others', 0, 0, ''),
(23, 'Oxyzen', 'Income From Oxyzen', '0', 'others', 0, 0, ''),
(24, 'Nebulizer', 'Income From Nebulizer', '60', 'others', 0, 0, ''),
(25, 'Newspaper sell', 'Income From selling old newspaper', '0', 'others', 0, 0, ''),
(33, 'Ambulance', 'Ambulance er vara', '0', 'others', 0, 0, ''),
(34, 'HbAIc', 'gfdsegfdgd', '800', 'diagnostic', 30, 0, ''),
(35, 'Troponin-I', 'Pathological Test', '1000', 'diagnostic', 30, 0, ''),
(36, 'CBC (DIGITAL)', 'Pathological Test', '450', 'diagnostic', 30, 0, ''),
(37, 'Eosinophil', 'Pathological Test', '100', 'diagnostic', 30, 0, ''),
(38, 'Platelets', 'Pathological Test', '200', 'diagnostic', 30, 0, ''),
(39, 'Malarial Parasites (MP)', 'Pathological Test', '100', 'diagnostic', 30, 0, ''),
(40, 'BT/ CT', 'Pathological Test', '200', 'diagnostic', 30, 0, ''),
(41, 'ASO Titre', 'Pathological Test', '250', 'diagnostic', 30, 0, ''),
(42, 'CRP', 'Pathological Test', '400', 'diagnostic', 30, 0, ''),
(43, 'R/A test', 'Pathological Test', '300', 'diagnostic', 30, 0, ''),
(44, 'VDRL', 'Pathological Test', '200', 'diagnostic', 30, 0, ''),
(45, 'TPHA', 'Pathological Test', '350', 'diagnostic', 30, 0, ''),
(46, 'HBsAg (Screening)', 'Pathological Test', '300', 'diagnostic', 30, 0, ''),
(47, 'HBsAg (Confirmatory)', 'Pathological Test', '600', 'diagnostic', 30, 0, ''),
(48, 'CFT for Kala Zar', 'Pathological Test', '0', 'diagnostic', 0, 0, ''),
(49, 'CFT for Filaria', 'Pathological Test', '0', 'diagnostic', 0, 0, ''),
(50, 'Pregnancy Test', 'Pathological Test', '150', 'diagnostic', 30, 0, ''),
(51, 'Blood Grouping', 'Pathological Test', '100', 'diagnostic', 30, 0, ''),
(52, 'Widal Test', 'Pathological Test', '300', 'diagnostic', 30, 0, ''),
(53, 'RBS', 'Pathological Test', '100', 'diagnostic', 30, 0, ''),
(54, 'Blood Urea', 'Pathological Test', '250', 'diagnostic', 30, 0, ''),
(55, 'S. Creatinine', 'Pathological Test', '250', 'diagnostic', 30, 0, ''),
(56, 'S. cholesterol', 'Pathological Test', '250', 'diagnostic', 30, 0, ''),
(57, 'Fasting Lipid Profile', 'Pathological Test', '850', 'diagnostic', 30, 0, ''),
(58, 'S. Bilirubin', 'Pathological Test', '150', 'diagnostic', 30, 0, ''),
(59, 'S. Alkaline Phosohare', 'Pathological Test', '300', 'diagnostic', 30, 0, ''),
(60, 'S. Albumin', 'Pathological Test', '250', 'diagnostic', 30, 0, ''),
(61, 'S. Calcium', 'Pathological Test', '350', 'diagnostic', 30, 0, ''),
(62, 'RBS with CUS', 'Pathological Test', '160', 'diagnostic', 30, 0, ''),
(63, 'SGPT', 'Pathological Test', '300', 'diagnostic', 30, 0, ''),
(64, 'SGOT', 'Pathological Test', '300', 'diagnostic', 30, 0, ''),
(65, 'Urine for R/E', 'Pathological Test', '150', 'diagnostic', 30, 0, ''),
(66, 'Urine C/S', 'Pathological Test', '350', 'diagnostic', 30, 0, ''),
(67, 'Stool for R/E', 'Pathological Test', '150', 'diagnostic', 30, 0, ''),
(68, 'Semen Analysis', 'Pathological Test', '300', 'diagnostic', 30, 0, ''),
(69, 'S. Electrolyte', 'Pathological Test', '800', 'diagnostic', 30, 0, ''),
(70, 'S. T3/ T4/ THS', 'Pathological Test', '1000', 'diagnostic', 30, 0, ''),
(71, 'MT', 'Pathological Test', '150', 'diagnostic', 30, 0, ''),
(77, 'USG - Whole Abdomen ', 'USG - Whole Abdomen ', '400', 'diagnostic', 30, 0, ''),
(73, 'ECHO Normal', 'ksdjkfsd', '700', 'diagnostic', 30, 0, ''),
(76, 'x-ray chest', 'Normal', '200', 'diagnostic', 10, 0, ''),
(79, 'USG - KUB', 'USG - KUB', '500', 'diagnostic', 20, 0, ''),
(80, 'USG - Liver', 'USG - Liver', '400', 'diagnostic', 30, 0, ''),
(81, 'USG - Breast (Left)', 'USG - Breast (Left)', '400', 'diagnostic', 30, 0, ''),
(82, 'USG - Breast (Right)', 'USG - Breast (Right)', '400', 'diagnostic', 30, 0, ''),
(83, 'X-RAY - Ba MealS+D  ', 'X-RAY - Ba MealS+D  ', '1400', 'diagnostic', 20, 0, ''),
(84, 'X-RAY - Ba Swallo Oesopha', 'X-RAY - Ba Swallo Oesopha', '1000', 'diagnostic', 20, 0, ''),
(85, 'X-RAY - KUB                         ', 'X-RAY - KUB ', '500', 'diagnostic', 20, 0, ''),
(86, 'X-RAY - Leg Joint(B/V)(L/R)', 'X-RAY - Leg Joint(B/V)(L/R)', '500', 'diagnostic', 20, 0, ''),
(87, 'X-RAY -Knee Joint(L/R)', 'X-RAY -Knee Joint(L/R)', '500', 'diagnostic', 20, 0, ''),
(88, 'X-RAY - Finger(B/V) ', 'X-RAY - Finger(B/V) ', '350', 'diagnostic', 20, 0, ''),
(89, 'X-RAY - Wrist(B/V)(L/R) ', 'X-RAY - Wrist(B/V)(L/R) ', '350', 'diagnostic', 20, 0, ''),
(90, 'X-RAY - Hand(B/V)(L/R)                   ', 'X-RAY - Hand(B/V)(L/R)       ', '350', 'diagnostic', 20, 0, ''),
(91, 'X-RAY - Elbow(B/V)(L/R)', 'X-RAY - Elbow(B/V)(L/R)', '350', 'diagnostic', 20, 0, ''),
(92, 'X-RAY - Erm(B/V)(L/R )', 'X-RAY - Erm(B/V)(L/R )', '350', 'diagnostic', 20, 0, ''),
(93, 'X-RAY - Shoulder Joint (B/V)', 'X-RAY - Shoulder Joint (B/V)', '500', 'diagnostic', 20, 0, ''),
(94, 'X-RAY - Shoulder Joint (A/P)', 'X-RAY - Shoulder Joint (A/P)', '350', 'diagnostic', 20, 0, ''),
(95, 'X-RAY - Foot (B/V)', 'X-RAY - Foot (B/V)', '350', 'diagnostic', 20, 0, ''),
(96, 'X-RAY - Thigh(B/V)', 'X-RAY - Thigh(B/V)', '500', 'diagnostic', 20, 0, ''),
(97, 'X-RAY - Ankle(B/V)', 'X-RAY - Ankle(B/V)', '350', 'diagnostic', 20, 0, ''),
(98, 'X-RAY - Hip Joint(A/P)', 'X-RAY - Hip Joint(A/P)', '350', 'diagnostic', 20, 0, ''),
(99, 'X-RAY - Pelvis(A/P)', 'X-RAY - Pelvis(A/P)', '500', 'diagnostic', 20, 0, ''),
(100, 'X-RAY - L/S(B/V)(Lamber Spine)', 'X-RAY - L/S(B/V)(Lamber Spine)', '500', 'diagnostic', 20, 0, ''),
(101, 'X-RAY - L/S(A/P)(LamberSpine)', 'X-RAY - L/S(A/P)(LamberSpine)', '500', 'diagnostic', 20, 0, ''),
(102, 'X-RAY - D/L(A/P)(Thoracic)', 'X-RAY - D/L(A/P)(Thoracic)', '500', 'diagnostic', 20, 0, ''),
(103, 'X-RAY - Mandable(B/V)', 'X-RAY - Mandable(B/V)', '500', 'diagnostic', 20, 0, ''),
(104, 'X-RAY -C/S(AP)(Carvicai)', 'X-RAY -C/S(AP)(Carvicai)', '500', 'diagnostic', 20, 0, ''),
(105, 'X-RAY - PNS (AP)', 'X-RAY - PNS (AP)', '350', 'diagnostic', 20, 0, ''),
(106, 'ESR', 'Patho Test', '150', 'diagnostic', 30, 0, ''),
(107, 'FBS CUS', 'Pathological test', '160', 'diagnostic', 30, 0, ''),
(108, 'Hb%', 'Pathological test', '100', 'diagnostic', 30, 0, ''),
(109, 'Physio-Therapy', 'Therapy', '1000', '', 0, 0, ''),
(114, '2HABF', 'Pathological test', '100', 'diagnostic', 30, 0, ''),
(113, 'FBS', 'Pathological test', '100', 'diagnostic', 30, 0, ''),
(115, 'S. TSH', 'Pathological test', '400', 'diagnostic', 30, 0, ''),
(116, 'S. T3', 'Pathological test', '400', 'diagnostic', 30, 0, ''),
(117, 'DC', 'Pathological test', '200', 'diagnostic', 30, 0, ''),
(118, 'TC', 'Pathological test', '200', 'diagnostic', 30, 0, ''),
(119, 'X-Ray CXR (Digital)', 'X-Ray', '500', 'diagnostic', 20, 0, ''),
(120, 'S. Uric acid', 'Pathological test', '250', 'diagnostic', 30, 0, ''),
(122, 'U.S.G OF L/A ', 'U.S.G', '400', 'diagnostic', 30, 0, ''),
(125, 'Rt knee joient b/v', 'X-Ray', '500', 'diagnostic', 20, 0, ''),
(126, 'eosinphil', 'Pathology Test', '100', 'diagnostic', 0, 0, ''),
(128, 'Category Name 1', 'sdfsdf', '100', 'diagnostic', 10, 0, '416'),
(129, 'Category Name 2', 'mgjgjgjg', '100', 'diagnostic', 10, 0, '449'),
(130, 'Paracetamol', 'Category 1', '200', 'diagnostic', 1000, NULL, '453');

-- --------------------------------------------------------

--
-- Table structure for table `pharmacist`
--

CREATE TABLE `pharmacist` (
  `id` int(100) NOT NULL,
  `img_url` varchar(100) CHARACTER SET utf8 COLLATE utf8_general_ci DEFAULT NULL,
  `name` varchar(100) CHARACTER SET utf8 COLLATE utf8_general_ci DEFAULT NULL,
  `email` varchar(100) CHARACTER SET utf8 COLLATE utf8_general_ci DEFAULT NULL,
  `address` varchar(100) CHARACTER SET utf8 COLLATE utf8_general_ci DEFAULT NULL,
  `phone` varchar(100) CHARACTER SET utf8 COLLATE utf8_general_ci DEFAULT NULL,
  `x` varchar(100) CHARACTER SET utf8 COLLATE utf8_general_ci DEFAULT NULL,
  `y` varchar(100) CHARACTER SET utf8 COLLATE utf8_general_ci DEFAULT NULL,
  `ion_user_id` varchar(100) CHARACTER SET utf8 COLLATE utf8_general_ci DEFAULT NULL,
  `hospital_id` varchar(100) CHARACTER SET utf8 COLLATE utf8_general_ci DEFAULT NULL
) ENGINE=MyISAM DEFAULT CHARSET=latin1 COLLATE=latin1_swedish_ci;

--
-- Dumping data for table `pharmacist`
--

INSERT INTO `pharmacist` (`id`, `img_url`, `name`, `email`, `address`, `phone`, `x`, `y`, `ion_user_id`, `hospital_id`) VALUES
(9, '', 'Mr. Pharmacist', 'pharmacist@hms.com', 'Colegepara, Rajbari', '+0123456789', '', '', '753', '416');

-- --------------------------------------------------------

--
-- Table structure for table `pharmacy_expense`
--

CREATE TABLE `pharmacy_expense` (
  `id` int(10) NOT NULL,
  `category` varchar(100) CHARACTER SET utf8 COLLATE utf8_general_ci DEFAULT NULL,
  `date` varchar(100) CHARACTER SET utf8 COLLATE utf8_general_ci DEFAULT NULL,
  `amount` varchar(100) CHARACTER SET utf8 COLLATE utf8_general_ci DEFAULT NULL,
  `user` varchar(100) CHARACTER SET utf8 COLLATE utf8_general_ci DEFAULT NULL,
  `hospital_id` varchar(100) CHARACTER SET utf8 COLLATE utf8_general_ci DEFAULT NULL
) ENGINE=MyISAM DEFAULT CHARSET=latin1 COLLATE=latin1_swedish_ci;

-- --------------------------------------------------------

--
-- Table structure for table `pharmacy_expense_category`
--

CREATE TABLE `pharmacy_expense_category` (
  `id` int(10) NOT NULL,
  `category` varchar(100) CHARACTER SET utf8 COLLATE utf8_general_ci DEFAULT NULL,
  `description` varchar(100) CHARACTER SET utf8 COLLATE utf8_general_ci DEFAULT NULL,
  `x` varchar(100) CHARACTER SET utf8 COLLATE utf8_general_ci DEFAULT NULL,
  `y` varchar(100) CHARACTER SET utf8 COLLATE utf8_general_ci DEFAULT NULL,
  `hospital_id` varchar(100) CHARACTER SET utf8 COLLATE utf8_general_ci DEFAULT NULL
) ENGINE=MyISAM DEFAULT CHARSET=latin1 COLLATE=latin1_swedish_ci;

-- --------------------------------------------------------

--
-- Table structure for table `pharmacy_payment`
--

CREATE TABLE `pharmacy_payment` (
  `id` int(10) NOT NULL,
  `category` varchar(100) CHARACTER SET utf8 COLLATE utf8_general_ci DEFAULT NULL,
  `patient` varchar(100) CHARACTER SET utf8 COLLATE utf8_general_ci DEFAULT NULL,
  `doctor` varchar(100) CHARACTER SET utf8 COLLATE utf8_general_ci DEFAULT NULL,
  `date` varchar(100) CHARACTER SET utf8 COLLATE utf8_general_ci DEFAULT NULL,
  `amount` varchar(100) CHARACTER SET utf8 COLLATE utf8_general_ci DEFAULT NULL,
  `vat` varchar(100) CHARACTER SET utf8 COLLATE utf8_general_ci NOT NULL DEFAULT '0',
  `x_ray` varchar(100) CHARACTER SET utf8 COLLATE utf8_general_ci DEFAULT NULL,
  `flat_vat` varchar(100) CHARACTER SET utf8 COLLATE utf8_general_ci DEFAULT NULL,
  `discount` varchar(100) CHARACTER SET utf8 COLLATE utf8_general_ci NOT NULL DEFAULT '0',
  `flat_discount` varchar(100) CHARACTER SET utf8 COLLATE utf8_general_ci DEFAULT NULL,
  `gross_total` varchar(100) CHARACTER SET utf8 COLLATE utf8_general_ci DEFAULT NULL,
  `hospital_amount` varchar(100) CHARACTER SET utf8 COLLATE utf8_general_ci DEFAULT NULL,
  `doctor_amount` varchar(100) CHARACTER SET utf8 COLLATE utf8_general_ci DEFAULT NULL,
  `category_amount` varchar(1000) CHARACTER SET utf8 COLLATE utf8_general_ci DEFAULT NULL,
  `category_name` varchar(1000) CHARACTER SET utf8 COLLATE utf8_general_ci DEFAULT NULL,
  `amount_received` varchar(100) CHARACTER SET utf8 COLLATE utf8_general_ci DEFAULT NULL,
  `status` varchar(100) CHARACTER SET utf8 COLLATE utf8_general_ci DEFAULT NULL,
  `hospital_id` varchar(100) CHARACTER SET utf8 COLLATE utf8_general_ci DEFAULT NULL
) ENGINE=MyISAM DEFAULT CHARSET=latin1 COLLATE=latin1_swedish_ci;

-- --------------------------------------------------------

--
-- Table structure for table `pharmacy_payment_category`
--

CREATE TABLE `pharmacy_payment_category` (
  `id` int(10) NOT NULL,
  `category` varchar(100) CHARACTER SET utf8 COLLATE utf8_general_ci DEFAULT NULL,
  `description` varchar(100) CHARACTER SET utf8 COLLATE utf8_general_ci DEFAULT NULL,
  `c_price` varchar(100) CHARACTER SET utf8 COLLATE utf8_general_ci DEFAULT NULL,
  `d_commission` int(100) DEFAULT NULL,
  `h_commission` int(100) DEFAULT NULL,
  `hospital_id` varchar(100) CHARACTER SET utf8 COLLATE utf8_general_ci DEFAULT NULL
) ENGINE=MyISAM DEFAULT CHARSET=latin1 COLLATE=latin1_swedish_ci;

-- --------------------------------------------------------

--
-- Table structure for table `prescription`
--

CREATE TABLE `prescription` (
  `id` int(100) NOT NULL,
  `date` varchar(100) CHARACTER SET utf8 COLLATE utf8_general_ci DEFAULT NULL,
  `patient` varchar(100) CHARACTER SET utf8 COLLATE utf8_general_ci DEFAULT NULL,
  `doctor` varchar(100) CHARACTER SET utf8 COLLATE utf8_general_ci DEFAULT NULL,
  `symptom` varchar(100) CHARACTER SET utf8 COLLATE utf8_general_ci DEFAULT NULL,
  `advice` varchar(1000) CHARACTER SET utf8 COLLATE utf8_general_ci DEFAULT NULL,
  `state` varchar(100) CHARACTER SET utf8 COLLATE utf8_general_ci DEFAULT NULL,
  `dd` varchar(100) CHARACTER SET utf8 COLLATE utf8_general_ci DEFAULT NULL,
  `medicine` varchar(1000) CHARACTER SET utf8 COLLATE utf8_general_ci DEFAULT NULL,
  `validity` varchar(100) CHARACTER SET utf8 COLLATE utf8_general_ci DEFAULT NULL,
  `note` varchar(1000) CHARACTER SET utf8 COLLATE utf8_general_ci DEFAULT NULL,
  `hospital_id` varchar(100) DEFAULT NULL
) ENGINE=MyISAM DEFAULT CHARSET=latin1 COLLATE=latin1_swedish_ci;

-- --------------------------------------------------------

--
-- Table structure for table `receptionist`
--

CREATE TABLE `receptionist` (
  `id` int(100) NOT NULL,
  `img_url` varchar(100) CHARACTER SET utf8 COLLATE utf8_general_ci DEFAULT NULL,
  `name` varchar(100) CHARACTER SET utf8 COLLATE utf8_general_ci DEFAULT NULL,
  `email` varchar(100) CHARACTER SET utf8 COLLATE utf8_general_ci DEFAULT NULL,
  `address` varchar(100) CHARACTER SET utf8 COLLATE utf8_general_ci DEFAULT NULL,
  `phone` varchar(100) CHARACTER SET utf8 COLLATE utf8_general_ci DEFAULT NULL,
  `x` varchar(100) CHARACTER SET utf8 COLLATE utf8_general_ci DEFAULT NULL,
  `ion_user_id` varchar(100) CHARACTER SET utf8 COLLATE utf8_general_ci DEFAULT NULL,
  `hospital_id` varchar(100) CHARACTER SET utf8 COLLATE utf8_general_ci DEFAULT NULL
) ENGINE=MyISAM DEFAULT CHARSET=latin1 COLLATE=latin1_swedish_ci;

--
-- Dumping data for table `receptionist`
--

INSERT INTO `receptionist` (`id`, `img_url`, `name`, `email`, `address`, `phone`, `x`, `ion_user_id`, `hospital_id`) VALUES
(8, '', 'Mr Receptionist', 'receptionist@hms.com', 'Colegepara, Rajbari', '+0123456789', '', '756', '416');

-- --------------------------------------------------------

--
-- Table structure for table `report`
--

CREATE TABLE `report` (
  `id` int(100) NOT NULL,
  `report_type` varchar(100) CHARACTER SET utf8 COLLATE utf8_general_ci DEFAULT NULL,
  `patient` varchar(100) CHARACTER SET utf8 COLLATE utf8_general_ci DEFAULT NULL,
  `description` varchar(500) CHARACTER SET utf8 COLLATE utf8_general_ci DEFAULT NULL,
  `doctor` varchar(100) CHARACTER SET utf8 COLLATE utf8_general_ci DEFAULT NULL,
  `date` varchar(100) CHARACTER SET utf8 COLLATE utf8_general_ci DEFAULT NULL,
  `add_date` varchar(100) CHARACTER SET utf8 COLLATE utf8_general_ci DEFAULT NULL,
  `hospital_id` varchar(100) CHARACTER SET utf8 COLLATE utf8_general_ci DEFAULT NULL
) ENGINE=MyISAM DEFAULT CHARSET=latin1 COLLATE=latin1_swedish_ci;

-- --------------------------------------------------------

--
-- Table structure for table `request`
--

CREATE TABLE `request` (
  `id` int(100) NOT NULL,
  `name` varchar(100) CHARACTER SET utf8 COLLATE utf8_general_ci DEFAULT NULL,
  `address` varchar(500) CHARACTER SET utf8 COLLATE utf8_general_ci DEFAULT NULL,
  `email` varchar(100) CHARACTER SET utf8 COLLATE utf8_general_ci DEFAULT NULL,
  `phone` varchar(100) CHARACTER SET utf8 COLLATE utf8_general_ci DEFAULT NULL,
  `other` varchar(100) CHARACTER SET utf8 COLLATE utf8_general_ci DEFAULT NULL,
  `package` varchar(1000) CHARACTER SET utf8 COLLATE utf8_general_ci DEFAULT NULL,
  `language` varchar(100) CHARACTER SET utf8 COLLATE utf8_general_ci DEFAULT NULL,
  `remarks` varchar(500) CHARACTER SET utf8 COLLATE utf8_general_ci DEFAULT NULL,
  `status` varchar(100) CHARACTER SET utf8 COLLATE utf8_general_ci DEFAULT NULL
) ENGINE=MyISAM DEFAULT CHARSET=latin1 COLLATE=latin1_swedish_ci;

--
-- Dumping data for table `request`
--

INSERT INTO `request` (`id`, `name`, `address`, `email`, `phone`, `other`, `package`, `language`, `remarks`, `status`) VALUES
(12, 'HOSPITAL NAME', 'HOSPITAL ADDRESS', 'HOSPITAL EMAIL', 'HOSPITAL PHONE', NULL, '0', NULL, NULL, 'Approved'),
(13, 'HOSPITAL NAME 1', 'HOSPITAL ADDRESS 1', 'HOSPITAL EMAIL 1', 'HOSPITAL PHONE 1', NULL, '0', 'french', NULL, 'Approved');

-- --------------------------------------------------------

--
-- Table structure for table `service`
--

CREATE TABLE `service` (
  `id` int(100) NOT NULL,
  `img_url` varchar(1000) CHARACTER SET utf8 COLLATE utf8_general_ci DEFAULT NULL,
  `title` varchar(100) CHARACTER SET utf8 COLLATE utf8_general_ci DEFAULT NULL,
  `description` varchar(1000) CHARACTER SET utf8 COLLATE utf8_general_ci DEFAULT NULL
) ENGINE=MyISAM DEFAULT CHARSET=latin1 COLLATE=latin1_swedish_ci;

--
-- Dumping data for table `service`
--

INSERT INTO `service` (`id`, `img_url`, `title`, `description`) VALUES
(1, '', 'Hospital Software', 'Hospital Software'),
(2, '', 'Hospital Software', 'Hospital Software'),
(3, '', 'Hospital Software', 'Hospital Software'),
(4, '', 'Hospital Software', 'Hospital Software');

-- --------------------------------------------------------

--
-- Table structure for table `settings`
--

CREATE TABLE `settings` (
  `id` int(10) NOT NULL,
  `system_vendor` varchar(100) CHARACTER SET utf8 COLLATE utf8_general_ci DEFAULT NULL,
  `title` varchar(100) CHARACTER SET utf8 COLLATE utf8_general_ci DEFAULT NULL,
  `address` varchar(100) CHARACTER SET utf8 COLLATE utf8_general_ci DEFAULT NULL,
  `phone` varchar(100) CHARACTER SET utf8 COLLATE utf8_general_ci DEFAULT NULL,
  `email` varchar(100) CHARACTER SET utf8 COLLATE utf8_general_ci DEFAULT NULL,
  `facebook_id` varchar(100) CHARACTER SET utf8 COLLATE utf8_general_ci DEFAULT NULL,
  `currency` varchar(100) CHARACTER SET utf8 COLLATE utf8_general_ci DEFAULT NULL,
  `language` varchar(100) CHARACTER SET utf8 COLLATE utf8_general_ci DEFAULT NULL,
  `discount` varchar(100) CHARACTER SET utf8 COLLATE utf8_general_ci DEFAULT NULL,
  `vat` varchar(100) CHARACTER SET utf8 COLLATE utf8_general_ci DEFAULT NULL,
  `login_title` varchar(100) CHARACTER SET utf8 COLLATE utf8_general_ci DEFAULT NULL,
  `logo` varchar(500) CHARACTER SET utf8 COLLATE utf8_general_ci DEFAULT NULL,
  `invoice_logo` varchar(500) CHARACTER SET utf8 COLLATE utf8_general_ci DEFAULT NULL,
  `payment_gateway` varchar(100) CHARACTER SET utf8 COLLATE utf8_general_ci DEFAULT NULL,
  `sms_gateway` varchar(100) CHARACTER SET utf8 COLLATE utf8_general_ci DEFAULT NULL,
  `codec_username` varchar(100) CHARACTER SET utf8 COLLATE utf8_general_ci DEFAULT NULL,
  `codec_purchase_code` varchar(100) CHARACTER SET utf8 COLLATE utf8_general_ci DEFAULT NULL,
  `hospital_id` varchar(100) CHARACTER SET utf8 COLLATE utf8_general_ci DEFAULT NULL
) ENGINE=MyISAM DEFAULT CHARSET=latin1 COLLATE=latin1_swedish_ci;

--
-- Dumping data for table `settings`
--

INSERT INTO `settings` (`id`, `system_vendor`, `title`, `address`, `phone`, `email`, `facebook_id`, `currency`, `language`, `discount`, `vat`, `login_title`, `logo`, `invoice_logo`, `payment_gateway`, `sms_gateway`, `codec_username`, `codec_purchase_code`, `hospital_id`) VALUES
(3, 'Hospital management System', 'Hospital', 'Colegepara, Rajbari', '+0123456789', 'admin@hms.com', '', '$', 'english', 'flat', '', '', '', '', 'PayPal', '', '', '', '416'),
(4, 'Multi Hospital', 'Multi Hospital', 'Colegepara, Rajbari', '+0123456789', 'superadmin@hms.com', '', '$', 'english', 'flat', '', '', '', '', '', '', '', '', 'superadmin'),
(33, 'Code Aristos | Hospital management System', 'Rajbari Clinic', 'Bangabandhu Avenue, Gulistan', '01718319283', 'rajbariclinic@gmail.com', NULL, '$', 'english', 'flat', NULL, NULL, NULL, NULL, NULL, NULL, NULL, NULL, '452'),
(34, 'Code Aristos | Hospital management System', 'Rajbari Clinic', 'CollegePara, Rajbari, Postal Code - 7700', '+0123456789', 'rajbariclinic@gmail.com', NULL, '$', 'english', 'flat', NULL, NULL, NULL, NULL, NULL, NULL, NULL, NULL, '453'),
(35, 'Code Aristos | Hospital management System', 'HOSPITAL NAME', 'HOSPITAL ADDRESS', 'HOSPITAL PHONE', 'HOSPITAL EMAIL', NULL, '$', 'english', 'flat', NULL, NULL, NULL, NULL, NULL, NULL, NULL, NULL, '454'),
(36, 'Code Aristos | Hospital management System', 'HOSPITAL NAME 1', 'HOSPITAL ADDRESS 1', 'HOSPITAL PHONE 1', 'HOSPITAL EMAIL 1', NULL, '$', 'french', 'flat', NULL, NULL, NULL, NULL, NULL, NULL, NULL, NULL, '455'),
(37, 'Code Aristos | Hospital management System', 'Rajbari Clinic', 'road-13,house-11,Nikunja-2,Dhaka-1229', '01819636104', 'rakib@gmail.com', NULL, '$', 'english', 'flat', NULL, NULL, NULL, NULL, NULL, NULL, NULL, NULL, '456');

-- --------------------------------------------------------

--
-- Table structure for table `slide`
--

CREATE TABLE `slide` (
  `id` int(11) NOT NULL,
  `title` varchar(100) CHARACTER SET utf8 COLLATE utf8_general_ci DEFAULT NULL,
  `img_url` varchar(1000) CHARACTER SET utf8 COLLATE utf8_general_ci DEFAULT NULL,
  `text1` varchar(500) CHARACTER SET utf8 COLLATE utf8_general_ci DEFAULT NULL,
  `text2` varchar(500) CHARACTER SET utf8 COLLATE utf8_general_ci DEFAULT NULL,
  `text3` varchar(500) CHARACTER SET utf8 COLLATE utf8_general_ci DEFAULT NULL,
  `position` varchar(100) CHARACTER SET utf8 COLLATE utf8_general_ci DEFAULT NULL,
  `status` varchar(100) CHARACTER SET utf8 COLLATE utf8_general_ci DEFAULT NULL
) ENGINE=MyISAM DEFAULT CHARSET=latin1 COLLATE=latin1_swedish_ci;

--
-- Dumping data for table `slide`
--

INSERT INTO `slide` (`id`, `title`, `img_url`, `text1`, `text2`, `text3`, `position`, `status`) VALUES
(1, 'Slider 1', 'uploads/1503411077revised-bhatia-homebanner-03.jpg', 'Register Your Hospital Today', 'Run Your System in a Secure Environment', 'Hospital', '2', 'Active'),
(2, 'Best Hospital management System', 'uploads/1707260345350542.jpg', 'Best Hospital management System', 'Best Hospital management System', 'Best Hospital management System', '1', 'Inactive');

-- --------------------------------------------------------

--
-- Table structure for table `sms`
--

CREATE TABLE `sms` (
  `id` int(100) NOT NULL,
  `date` varchar(100) CHARACTER SET utf8 COLLATE utf8_general_ci DEFAULT NULL,
  `message` varchar(100) CHARACTER SET utf8 COLLATE utf8_general_ci DEFAULT NULL,
  `recipient` varchar(100) CHARACTER SET utf8 COLLATE utf8_general_ci DEFAULT NULL,
  `user` varchar(100) CHARACTER SET utf8 COLLATE utf8_general_ci DEFAULT NULL,
  `hospital_id` varchar(100) CHARACTER SET utf8 COLLATE utf8_general_ci DEFAULT NULL
) ENGINE=MyISAM DEFAULT CHARSET=latin1 COLLATE=latin1_swedish_ci;

--
-- Dumping data for table `sms`
--

INSERT INTO `sms` (`id`, `date`, `message`, `recipient`, `user`, `hospital_id`) VALUES
(61, '1560937512', '<p>gbgbgbttb</p>\n', 'Patient Id: 1<br> Patient Name: Mr Patient<br> Patient Phone: +8801777024443', '1', ''),
(60, '1560937123', '<p>sdvvdfvfdvfdvd</p>\n', 'Patient Id: 1<br> Patient Name: Mr Patient<br> Patient Phone: +8801777024443', '1', ''),
(59, '1560936880', '<p>grbbrbrgbrbbrtbtrb</p>\n', 'Patient Id: 1<br> Patient Name: Mr Patient<br> Patient Phone: +8801777024443', '1', ''),
(58, '1560936853', '<p>vvfevef</p>\n', 'Patient Id: 1<br> Patient Name: Mr Patient<br> Patient Phone: +8801777024443', '1', ''),
(56, '1560936481', '<p>MashaAllah</p>\n', 'Patient Id: 1<br> Patient Name: Mr Patient<br> Patient Phone: +8801777024443', '1', ''),
(57, '1560936795', '<p>vdfvdfvfdvf</p>\n', 'Patient Id: 1<br> Patient Name: Mr Patient<br> Patient Phone: +8801777024443', '1', ''),
(62, '1560937596', '<p>g  ffgbgfbgfbgfb bgrtbr grbrbrbtrb</p>\n', 'Patient Id: 1<br> Patient Name: Mr Patient<br> Patient Phone: +8801777024443', '1', ''),
(63, '1561153805', '<p>Hell Toma,<br />\nKi korso Tumi ?</p>\n', 'Patient Id: 1<br> Patient Name: Mr Patient<br> Patient Phone: +8801777024443', '1', '');

-- --------------------------------------------------------

--
-- Table structure for table `sms_settings`
--

CREATE TABLE `sms_settings` (
  `id` int(100) NOT NULL,
  `name` varchar(100) CHARACTER SET utf8 COLLATE utf8_general_ci DEFAULT NULL,
  `username` varchar(100) CHARACTER SET utf8 COLLATE utf8_general_ci DEFAULT NULL,
  `password` varchar(100) CHARACTER SET utf8 COLLATE utf8_general_ci DEFAULT NULL,
  `api_id` varchar(100) CHARACTER SET utf8 COLLATE utf8_general_ci DEFAULT NULL,
  `sender` varchar(100) CHARACTER SET utf8 COLLATE utf8_general_ci DEFAULT NULL,
  `authkey` varchar(100) CHARACTER SET utf8 COLLATE utf8_general_ci DEFAULT NULL,
  `user` varchar(100) CHARACTER SET utf8 COLLATE utf8_general_ci DEFAULT NULL,
  `hospital_id` varchar(100) CHARACTER SET utf8 COLLATE utf8_general_ci DEFAULT NULL
) ENGINE=MyISAM DEFAULT CHARSET=latin1 COLLATE=latin1_swedish_ci;

--
-- Dumping data for table `sms_settings`
--

INSERT INTO `sms_settings` (`id`, `name`, `username`, `password`, `api_id`, `sender`, `authkey`, `user`, `hospital_id`) VALUES
(1, 'Clickatell', 'rizviplabon', '', '-cTCG_kARO-2YtwI5nyfMg==', '', '', '1', '416'),
(2, 'MSG91', 'rizviplabon', '', '-cTCG_kARO-2YtwI5nyfMg==', '', '54646456546456456456456', '1', '416'),
(55, 'Clickatell', 'Your ClickAtell Username', 'Your ClickAtell Password', 'Your ClickAtell Api Id', NULL, NULL, '1', '452'),
(56, 'MSG91', 'Your MSG91 Username', NULL, 'Your MSG91 API ID', NULL, 'Your MSG91 Auth Key', '1', '452'),
(57, 'Clickatell', 'Your ClickAtell Username', 'Your ClickAtell Password', 'Your ClickAtell Api Id', NULL, NULL, '1', '453'),
(58, 'MSG91', 'Your MSG91 Username', NULL, 'Your MSG91 API ID', NULL, 'Your MSG91 Auth Key', '1', '453'),
(59, 'Clickatell', 'Your ClickAtell Username', 'Your ClickAtell Password', 'Your ClickAtell Api Id', NULL, NULL, '1', '454'),
(60, 'MSG91', 'Your MSG91 Username', NULL, 'Your MSG91 API ID', NULL, 'Your MSG91 Auth Key', '1', '454'),
(61, 'Clickatell', 'Your ClickAtell Username', 'Your ClickAtell Password', 'Your ClickAtell Api Id', NULL, NULL, '1', '455'),
(62, 'MSG91', 'Your MSG91 Username', NULL, 'Your MSG91 API ID', NULL, 'Your MSG91 Auth Key', '1', '455'),
(63, 'Clickatell', 'Your ClickAtell Username', 'Your ClickAtell Password', 'Your ClickAtell Api Id', NULL, NULL, '1', '456'),
(64, 'MSG91', 'Your MSG91 Username', NULL, 'Your MSG91 API ID', NULL, 'Your MSG91 Auth Key', '1', '456');

-- --------------------------------------------------------

--
-- Table structure for table `template`
--

CREATE TABLE `template` (
  `id` int(100) NOT NULL,
  `name` varchar(100) CHARACTER SET utf8 COLLATE utf8_general_ci DEFAULT NULL,
  `template` varchar(10000) CHARACTER SET utf8 COLLATE utf8_general_ci DEFAULT NULL,
  `user` varchar(100) CHARACTER SET utf8 COLLATE utf8_general_ci DEFAULT NULL,
  `x` varchar(100) CHARACTER SET utf8 COLLATE utf8_general_ci DEFAULT NULL,
  `hospital_id` varchar(100) CHARACTER SET utf8 COLLATE utf8_general_ci DEFAULT NULL
) ENGINE=MyISAM DEFAULT CHARSET=latin1 COLLATE=latin1_swedish_ci;

--
-- Dumping data for table `template`
--

INSERT INTO `template` (`id`, `name`, `template`, `user`, `x`, `hospital_id`) VALUES
(6, 'CBC', '<table align=\"center\" border=\"1\" bordercolor=\"#ccc\" cellpadding=\"5\" cellspacing=\"0\" >\n <thead>\n  <tr>\n   <th scope=\"col\">Head 1</th>\n   <th scope=\"col\">Head 2</th>\n   <th scope=\"col\">Head 3</th>\n   <th scope=\"col\">Head 4</th>\n   <th scope=\"col\">Head 5</th>\n  </tr>\n </thead>\n <tbody>\n  <tr>\n   <td>?</td>\n   <td>?</td>\n   <td>?</td>\n   <td>?</td>\n   <td>?</td>\n  </tr>\n  <tr>\n   <td>?</td>\n   <td>?</td>\n   <td>?</td>\n   <td>?</td>\n   <td>?</td>\n  </tr>\n </tbody>\n</table>\n\n<p>?</p>\n', '2', '', '416'),
(3, 'Diagnostic', '<table align=\"center\" border=\"1\" cellpadding=\"1\" cellspacing=\"1\">\n <tbody>\n  <tr>\n   <td>? ?Lab Name? ??</td>\n   <td>? ?Value? ? ?</td>\n  </tr>\n  <tr>\n   <td>?</td>\n   <td>?</td>\n  </tr>\n  <tr>\n   <td>?</td>\n   <td>?</td>\n  </tr>\n </tbody>\n</table>\n\n<p>?</p>\n', '2', '', '416'),
(5, 'Lipid  Profile', '<table align=\"center\" border=\"1\" cellpadding=\"1\" cellspacing=\"1\">\n <caption>Lipid Profile</caption>\n <thead>\n  <tr>\n   <th scope=\"col\">? ? ? Head1? ? ?</th>\n   <th scope=\"col\"><span>? ? ?Head2? ? ??</span></th>\n   <th scope=\"col\"><span>? ? ? Head3? ? ??</span></th>\n   <th scope=\"col\"><span>? ? ? Head4? ? ??</span></th>\n   <th scope=\"col\"><span>? ? ? Head5? ? ??</span></th>\n  </tr>\n </thead>\n <tbody>\n  <tr>\n   <td>?</td>\n   <td>?</td>\n   <td>?</td>\n   <td>?</td>\n   <td>?</td>\n  </tr>\n  <tr>\n   <td>?</td>\n   <td>?</td>\n   <td>?</td>\n   <td>?</td>\n   <td>?</td>\n  </tr>\n </tbody>\n</table>\n\n<p>?</p>\n', '2', '', '416'),
(9, 'Lipid Profile Result', '<table align=\"center\" border=\"1\" cellpadding=\"1\" cellspacing=\"1\"  summary=\"Result Of Lipid Profile \">\n <caption>Lipid Profile Result</caption>\n <tbody>\n  <tr>\n   <td>?SL</td>\n   <td>? ? Test Name</td>\n   <td>? ?Test Result</td>\n   <td>? Reference Valur</td>\n   <td>? Comment</td>\n  </tr>\n  <tr>\n   <td>?1</td>\n   <td>? ?Lipid Profile?</td>\n   <td>? ? 100</td>\n   <td>? ? >10 < 150</td>\n   <td>? ?Normal</td>\n  </tr>\n  <tr>\n   <td>?2</td>\n   <td>? ?Lipid Profile?</td>\n   <td>? ??100</td>\n   <td>? ? >10 < 150</td>\n   <td>? ?Normal</td>\n  </tr>\n  <tr>\n   <td>?3</td>\n   <td>? ?Lipid Profile?</td>\n   <td>? ??100</td>\n   <td>? ??>10 < 150</td>\n   <td>? ?Normal</td>\n  </tr>\n  <tr>\n   <td>?4</td>\n   <td>? ?Lipid Profile?</td>\n   <td>? ? 100</td>\n   <td>? ??>10 < 150</td>\n   <td>? ?Normal</td>\n  </tr>\n </tbody>\n</table>\n\n<p>?</p>\n', '2', '', '416');

-- --------------------------------------------------------

--
-- Table structure for table `time_schedule`
--

CREATE TABLE `time_schedule` (
  `id` int(100) NOT NULL,
  `doctor` varchar(500) CHARACTER SET utf8 COLLATE utf8_general_ci DEFAULT NULL,
  `weekday` varchar(100) CHARACTER SET utf8 COLLATE utf8_general_ci DEFAULT NULL,
  `s_time` varchar(100) CHARACTER SET utf8 COLLATE utf8_general_ci DEFAULT NULL,
  `e_time` varchar(100) CHARACTER SET utf8 COLLATE utf8_general_ci DEFAULT NULL,
  `s_time_key` varchar(100) CHARACTER SET utf8 COLLATE utf8_general_ci DEFAULT NULL,
  `duration` varchar(100) CHARACTER SET utf8 COLLATE utf8_general_ci DEFAULT NULL,
  `hospital_id` varchar(100) CHARACTER SET utf8 COLLATE utf8_general_ci DEFAULT NULL
) ENGINE=MyISAM DEFAULT CHARSET=latin1 COLLATE=latin1_swedish_ci;

-- --------------------------------------------------------

--
-- Table structure for table `time_slot`
--

CREATE TABLE `time_slot` (
  `id` int(100) NOT NULL,
  `doctor` varchar(100) CHARACTER SET utf8 COLLATE utf8_general_ci DEFAULT NULL,
  `s_time` varchar(100) CHARACTER SET utf8 COLLATE utf8_general_ci DEFAULT NULL,
  `e_time` varchar(100) CHARACTER SET utf8 COLLATE utf8_general_ci DEFAULT NULL,
  `weekday` varchar(100) CHARACTER SET utf8 COLLATE utf8_general_ci DEFAULT NULL,
  `s_time_key` varchar(100) CHARACTER SET utf8 COLLATE utf8_general_ci DEFAULT NULL,
  `hospital_id` varchar(100) CHARACTER SET utf8 COLLATE utf8_general_ci DEFAULT NULL
) ENGINE=MyISAM DEFAULT CHARSET=latin1 COLLATE=latin1_swedish_ci;

-- --------------------------------------------------------

--
-- Table structure for table `users`
--

CREATE TABLE `users` (
  `id` int(11) UNSIGNED NOT NULL,
  `ip_address` varchar(15) NOT NULL,
  `username` varchar(100) NOT NULL,
  `password` varchar(255) NOT NULL,
  `salt` varchar(255) DEFAULT NULL,
  `email` varchar(100) NOT NULL,
  `activation_code` varchar(40) DEFAULT NULL,
  `forgotten_password_code` varchar(40) DEFAULT NULL,
  `forgotten_password_time` int(11) UNSIGNED DEFAULT NULL,
  `remember_code` varchar(40) DEFAULT NULL,
  `created_on` int(11) UNSIGNED NOT NULL,
  `last_login` int(11) UNSIGNED DEFAULT NULL,
  `active` tinyint(1) UNSIGNED DEFAULT NULL,
  `first_name` varchar(50) DEFAULT NULL,
  `last_name` varchar(50) DEFAULT NULL,
  `company` varchar(100) DEFAULT NULL,
  `phone` varchar(20) DEFAULT NULL,
  `hospital_ion_id` varchar(100) DEFAULT NULL
) ENGINE=InnoDB DEFAULT CHARSET=utf8 COLLATE=utf8_general_ci;

--
-- Dumping data for table `users`
--

INSERT INTO `users` (`id`, `ip_address`, `username`, `password`, `salt`, `email`, `activation_code`, `forgotten_password_code`, `forgotten_password_time`, `remember_code`, `created_on`, `last_login`, `active`, `first_name`, `last_name`, `company`, `phone`, `hospital_ion_id`) VALUES
(1, '127.0.0.1', 'superadmin', '$2y$08$1Rvlfb8r7JXT9SZtzbGYGuttL1p7G4ULzMtOOb4YkxCHuU383eEGK', '', 'superadmin@hms.com', '', 'eX0.Bq6nP57EuXX4hJkPHO973e7a4c25f1849d3a', 1511432365, 'zCeJpcj78CKqJ4sVxVbxcO', 1268889823, 1584437172, 1, 'Super', 'Admin', 'ADMIN', '0', ''),
(2, '127.0.0.1', 'Hospital', '$2y$08$nxWYs4Sc9VN6czyUtnJRwuMaflhMRZSV33GESf5zi8rjXGfaSHVlu', NULL, 'admin@hms.com', NULL, NULL, NULL, NULL, 1268889832, 1584437404, 1, 'admin', NULL, NULL, NULL, ''),
(750, '110.76.129.146', 'Mr Patient', '$2y$08$vTCe3Z4D1j7bVT49XXzoY.PiVP6yMFZ7hBudIbOfRE0vbEtaw5AOa', NULL, 'patient@hms.com', NULL, NULL, NULL, NULL, 1562482338, 1562485101, 1, NULL, NULL, NULL, NULL, '2'),
(751, '110.76.129.146', 'Mr Doctor', '$2y$08$ehhf9vK8Of7YuYL34uhlAel7HT/IOG/afe1/cHebJOOs2MuEhFTyu', NULL, 'doctor@hms.com', NULL, NULL, NULL, NULL, 1562482389, 1576214710, 1, NULL, NULL, NULL, NULL, '2'),
(752, '110.76.129.146', 'Mrs Nurse', '$2y$08$ZjfXG10xA.CitrTOK5SC6uXiAL2FnKgLOuUEWIGzlXECkTaMW3b3C', NULL, 'nurse@hms.com', NULL, NULL, NULL, NULL, 1562482422, NULL, 1, NULL, NULL, NULL, NULL, '2'),
(753, '110.76.129.146', 'Mr. Pharmacist', '$2y$08$KbnWZrJMhY6BTaEBp.0NJO1sbXaNzT7boNMdScBJMFrOUGljv2QWS', NULL, 'pharmacist@hms.com', NULL, NULL, NULL, NULL, 1562482455, NULL, 1, NULL, NULL, NULL, NULL, '2'),
(754, '110.76.129.146', 'Mr Laboratorist', '$2y$08$DU10ibM6SJlw8dK7WER5qeYmRWM/Jl51OxnhpOHvPiTa4lxLBrgjC', NULL, 'laboratorist@hms.com', NULL, NULL, NULL, NULL, 1562482499, NULL, 1, NULL, NULL, NULL, NULL, '2'),
(755, '110.76.129.146', 'Mr Accountant', '$2y$08$ysIjt93NUbQITf/jtbdAPOGisj2wrT07GCQUC0eJBbqrhZYijp9hq', NULL, 'accountant@hms.com', NULL, NULL, NULL, NULL, 1562482536, NULL, 1, NULL, NULL, NULL, NULL, '2'),
(756, '110.76.129.146', 'Mr Receptionist', '$2y$08$QGdhZzdJE3Wz76yBlRlLmew.7GimX8MBel8JQiyR8u3uIUQpqTt.m', NULL, 'receptionist@hms.com', NULL, NULL, NULL, NULL, 1562482561, 1562482625, 1, NULL, NULL, NULL, NULL, '2');

-- --------------------------------------------------------

--
-- Table structure for table `users_groups`
--

CREATE TABLE `users_groups` (
  `id` int(11) UNSIGNED NOT NULL,
  `user_id` int(11) UNSIGNED NOT NULL,
  `group_id` mediumint(8) UNSIGNED NOT NULL
) ENGINE=InnoDB DEFAULT CHARSET=utf8 COLLATE=utf8_general_ci;

--
-- Dumping data for table `users_groups`
--

INSERT INTO `users_groups` (`id`, `user_id`, `group_id`) VALUES
(1, 1, 1),
(2, 2, 11),
(752, 750, 5),
(753, 751, 4),
(754, 752, 6),
(755, 753, 7),
(756, 754, 8),
(757, 755, 3),
(758, 756, 10);

-- --------------------------------------------------------

--
-- Table structure for table `website_settings`
--

CREATE TABLE `website_settings` (
  `id` int(100) NOT NULL,
  `title` varchar(100) CHARACTER SET utf8 COLLATE utf8_general_ci DEFAULT NULL,
  `logo` varchar(1000) CHARACTER SET utf8 COLLATE utf8_general_ci DEFAULT NULL,
  `address` varchar(500) CHARACTER SET utf8 COLLATE utf8_general_ci DEFAULT NULL,
  `phone` varchar(100) CHARACTER SET utf8 COLLATE utf8_general_ci DEFAULT NULL,
  `emergency` varchar(100) CHARACTER SET utf8 COLLATE utf8_general_ci DEFAULT NULL,
  `support` varchar(100) CHARACTER SET utf8 COLLATE utf8_general_ci DEFAULT NULL,
  `email` varchar(100) CHARACTER SET utf8 COLLATE utf8_general_ci DEFAULT NULL,
  `currency` varchar(100) CHARACTER SET utf8 COLLATE utf8_general_ci DEFAULT NULL,
  `block_1_text_under_title` varchar(500) CHARACTER SET utf8 COLLATE utf8_general_ci DEFAULT NULL,
  `service_block__text_under_title` varchar(500) CHARACTER SET utf8 COLLATE utf8_general_ci DEFAULT NULL,
  `doctor_block__text_under_title` varchar(500) CHARACTER SET utf8 COLLATE utf8_general_ci DEFAULT NULL,
  `facebook_id` varchar(100) CHARACTER SET utf8 COLLATE utf8_general_ci DEFAULT NULL,
  `twitter_id` varchar(100) CHARACTER SET utf8 COLLATE utf8_general_ci DEFAULT NULL,
  `twitter_username` varchar(100) NOT NULL,
  `google_id` varchar(100) CHARACTER SET utf8 COLLATE utf8_general_ci DEFAULT NULL,
  `youtube_id` varchar(100) CHARACTER SET utf8 COLLATE utf8_general_ci DEFAULT NULL,
  `skype_id` varchar(100) CHARACTER SET utf8 COLLATE utf8_general_ci DEFAULT NULL,
  `x` varchar(100) CHARACTER SET utf8 COLLATE utf8_general_ci DEFAULT NULL
) ENGINE=MyISAM DEFAULT CHARSET=latin1 COLLATE=latin1_swedish_ci;

--
-- Dumping data for table `website_settings`
--

INSERT INTO `website_settings` (`id`, `title`, `logo`, `address`, `phone`, `emergency`, `support`, `email`, `currency`, `block_1_text_under_title`, `service_block__text_under_title`, `doctor_block__text_under_title`, `facebook_id`, `twitter_id`, `twitter_username`, `google_id`, `youtube_id`, `skype_id`, `x`) VALUES
(1, 'Hospital Software', '', 'Boropool, Rajbari-7700', '+0123456789', '+0123456789', '+0123456789', 'admin@demo.com', '$', 'Best hospital software', 'Aenean nibh ante, lacinia non tincidunt nec, lobortis ut tellus. Sed in porta diam.', 'We work with forward thinking clients to create beautiful, honest and amazing things that bring positive results.', 'https://www.facebook.com/CASft', 'https://www.twitter.com/', 'casoft', 'https://www.google.com/', 'https://www.youtube.com/', 'https://www.skype.com/', NULL);

--
-- Indexes for dumped tables
--

--
-- Indexes for table `accountant`
--
ALTER TABLE `accountant`
  ADD PRIMARY KEY (`id`);

--
-- Indexes for table `alloted_bed`
--
ALTER TABLE `alloted_bed`
  ADD PRIMARY KEY (`id`);

--
-- Indexes for table `appointment`
--
ALTER TABLE `appointment`
  ADD PRIMARY KEY (`id`);

--
-- Indexes for table `bankb`
--
ALTER TABLE `bankb`
  ADD PRIMARY KEY (`id`);

--
-- Indexes for table `bed`
--
ALTER TABLE `bed`
  ADD PRIMARY KEY (`id`);

--
-- Indexes for table `bed_category`
--
ALTER TABLE `bed_category`
  ADD PRIMARY KEY (`id`);

--
-- Indexes for table `department`
--
ALTER TABLE `department`
  ADD PRIMARY KEY (`id`);

--
-- Indexes for table `diagnostic_report`
--
ALTER TABLE `diagnostic_report`
  ADD PRIMARY KEY (`id`);

--
-- Indexes for table `doctor`
--
ALTER TABLE `doctor`
  ADD PRIMARY KEY (`id`);

--
-- Indexes for table `donor`
--
ALTER TABLE `donor`
  ADD PRIMARY KEY (`id`);

--
-- Indexes for table `email`
--
ALTER TABLE `email`
  ADD PRIMARY KEY (`id`);

--
-- Indexes for table `email_settings`
--
ALTER TABLE `email_settings`
  ADD PRIMARY KEY (`id`);

--
-- Indexes for table `expense`
--
ALTER TABLE `expense`
  ADD PRIMARY KEY (`id`);

--
-- Indexes for table `expense_category`
--
ALTER TABLE `expense_category`
  ADD PRIMARY KEY (`id`);

--
-- Indexes for table `featured`
--
ALTER TABLE `featured`
  ADD PRIMARY KEY (`id`);

--
-- Indexes for table `groups`
--
ALTER TABLE `groups`
  ADD PRIMARY KEY (`id`);

--
-- Indexes for table `holidays`
--
ALTER TABLE `holidays`
  ADD PRIMARY KEY (`id`);

--
-- Indexes for table `hospital`
--
ALTER TABLE `hospital`
  ADD PRIMARY KEY (`id`);

--
-- Indexes for table `lab`
--
ALTER TABLE `lab`
  ADD PRIMARY KEY (`id`);

--
-- Indexes for table `laboratorist`
--
ALTER TABLE `laboratorist`
  ADD PRIMARY KEY (`id`);

--
-- Indexes for table `lab_category`
--
ALTER TABLE `lab_category`
  ADD PRIMARY KEY (`id`);

--
-- Indexes for table `login_attempts`
--
ALTER TABLE `login_attempts`
  ADD PRIMARY KEY (`id`);

--
-- Indexes for table `medical_history`
--
ALTER TABLE `medical_history`
  ADD PRIMARY KEY (`id`);

--
-- Indexes for table `medicine`
--
ALTER TABLE `medicine`
  ADD PRIMARY KEY (`id`);

--
-- Indexes for table `medicine_category`
--
ALTER TABLE `medicine_category`
  ADD PRIMARY KEY (`id`);

--
-- Indexes for table `module`
--
ALTER TABLE `module`
  ADD PRIMARY KEY (`id`);

--
-- Indexes for table `notice`
--
ALTER TABLE `notice`
  ADD PRIMARY KEY (`id`);

--
-- Indexes for table `nurse`
--
ALTER TABLE `nurse`
  ADD PRIMARY KEY (`id`);

--
-- Indexes for table `ot_payment`
--
ALTER TABLE `ot_payment`
  ADD PRIMARY KEY (`id`);

--
-- Indexes for table `package`
--
ALTER TABLE `package`
  ADD PRIMARY KEY (`id`);

--
-- Indexes for table `patient`
--
ALTER TABLE `patient`
  ADD PRIMARY KEY (`id`);

--
-- Indexes for table `patient_deposit`
--
ALTER TABLE `patient_deposit`
  ADD PRIMARY KEY (`id`);

--
-- Indexes for table `patient_material`
--
ALTER TABLE `patient_material`
  ADD PRIMARY KEY (`id`);

--
-- Indexes for table `payment`
--
ALTER TABLE `payment`
  ADD PRIMARY KEY (`id`);

--
-- Indexes for table `paymentgateway`
--
ALTER TABLE `paymentgateway`
  ADD PRIMARY KEY (`id`);

--
-- Indexes for table `payment_category`
--
ALTER TABLE `payment_category`
  ADD PRIMARY KEY (`id`);

--
-- Indexes for table `pharmacist`
--
ALTER TABLE `pharmacist`
  ADD PRIMARY KEY (`id`);

--
-- Indexes for table `pharmacy_expense`
--
ALTER TABLE `pharmacy_expense`
  ADD PRIMARY KEY (`id`);

--
-- Indexes for table `pharmacy_expense_category`
--
ALTER TABLE `pharmacy_expense_category`
  ADD PRIMARY KEY (`id`);

--
-- Indexes for table `pharmacy_payment`
--
ALTER TABLE `pharmacy_payment`
  ADD PRIMARY KEY (`id`);

--
-- Indexes for table `pharmacy_payment_category`
--
ALTER TABLE `pharmacy_payment_category`
  ADD PRIMARY KEY (`id`);

--
-- Indexes for table `prescription`
--
ALTER TABLE `prescription`
  ADD PRIMARY KEY (`id`);

--
-- Indexes for table `receptionist`
--
ALTER TABLE `receptionist`
  ADD PRIMARY KEY (`id`);

--
-- Indexes for table `report`
--
ALTER TABLE `report`
  ADD PRIMARY KEY (`id`);

--
-- Indexes for table `request`
--
ALTER TABLE `request`
  ADD PRIMARY KEY (`id`);

--
-- Indexes for table `service`
--
ALTER TABLE `service`
  ADD PRIMARY KEY (`id`);

--
-- Indexes for table `settings`
--
ALTER TABLE `settings`
  ADD PRIMARY KEY (`id`);

--
-- Indexes for table `slide`
--
ALTER TABLE `slide`
  ADD PRIMARY KEY (`id`);

--
-- Indexes for table `sms`
--
ALTER TABLE `sms`
  ADD PRIMARY KEY (`id`);

--
-- Indexes for table `sms_settings`
--
ALTER TABLE `sms_settings`
  ADD PRIMARY KEY (`id`);

--
-- Indexes for table `template`
--
ALTER TABLE `template`
  ADD PRIMARY KEY (`id`);

--
-- Indexes for table `time_schedule`
--
ALTER TABLE `time_schedule`
  ADD PRIMARY KEY (`id`);

--
-- Indexes for table `time_slot`
--
ALTER TABLE `time_slot`
  ADD PRIMARY KEY (`id`);

--
-- Indexes for table `users`
--
ALTER TABLE `users`
  ADD PRIMARY KEY (`id`);

--
-- Indexes for table `users_groups`
--
ALTER TABLE `users_groups`
  ADD PRIMARY KEY (`id`),
  ADD UNIQUE KEY `uc_users_groups` (`user_id`,`group_id`),
  ADD KEY `fk_users_groups_users1_idx` (`user_id`),
  ADD KEY `fk_users_groups_groups1_idx` (`group_id`);

--
-- Indexes for table `website_settings`
--
ALTER TABLE `website_settings`
  ADD PRIMARY KEY (`id`);

--
-- AUTO_INCREMENT for dumped tables
--

--
-- AUTO_INCREMENT for table `accountant`
--
ALTER TABLE `accountant`
  MODIFY `id` int(100) NOT NULL AUTO_INCREMENT, AUTO_INCREMENT=82;

--
-- AUTO_INCREMENT for table `alloted_bed`
--
ALTER TABLE `alloted_bed`
  MODIFY `id` int(100) NOT NULL AUTO_INCREMENT, AUTO_INCREMENT=45;

--
-- AUTO_INCREMENT for table `appointment`
--
ALTER TABLE `appointment`
  MODIFY `id` int(100) NOT NULL AUTO_INCREMENT, AUTO_INCREMENT=414;

--
-- AUTO_INCREMENT for table `bankb`
--
ALTER TABLE `bankb`
  MODIFY `id` int(100) NOT NULL AUTO_INCREMENT, AUTO_INCREMENT=265;

--
-- AUTO_INCREMENT for table `bed`
--
ALTER TABLE `bed`
  MODIFY `id` int(10) NOT NULL AUTO_INCREMENT, AUTO_INCREMENT=20;

--
-- AUTO_INCREMENT for table `bed_category`
--
ALTER TABLE `bed_category`
  MODIFY `id` int(100) NOT NULL AUTO_INCREMENT, AUTO_INCREMENT=16;

--
-- AUTO_INCREMENT for table `department`
--
ALTER TABLE `department`
  MODIFY `id` int(10) NOT NULL AUTO_INCREMENT, AUTO_INCREMENT=53;

--
-- AUTO_INCREMENT for table `diagnostic_report`
--
ALTER TABLE `diagnostic_report`
  MODIFY `id` int(100) NOT NULL AUTO_INCREMENT, AUTO_INCREMENT=6;

--
-- AUTO_INCREMENT for table `doctor`
--
ALTER TABLE `doctor`
  MODIFY `id` int(10) NOT NULL AUTO_INCREMENT, AUTO_INCREMENT=150;

--
-- AUTO_INCREMENT for table `donor`
--
ALTER TABLE `donor`
  MODIFY `id` int(100) NOT NULL AUTO_INCREMENT, AUTO_INCREMENT=18;

--
-- AUTO_INCREMENT for table `email`
--
ALTER TABLE `email`
  MODIFY `id` int(100) NOT NULL AUTO_INCREMENT, AUTO_INCREMENT=31;

--
-- AUTO_INCREMENT for table `email_settings`
--
ALTER TABLE `email_settings`
  MODIFY `id` int(100) NOT NULL AUTO_INCREMENT, AUTO_INCREMENT=26;

--
-- AUTO_INCREMENT for table `expense`
--
ALTER TABLE `expense`
  MODIFY `id` int(10) NOT NULL AUTO_INCREMENT, AUTO_INCREMENT=87;

--
-- AUTO_INCREMENT for table `expense_category`
--
ALTER TABLE `expense_category`
  MODIFY `id` int(10) NOT NULL AUTO_INCREMENT, AUTO_INCREMENT=58;

--
-- AUTO_INCREMENT for table `featured`
--
ALTER TABLE `featured`
  MODIFY `id` int(100) NOT NULL AUTO_INCREMENT, AUTO_INCREMENT=4;

--
-- AUTO_INCREMENT for table `groups`
--
ALTER TABLE `groups`
  MODIFY `id` mediumint(8) UNSIGNED NOT NULL AUTO_INCREMENT, AUTO_INCREMENT=12;

--
-- AUTO_INCREMENT for table `holidays`
--
ALTER TABLE `holidays`
  MODIFY `id` int(100) NOT NULL AUTO_INCREMENT, AUTO_INCREMENT=69;

--
-- AUTO_INCREMENT for table `hospital`
--
ALTER TABLE `hospital`
  MODIFY `id` int(100) NOT NULL AUTO_INCREMENT, AUTO_INCREMENT=457;

--
-- AUTO_INCREMENT for table `lab`
--
ALTER TABLE `lab`
  MODIFY `id` int(100) NOT NULL AUTO_INCREMENT, AUTO_INCREMENT=1926;

--
-- AUTO_INCREMENT for table `laboratorist`
--
ALTER TABLE `laboratorist`
  MODIFY `id` int(100) NOT NULL AUTO_INCREMENT, AUTO_INCREMENT=5;

--
-- AUTO_INCREMENT for table `lab_category`
--
ALTER TABLE `lab_category`
  MODIFY `id` int(10) NOT NULL AUTO_INCREMENT, AUTO_INCREMENT=128;

--
-- AUTO_INCREMENT for table `login_attempts`
--
ALTER TABLE `login_attempts`
  MODIFY `id` int(11) UNSIGNED NOT NULL AUTO_INCREMENT;

--
-- AUTO_INCREMENT for table `medical_history`
--
ALTER TABLE `medical_history`
  MODIFY `id` int(100) NOT NULL AUTO_INCREMENT, AUTO_INCREMENT=64;

--
-- AUTO_INCREMENT for table `medicine`
--
ALTER TABLE `medicine`
  MODIFY `id` int(100) NOT NULL AUTO_INCREMENT, AUTO_INCREMENT=2866;

--
-- AUTO_INCREMENT for table `medicine_category`
--
ALTER TABLE `medicine_category`
  MODIFY `id` int(100) NOT NULL AUTO_INCREMENT, AUTO_INCREMENT=19;

--
-- AUTO_INCREMENT for table `module`
--
ALTER TABLE `module`
  MODIFY `id` int(100) NOT NULL AUTO_INCREMENT;

--
-- AUTO_INCREMENT for table `notice`
--
ALTER TABLE `notice`
  MODIFY `id` int(100) NOT NULL AUTO_INCREMENT, AUTO_INCREMENT=16;

--
-- AUTO_INCREMENT for table `nurse`
--
ALTER TABLE `nurse`
  MODIFY `id` int(100) NOT NULL AUTO_INCREMENT, AUTO_INCREMENT=14;

--
-- AUTO_INCREMENT for table `ot_payment`
--
ALTER TABLE `ot_payment`
  MODIFY `id` int(100) NOT NULL AUTO_INCREMENT, AUTO_INCREMENT=86;

--
-- AUTO_INCREMENT for table `package`
--
ALTER TABLE `package`
  MODIFY `id` int(100) NOT NULL AUTO_INCREMENT, AUTO_INCREMENT=77;

--
-- AUTO_INCREMENT for table `patient`
--
ALTER TABLE `patient`
  MODIFY `id` int(100) NOT NULL AUTO_INCREMENT, AUTO_INCREMENT=37;

--
-- AUTO_INCREMENT for table `patient_deposit`
--
ALTER TABLE `patient_deposit`
  MODIFY `id` int(10) NOT NULL AUTO_INCREMENT, AUTO_INCREMENT=1594;

--
-- AUTO_INCREMENT for table `patient_material`
--
ALTER TABLE `patient_material`
  MODIFY `id` int(100) NOT NULL AUTO_INCREMENT, AUTO_INCREMENT=72;

--
-- AUTO_INCREMENT for table `payment`
--
ALTER TABLE `payment`
  MODIFY `id` int(10) NOT NULL AUTO_INCREMENT, AUTO_INCREMENT=2021;

--
-- AUTO_INCREMENT for table `paymentgateway`
--
ALTER TABLE `paymentgateway`
  MODIFY `id` int(100) NOT NULL AUTO_INCREMENT, AUTO_INCREMENT=58;

--
-- AUTO_INCREMENT for table `payment_category`
--
ALTER TABLE `payment_category`
  MODIFY `id` int(10) NOT NULL AUTO_INCREMENT, AUTO_INCREMENT=131;

--
-- AUTO_INCREMENT for table `pharmacist`
--
ALTER TABLE `pharmacist`
  MODIFY `id` int(100) NOT NULL AUTO_INCREMENT, AUTO_INCREMENT=10;

--
-- AUTO_INCREMENT for table `pharmacy_expense`
--
ALTER TABLE `pharmacy_expense`
  MODIFY `id` int(10) NOT NULL AUTO_INCREMENT, AUTO_INCREMENT=141;

--
-- AUTO_INCREMENT for table `pharmacy_expense_category`
--
ALTER TABLE `pharmacy_expense_category`
  MODIFY `id` int(10) NOT NULL AUTO_INCREMENT, AUTO_INCREMENT=62;

--
-- AUTO_INCREMENT for table `pharmacy_payment`
--
ALTER TABLE `pharmacy_payment`
  MODIFY `id` int(10) NOT NULL AUTO_INCREMENT, AUTO_INCREMENT=1969;

--
-- AUTO_INCREMENT for table `pharmacy_payment_category`
--
ALTER TABLE `pharmacy_payment_category`
  MODIFY `id` int(10) NOT NULL AUTO_INCREMENT;

--
-- AUTO_INCREMENT for table `prescription`
--
ALTER TABLE `prescription`
  MODIFY `id` int(100) NOT NULL AUTO_INCREMENT, AUTO_INCREMENT=74;

--
-- AUTO_INCREMENT for table `receptionist`
--
ALTER TABLE `receptionist`
  MODIFY `id` int(100) NOT NULL AUTO_INCREMENT, AUTO_INCREMENT=9;

--
-- AUTO_INCREMENT for table `report`
--
ALTER TABLE `report`
  MODIFY `id` int(100) NOT NULL AUTO_INCREMENT, AUTO_INCREMENT=36;

--
-- AUTO_INCREMENT for table `request`
--
ALTER TABLE `request`
  MODIFY `id` int(100) NOT NULL AUTO_INCREMENT, AUTO_INCREMENT=14;

--
-- AUTO_INCREMENT for table `service`
--
ALTER TABLE `service`
  MODIFY `id` int(100) NOT NULL AUTO_INCREMENT, AUTO_INCREMENT=5;

--
-- AUTO_INCREMENT for table `settings`
--
ALTER TABLE `settings`
  MODIFY `id` int(10) NOT NULL AUTO_INCREMENT, AUTO_INCREMENT=38;

--
-- AUTO_INCREMENT for table `slide`
--
ALTER TABLE `slide`
  MODIFY `id` int(11) NOT NULL AUTO_INCREMENT, AUTO_INCREMENT=5;

--
-- AUTO_INCREMENT for table `sms`
--
ALTER TABLE `sms`
  MODIFY `id` int(100) NOT NULL AUTO_INCREMENT, AUTO_INCREMENT=64;

--
-- AUTO_INCREMENT for table `sms_settings`
--
ALTER TABLE `sms_settings`
  MODIFY `id` int(100) NOT NULL AUTO_INCREMENT, AUTO_INCREMENT=65;

--
-- AUTO_INCREMENT for table `template`
--
ALTER TABLE `template`
  MODIFY `id` int(100) NOT NULL AUTO_INCREMENT, AUTO_INCREMENT=11;

--
-- AUTO_INCREMENT for table `time_schedule`
--
ALTER TABLE `time_schedule`
  MODIFY `id` int(100) NOT NULL AUTO_INCREMENT, AUTO_INCREMENT=97;

--
-- AUTO_INCREMENT for table `time_slot`
--
ALTER TABLE `time_slot`
  MODIFY `id` int(100) NOT NULL AUTO_INCREMENT, AUTO_INCREMENT=2129;

--
-- AUTO_INCREMENT for table `users`
--
ALTER TABLE `users`
  MODIFY `id` int(11) UNSIGNED NOT NULL AUTO_INCREMENT, AUTO_INCREMENT=760;

--
-- AUTO_INCREMENT for table `users_groups`
--
ALTER TABLE `users_groups`
  MODIFY `id` int(11) UNSIGNED NOT NULL AUTO_INCREMENT, AUTO_INCREMENT=762;

--
-- AUTO_INCREMENT for table `website_settings`
--
ALTER TABLE `website_settings`
  MODIFY `id` int(100) NOT NULL AUTO_INCREMENT, AUTO_INCREMENT=3;

--
-- Constraints for dumped tables
--

--
-- Constraints for table `users_groups`
--
ALTER TABLE `users_groups`
  ADD CONSTRAINT `fk_users_groups_groups1` FOREIGN KEY (`group_id`) REFERENCES `groups` (`id`) ON DELETE CASCADE ON UPDATE NO ACTION,
  ADD CONSTRAINT `fk_users_groups_users1` FOREIGN KEY (`user_id`) REFERENCES `users` (`id`) ON DELETE CASCADE ON UPDATE NO ACTION;
--
-- Database: `db`
--
CREATE DATABASE IF NOT EXISTS `db` DEFAULT CHARACTER SET utf8mb4 COLLATE utf8mb4_general_ci;
USE `db`;

-- --------------------------------------------------------

--
-- Table structure for table `ci_cookies`
--

CREATE TABLE `ci_cookies` (
  `id` int(11) NOT NULL,
  `cookie_id` varchar(255) DEFAULT NULL,
  `netid` varchar(255) DEFAULT NULL,
  `ip_address` varchar(255) DEFAULT NULL,
  `user_agent` varchar(255) DEFAULT NULL,
  `orig_page_requested` varchar(120) DEFAULT NULL,
  `php_session_id` varchar(40) DEFAULT NULL,
  `created_at` datetime DEFAULT NULL,
  `updated_at` datetime DEFAULT NULL
) ENGINE=InnoDB DEFAULT CHARSET=latin1 COLLATE=latin1_swedish_ci;

-- --------------------------------------------------------

--
-- Table structure for table `ci_sessions`
--

CREATE TABLE `ci_sessions` (
  `session_id` varchar(40) NOT NULL DEFAULT '0',
  `ip_address` varchar(45) NOT NULL DEFAULT '0',
  `user_agent` varchar(120) NOT NULL,
  `last_activity` int(10) UNSIGNED NOT NULL DEFAULT 0,
  `user_data` text NOT NULL
) ENGINE=MyISAM DEFAULT CHARSET=latin1 COLLATE=latin1_swedish_ci;

-- --------------------------------------------------------

--
-- Table structure for table `patients`
--

CREATE TABLE `patients` (
  `id` int(10) UNSIGNED NOT NULL,
  `fullname` varchar(255) NOT NULL,
  `passcode` varchar(255) NOT NULL,
  `phone` varchar(255) NOT NULL,
  `email` varchar(255) NOT NULL
) ENGINE=InnoDB DEFAULT CHARSET=latin1 COLLATE=latin1_swedish_ci;

-- --------------------------------------------------------

--
-- Table structure for table `reports`
--

CREATE TABLE `reports` (
  `id` int(10) UNSIGNED NOT NULL,
  `patient_id` int(10) UNSIGNED NOT NULL,
  `type` enum('pdf','text') NOT NULL,
  `file` tinytext NOT NULL,
  `text` text NOT NULL,
  `date` datetime NOT NULL,
  `entered_by` varchar(255) NOT NULL
) ENGINE=InnoDB DEFAULT CHARSET=latin1 COLLATE=latin1_swedish_ci;

-- --------------------------------------------------------

--
-- Table structure for table `users`
--

CREATE TABLE `users` (
  `id` int(10) UNSIGNED NOT NULL,
  `username` varchar(255) NOT NULL,
  `password` varchar(255) NOT NULL,
  `email` varchar(255) NOT NULL,
  `firstname` varchar(255) DEFAULT NULL,
  `lastname` varchar(255) DEFAULT NULL,
  `phone` varchar(255) DEFAULT NULL
) ENGINE=InnoDB DEFAULT CHARSET=latin1 COLLATE=latin1_swedish_ci;

--
-- Dumping data for table `users`
--

INSERT INTO `users` (`id`, `username`, `password`, `email`, `firstname`, `lastname`, `phone`) VALUES
(1, 'admin', '21232f297a57a5a743894a0e4a801fc3', 'sridharkalaibala@gmail.com', 'Sridhar', 'Balasubramanian', '9008427482');

--
-- Indexes for dumped tables
--

--
-- Indexes for table `ci_cookies`
--
ALTER TABLE `ci_cookies`
  ADD PRIMARY KEY (`id`);

--
-- Indexes for table `ci_sessions`
--
ALTER TABLE `ci_sessions`
  ADD PRIMARY KEY (`session_id`),
  ADD KEY `last_activity_idx` (`last_activity`);

--
-- Indexes for table `patients`
--
ALTER TABLE `patients`
  ADD PRIMARY KEY (`id`);

--
-- Indexes for table `reports`
--
ALTER TABLE `reports`
  ADD PRIMARY KEY (`id`);

--
-- Indexes for table `users`
--
ALTER TABLE `users`
  ADD PRIMARY KEY (`id`);

--
-- AUTO_INCREMENT for dumped tables
--

--
-- AUTO_INCREMENT for table `ci_cookies`
--
ALTER TABLE `ci_cookies`
  MODIFY `id` int(11) NOT NULL AUTO_INCREMENT;

--
-- AUTO_INCREMENT for table `patients`
--
ALTER TABLE `patients`
  MODIFY `id` int(10) UNSIGNED NOT NULL AUTO_INCREMENT, AUTO_INCREMENT=22;

--
-- AUTO_INCREMENT for table `reports`
--
ALTER TABLE `reports`
  MODIFY `id` int(10) UNSIGNED NOT NULL AUTO_INCREMENT, AUTO_INCREMENT=21;

--
-- AUTO_INCREMENT for table `users`
--
ALTER TABLE `users`
  MODIFY `id` int(10) UNSIGNED NOT NULL AUTO_INCREMENT, AUTO_INCREMENT=8;
--
-- Database: `diagnostic`
--
CREATE DATABASE IF NOT EXISTS `diagnostic` DEFAULT CHARACTER SET utf8mb4 COLLATE utf8mb4_general_ci;
USE `diagnostic`;

-- --------------------------------------------------------

--
-- Table structure for table `categories`
--

CREATE TABLE `categories` (
  `categories_id` int(11) NOT NULL,
  `categories_name` varchar(255) NOT NULL,
  `categories_active` int(11) NOT NULL DEFAULT 0,
  `categories_status` int(11) NOT NULL DEFAULT 0
) ENGINE=InnoDB DEFAULT CHARSET=latin1 COLLATE=latin1_swedish_ci;

--
-- Dumping data for table `categories`
--

INSERT INTO `categories` (`categories_id`, `categories_name`, `categories_active`, `categories_status`) VALUES
(1, 'Blood', 1, 1),
(2, 'Urine', 2, 1),
(3, 'Sugar', 1, 1),
(4, 'LipidProfile', 1, 1);

-- --------------------------------------------------------

--
-- Table structure for table `manage_website`
--

CREATE TABLE `manage_website` (
  `id` int(11) NOT NULL,
  `title` varchar(600) NOT NULL,
  `short_title` varchar(600) NOT NULL,
  `logo` text NOT NULL,
  `footer` text NOT NULL,
  `currency_code` varchar(600) NOT NULL,
  `currency_symbol` varchar(600) NOT NULL,
  `login_logo` text NOT NULL,
  `invoice_logo` text NOT NULL,
  `background_login_image` text NOT NULL
) ENGINE=InnoDB DEFAULT CHARSET=latin1 COLLATE=latin1_swedish_ci;

--
-- Dumping data for table `manage_website`
--

INSERT INTO `manage_website` (`id`, `title`, `short_title`, `logo`, `footer`, `currency_code`, `currency_symbol`, `login_logo`, `invoice_logo`, `background_login_image`) VALUES
(1, 'Admin Panel by ', '9090908080', 'logo.jpg', 'Admin PanelÂ ', 'India', 'INR', 'logo.png', 'logo.jpg', 'logo.jpg');

-- --------------------------------------------------------

--
-- Table structure for table `orders`
--

CREATE TABLE `orders` (
  `order_id` int(11) NOT NULL,
  `order_date` date NOT NULL,
  `client_name` varchar(255) NOT NULL,
  `client_contact` varchar(255) NOT NULL,
  `sub_total` varchar(255) NOT NULL,
  `vat` varchar(255) NOT NULL,
  `total_amount` varchar(255) NOT NULL,
  `discount` varchar(255) NOT NULL,
  `grand_total` varchar(255) NOT NULL,
  `paid` varchar(255) NOT NULL,
  `due` varchar(255) NOT NULL,
  `payment_type` int(11) NOT NULL,
  `payment_status` int(11) NOT NULL,
  `payment_place` int(11) NOT NULL,
  `gstn` varchar(255) NOT NULL,
  `order_status` int(11) NOT NULL DEFAULT 0,
  `user_id` int(11) NOT NULL,
  `file` varchar(100) NOT NULL
) ENGINE=InnoDB DEFAULT CHARSET=latin1 COLLATE=latin1_swedish_ci;

--
-- Dumping data for table `orders`
--

INSERT INTO `orders` (`order_id`, `order_date`, `client_name`, `client_contact`, `sub_total`, `vat`, `total_amount`, `discount`, `grand_total`, `paid`, `due`, `payment_type`, `payment_status`, `payment_place`, `gstn`, `order_status`, `user_id`, `file`) VALUES
(1, '2022-09-12', '1', '6060606060', '965.00', '173.70', '1138.70', '', '1138.70', '1138', '0.70', 0, 2, 1, '173.70', 1, 1, 'Z614.pdf'),
(2, '2022-09-12', '2', '8080808080', '768.00', '138.24', '906.24', '', '906.24', '906', '0.24', 2, 1, 1, '138.24', 1, 1, 'Z614.pdf'),
(3, '2022-09-12', '4', '7070807080', '1391.00', '250.38', '1641.38', '', '1641.38', '1641', '0.38', 5, 1, 1, '250.38', 1, 1, 'Z614.pdf'),
(4, '2024-03-24', '5', '9999999999', '830.00', '149.40', '979.40', '', '979.40', '980', '-0.60', 2, 1, 1, '149.40', 1, 1, 'Nesternship Pre-Invite _ Nestlé.pdf'),
(5, '2024-03-25', '4', '7070807080', '700.00', '126.00', '826.00', '', '826.00', '', '826.00', 2, 1, 1, '126.00', 1, 1, 'DEMO.pdf');

-- --------------------------------------------------------

--
-- Table structure for table `order_item`
--

CREATE TABLE `order_item` (
  `order_item_id` int(11) NOT NULL,
  `order_id` int(11) NOT NULL DEFAULT 0,
  `product_id` int(11) NOT NULL DEFAULT 0,
  `quantity` varchar(255) NOT NULL,
  `rate` varchar(255) NOT NULL,
  `total` varchar(255) NOT NULL,
  `order_item_status` int(11) NOT NULL DEFAULT 0
) ENGINE=InnoDB DEFAULT CHARSET=latin1 COLLATE=latin1_swedish_ci;

--
-- Dumping data for table `order_item`
--

INSERT INTO `order_item` (`order_item_id`, `order_id`, `product_id`, `quantity`, `rate`, `total`, `order_item_status`) VALUES
(3, 2, 7, '1', '768', '768.00', 1),
(4, 3, 9, '1', '223', '223.00', 1),
(5, 3, 7, '1', '768', '768.00', 1),
(6, 3, 1, '1', '400', '400.00', 1),
(7, 1, 2, '1', '200', '200.00', 1),
(8, 1, 6, '1', '765', '765.00', 1),
(9, 4, 10, '1', '420', '420.00', 1),
(10, 4, 12, '1', '410', '410.00', 1),
(11, 5, 1, '1', '400', '400.00', 1),
(12, 5, 4, '1', '300', '300.00', 1);

-- --------------------------------------------------------

--
-- Table structure for table `product`
--

CREATE TABLE `product` (
  `product_id` int(11) NOT NULL,
  `product_name` varchar(255) NOT NULL,
  `product_image` text NOT NULL,
  `brand_id` int(11) NOT NULL,
  `categories_id` int(11) NOT NULL,
  `quantity` varchar(255) NOT NULL,
  `rate` varchar(255) NOT NULL,
  `active` int(11) NOT NULL DEFAULT 0,
  `status` int(11) NOT NULL DEFAULT 0
) ENGINE=InnoDB DEFAULT CHARSET=latin1 COLLATE=latin1_swedish_ci;

--
-- Dumping data for table `product`
--

INSERT INTO `product` (`product_id`, `product_name`, `product_image`, `brand_id`, `categories_id`, `quantity`, `rate`, `active`, `status`) VALUES
(1, 'Complete Blood Count (Hemogram)', '', 0, 1, '-2', '400', 1, 1),
(2, 'Electrolyte test', '', 0, 1, '76', '200', 1, 1),
(3, 'Thyroid Panel', '', 0, 1, '0', '750', 1, 1),
(4, 'Diabetes Panel', '', 0, 3, '0', '300', 1, 1),
(5, 'Liver Panel', '', 0, 2, '1', '600', 1, 1),
(6, 'Blood gases test', '', 0, 1, '99', '765', 1, 1),
(7, 'Cancer blood tests', '', 0, 1, '698', '768', 1, 1),
(8, 'Coagulation tests', '', 0, 1, '578', '576', 1, 1),
(9, 'Genetic testing and screening', '', 0, 1, '232', '223', 1, 1),
(10, 'LDL', '', 0, 4, '0', '420', 1, 1),
(11, 'LDL', '', 0, 4, '1', '200', 2, 2),
(12, 'HDL', '', 0, 4, '0', '410', 1, 1),
(13, 'ss', '', 0, 1, '1', '11', 2, 2),
(14, 'ss', '', 0, 1, '3', '12', 2, 2),
(15, 'ff', '', 0, 1, '12', '12', 2, 2),
(16, 'aa', '', 0, 1, '1', '200', 2, 2);

-- --------------------------------------------------------

--
-- Table structure for table `tbl_client`
--

CREATE TABLE `tbl_client` (
  `id` int(11) NOT NULL,
  `name` varchar(150) NOT NULL,
  `gender` varchar(150) NOT NULL,
  `mob_no` varchar(150) NOT NULL,
  `reffering` varchar(150) NOT NULL,
  `address` varchar(250) NOT NULL,
  `created_date_time` timestamp NOT NULL DEFAULT current_timestamp() ON UPDATE current_timestamp(),
  `delete_status` int(11) NOT NULL
) ENGINE=InnoDB DEFAULT CHARSET=utf8mb4 COLLATE=utf8mb4_general_ci;

--
-- Dumping data for table `tbl_client`
--

INSERT INTO `tbl_client` (`id`, `name`, `gender`, `mob_no`, `reffering`, `address`, `created_date_time`, `delete_status`) VALUES
(1, 'Rani varma', 'Female', '6060606060', 'Dr.Subhash Ahire', 'Khowai', '2024-03-24 14:45:18', 0),
(2, 'Atul Pethkar', 'Male', '8080808080', 'Dr.Akash Ahire', 'Sambhaji Nagar', '2022-09-12 17:03:13', 0),
(3, 'Sushal Pagar', 'Female', '7070707070', 'Dr.Akash Ahire', 'Dharavi Mumbai', '2022-09-12 17:03:36', 0),
(4, 'Sushmita Joshi', 'Female', '7070807080', 'Dr.Jignesh Kolhe', 'At Post Pimplegaon, near Nasik airport, Nashik Maharashtra, India', '2022-09-12 17:37:02', 0),
(5, 'Anuj Saha', 'Male', '9999999999', 'Dr. Santa Saha', 'Ganki', '2024-03-24 14:49:58', 0);

-- --------------------------------------------------------

--
-- Table structure for table `tbl_email_config`
--

CREATE TABLE `tbl_email_config` (
  `e_id` int(21) NOT NULL,
  `name` varchar(500) NOT NULL,
  `mail_driver_host` varchar(5000) NOT NULL,
  `mail_port` int(50) NOT NULL,
  `mail_username` varchar(50) NOT NULL,
  `mail_password` varchar(30) NOT NULL,
  `mail_encrypt` varchar(300) NOT NULL
) ENGINE=InnoDB DEFAULT CHARSET=latin1 COLLATE=latin1_swedish_ci;

-- --------------------------------------------------------

--
-- Table structure for table `users`
--

CREATE TABLE `users` (
  `user_id` int(11) NOT NULL,
  `username` varchar(255) NOT NULL,
  `password` varchar(255) NOT NULL,
  `email` varchar(255) NOT NULL
) ENGINE=InnoDB DEFAULT CHARSET=latin1 COLLATE=latin1_swedish_ci;

--
-- Dumping data for table `users`
--

INSERT INTO `users` (`user_id`, `username`, `password`, `email`) VALUES
(1, 'mayuri.infospace@gmail.com', 'cd92a26534dba48cd785cdcc0b3e6bd1', 'mayuri.infospace@gmail.com'),
(2, 'SubAdmin', 'abdb392f09c7376fe5ce059f045de38b', 'subadmin@gmail.com');

--
-- Indexes for dumped tables
--

--
-- Indexes for table `categories`
--
ALTER TABLE `categories`
  ADD PRIMARY KEY (`categories_id`);

--
-- Indexes for table `manage_website`
--
ALTER TABLE `manage_website`
  ADD PRIMARY KEY (`id`);

--
-- Indexes for table `orders`
--
ALTER TABLE `orders`
  ADD PRIMARY KEY (`order_id`);

--
-- Indexes for table `order_item`
--
ALTER TABLE `order_item`
  ADD PRIMARY KEY (`order_item_id`);

--
-- Indexes for table `product`
--
ALTER TABLE `product`
  ADD PRIMARY KEY (`product_id`);

--
-- Indexes for table `tbl_client`
--
ALTER TABLE `tbl_client`
  ADD PRIMARY KEY (`id`);

--
-- Indexes for table `tbl_email_config`
--
ALTER TABLE `tbl_email_config`
  ADD PRIMARY KEY (`e_id`);

--
-- Indexes for table `users`
--
ALTER TABLE `users`
  ADD PRIMARY KEY (`user_id`);

--
-- AUTO_INCREMENT for dumped tables
--

--
-- AUTO_INCREMENT for table `categories`
--
ALTER TABLE `categories`
  MODIFY `categories_id` int(11) NOT NULL AUTO_INCREMENT, AUTO_INCREMENT=5;

--
-- AUTO_INCREMENT for table `manage_website`
--
ALTER TABLE `manage_website`
  MODIFY `id` int(11) NOT NULL AUTO_INCREMENT, AUTO_INCREMENT=2;

--
-- AUTO_INCREMENT for table `orders`
--
ALTER TABLE `orders`
  MODIFY `order_id` int(11) NOT NULL AUTO_INCREMENT, AUTO_INCREMENT=6;

--
-- AUTO_INCREMENT for table `order_item`
--
ALTER TABLE `order_item`
  MODIFY `order_item_id` int(11) NOT NULL AUTO_INCREMENT, AUTO_INCREMENT=13;

--
-- AUTO_INCREMENT for table `product`
--
ALTER TABLE `product`
  MODIFY `product_id` int(11) NOT NULL AUTO_INCREMENT, AUTO_INCREMENT=17;

--
-- AUTO_INCREMENT for table `tbl_client`
--
ALTER TABLE `tbl_client`
  MODIFY `id` int(11) NOT NULL AUTO_INCREMENT, AUTO_INCREMENT=6;

--
-- AUTO_INCREMENT for table `tbl_email_config`
--
ALTER TABLE `tbl_email_config`
  MODIFY `e_id` int(21) NOT NULL AUTO_INCREMENT;

--
-- AUTO_INCREMENT for table `users`
--
ALTER TABLE `users`
  MODIFY `user_id` int(11) NOT NULL AUTO_INCREMENT, AUTO_INCREMENT=3;
--
-- Database: `hmisphp`
--
CREATE DATABASE IF NOT EXISTS `hmisphp` DEFAULT CHARACTER SET utf8mb4 COLLATE utf8mb4_general_ci;
USE `hmisphp`;

-- --------------------------------------------------------

--
-- Table structure for table `his_accounts`
--

CREATE TABLE `his_accounts` (
  `acc_id` int(200) NOT NULL,
  `acc_name` varchar(200) DEFAULT NULL,
  `acc_desc` text DEFAULT NULL,
  `acc_type` varchar(200) DEFAULT NULL,
  `acc_number` varchar(200) DEFAULT NULL,
  `acc_amount` varchar(200) DEFAULT NULL
) ENGINE=InnoDB DEFAULT CHARSET=latin1 COLLATE=latin1_swedish_ci;

--
-- Dumping data for table `his_accounts`
--

INSERT INTO `his_accounts` (`acc_id`, `acc_name`, `acc_desc`, `acc_type`, `acc_number`, `acc_amount`) VALUES
(1, 'Individual Retirement Account', '<p>IRA&rsquo;s are simply an account where you stash your money for retirement. The concept is pretty simple, your account balance is not taxed UNTIL you withdraw, at which point you pay the taxes there. This allows you to grow your account with interest without taxes taking away from the balance. The net result is you earn more money.</p>', 'Payable Account', '518703294', '25000'),
(2, 'Equity Bank', '<p>Find <em>bank account</em> stock <em>images</em> in HD and millions of other royalty-free stock photos, illustrations and vectors in the Shutterstock collection. Thousands of new</p>', 'Receivable Account', '753680912', '12566'),
(3, 'Test Account Name', '<p>This is a demo test</p>', 'Payable Account', '620157843', '1100');

-- --------------------------------------------------------

--
-- Table structure for table `his_admin`
--

CREATE TABLE `his_admin` (
  `ad_id` int(20) NOT NULL,
  `ad_fname` varchar(200) DEFAULT NULL,
  `ad_lname` varchar(200) DEFAULT NULL,
  `ad_email` varchar(200) DEFAULT NULL,
  `ad_pwd` varchar(200) DEFAULT NULL,
  `ad_dpic` varchar(200) DEFAULT NULL
) ENGINE=InnoDB DEFAULT CHARSET=latin1 COLLATE=latin1_swedish_ci;

--
-- Dumping data for table `his_admin`
--

INSERT INTO `his_admin` (`ad_id`, `ad_fname`, `ad_lname`, `ad_email`, `ad_pwd`, `ad_dpic`) VALUES
(1, 'System', 'Administrator', 'admin@mail.com', 'admin', 'doc-icon.png');

-- --------------------------------------------------------

--
-- Table structure for table `his_assets`
--

CREATE TABLE `his_assets` (
  `asst_id` int(20) NOT NULL,
  `asst_name` varchar(200) DEFAULT NULL,
  `asst_desc` longtext DEFAULT NULL,
  `asst_vendor` varchar(200) DEFAULT NULL,
  `asst_status` varchar(200) DEFAULT NULL,
  `asst_dept` varchar(200) DEFAULT NULL
) ENGINE=InnoDB DEFAULT CHARSET=latin1 COLLATE=latin1_swedish_ci;

-- --------------------------------------------------------

--
-- Table structure for table `his_docs`
--

CREATE TABLE `his_docs` (
  `doc_id` int(20) NOT NULL,
  `doc_fname` varchar(200) DEFAULT NULL,
  `doc_lname` varchar(200) DEFAULT NULL,
  `doc_email` varchar(200) DEFAULT NULL,
  `doc_pwd` varchar(200) DEFAULT NULL,
  `doc_dept` varchar(200) DEFAULT NULL,
  `doc_number` varchar(200) DEFAULT NULL,
  `doc_dpic` varchar(200) DEFAULT NULL
) ENGINE=InnoDB DEFAULT CHARSET=latin1 COLLATE=latin1_swedish_ci;

--
-- Dumping data for table `his_docs`
--

INSERT INTO `his_docs` (`doc_id`, `doc_fname`, `doc_lname`, `doc_email`, `doc_pwd`, `doc_dept`, `doc_number`, `doc_dpic`) VALUES
(5, 'Aletha', 'White', 'aletha@mail.com', 'pass', 'Laboratory', 'BKTWQ', 'defaultimg.jpg'),
(6, 'Bryan', 'Arreola', 'bryan@mail.com', 'pass', 'Surgery | Theatre', 'YDS7L', 'user-default-2-min.png'),
(12, 'Jessica', 'Spencer', 'jessica@mail.com', 'pass', 'Accounting', '5VIFT', 'usric.png');

-- --------------------------------------------------------

--
-- Table structure for table `his_equipments`
--

CREATE TABLE `his_equipments` (
  `eqp_id` int(20) NOT NULL,
  `eqp_code` varchar(200) DEFAULT NULL,
  `eqp_name` varchar(200) DEFAULT NULL,
  `eqp_vendor` varchar(200) DEFAULT NULL,
  `eqp_desc` longtext DEFAULT NULL,
  `eqp_dept` varchar(200) DEFAULT NULL,
  `eqp_status` varchar(200) DEFAULT NULL,
  `eqp_qty` varchar(200) DEFAULT NULL
) ENGINE=InnoDB DEFAULT CHARSET=latin1 COLLATE=latin1_swedish_ci;

--
-- Dumping data for table `his_equipments`
--

INSERT INTO `his_equipments` (`eqp_id`, `eqp_code`, `eqp_name`, `eqp_vendor`, `eqp_desc`, `eqp_dept`, `eqp_status`, `eqp_qty`) VALUES
(2, '178640239', 'TestTubes', 'Casio', '<p>Testtubes are used to perform lab tests--</p>', 'Laboratory', 'Functioning', '700000'),
(3, '052367981', 'Surgical Robot', 'Nexus', '<p>Surgical Robots aid in surgey process.</p>', 'Surgical | Theatre', 'Functioning', '100');

-- --------------------------------------------------------

--
-- Table structure for table `his_laboratory`
--

CREATE TABLE `his_laboratory` (
  `lab_id` int(20) NOT NULL,
  `lab_pat_name` varchar(200) DEFAULT NULL,
  `lab_pat_ailment` varchar(200) DEFAULT NULL,
  `lab_pat_number` varchar(200) DEFAULT NULL,
  `lab_pat_tests` longtext DEFAULT NULL,
  `lab_pat_results` longtext DEFAULT NULL,
  `lab_number` varchar(200) DEFAULT NULL,
  `lab_date_rec` timestamp NULL DEFAULT current_timestamp() ON UPDATE current_timestamp()
) ENGINE=InnoDB DEFAULT CHARSET=latin1 COLLATE=latin1_swedish_ci;

--
-- Dumping data for table `his_laboratory`
--

INSERT INTO `his_laboratory` (`lab_id`, `lab_pat_name`, `lab_pat_ailment`, `lab_pat_number`, `lab_pat_tests`, `lab_pat_results`, `lab_number`, `lab_date_rec`) VALUES
(1, 'Lorem Ipsum ', 'Flu', '7EW0L', '<ul><li><a href=\"https://www.medicalnewstoday.com/articles/179211.php\">Non-steroidal anti-inflammatory drugs</a> (NSAIDs) such as <a href=\"https://www.medicalnewstoday.com/articles/161255.php\">aspirin</a> or ibuprofen can help bring a fever down. These are available to purchase over-the-counter or <a target=\"_blank\" href=\"https://amzn.to/2qp3d0b\">online</a>. However, a mild fever may be helping combat the bacterium or virus that is causing the infection. It may not be ideal to bring it down.</li><li>If the fever has been caused by a bacterial infection, the doctor may prescribe an <a href=\"https://www.medicalnewstoday.com/articles/10278.php\">antibiotic</a>.</li><li>If a fever has been caused by a cold, which is caused by a viral infection, NSAIDs may be used to relieve uncomfortable symptoms. Antibiotics have no effect against viruses and will not be prescribed by your doctor for a viral infection.</li></ul>', '<ul><li>If the fever has been caused by a bacterial infection, the doctor may prescribe an <a href=\"https://www.medicalnewstoday.com/articles/10278.php\">antibiotic</a>.</li><li>If a fever has been caused by a cold, which is caused by a viral infection, NSAIDs may be used to relieve uncomfortable symptoms. Antibiotics have no effect against viruses and will not be prescribed by your doctor for a viral infection.</li></ul>', 'K67PL', '2020-01-12 13:32:07'),
(2, 'Mart Developers', 'Fever', '6P8HJ', '<ul><li>Body temperature</li><li>Blood</li><li>Stool</li><li>Urine</li></ul>', 'aa', '9DMN5', '2024-03-24 11:06:57'),
(3, 'John Doe', 'Malaria', 'RAV6C', '<p><strong>Pain areas: </strong>in the abdomen or muscles</p><p><strong>Whole body: </strong>chills, fatigue, fever, night sweats, shivering, or sweating</p><p><strong>Gastrointestinal: </strong>diarrhoea, nausea, or vomiting</p><p><strong>Also common: </strong>fast heart rate, headache, mental confusion, or pallor</p>', '<p><strong>Pain areas: </strong>in the abdomen or muscles -Tested Positive</p><p><strong>Whole body: </strong>chills, fatigue, fever, night sweats, shivering, or sweating - Tested Positive</p><p><strong>Gastrointestinal: </strong>diarrhoea, nausea, or vomiting - Tested Positive</p><p>&nbsp;</p>', '90ZNX', '2020-01-13 12:31:48'),
(4, 'Cynthia Connolly', 'Demo Test', '3Z14K', '<p>demo demo demo demo</p>', '<p>54545</p>', 'G0VZU', '2022-10-20 17:48:05'),
(5, 'Christine Moore', 'Demo Test', '4TLG0', '<ol><li>Test One</li><li>Test Two</li><li>Test Three</li><li>Test Four</li><li>Test Five</li></ol>', '<ol><li>Result One</li><li>Result Two</li><li>Result Three</li></ol>', 'RA4UM', '2022-10-22 11:01:11'),
(6, 'Michael White', 'Demo Test', 'DCRI8', 'CBC, HB, LDL-HLD Ratio', 'BCB-102\r\nHB- 12.2\r\nLDL-HDL - 104', 'VGBIO', '2024-03-24 11:11:07'),
(7, 'sita maiya', 'NA', 'QDC4S', '<p>HB</p><p>LDL</p><p>HDL</p>', '<p>HB-12</p><p>LDL-Good</p><p>HDL-good</p>', 'YWKA5', '2024-04-02 21:48:23');

-- --------------------------------------------------------

--
-- Table structure for table `his_medical_records`
--

CREATE TABLE `his_medical_records` (
  `mdr_id` int(20) NOT NULL,
  `mdr_number` varchar(200) DEFAULT NULL,
  `mdr_pat_name` varchar(200) DEFAULT NULL,
  `mdr_pat_adr` varchar(200) DEFAULT NULL,
  `mdr_pat_age` varchar(200) DEFAULT NULL,
  `mdr_pat_ailment` varchar(200) DEFAULT NULL,
  `mdr_pat_number` varchar(200) DEFAULT NULL,
  `mdr_pat_prescr` longtext DEFAULT NULL,
  `mdr_date_rec` timestamp(4) NOT NULL DEFAULT current_timestamp(4) ON UPDATE current_timestamp(4)
) ENGINE=InnoDB DEFAULT CHARSET=latin1 COLLATE=latin1_swedish_ci;

--
-- Dumping data for table `his_medical_records`
--

INSERT INTO `his_medical_records` (`mdr_id`, `mdr_number`, `mdr_pat_name`, `mdr_pat_adr`, `mdr_pat_age`, `mdr_pat_ailment`, `mdr_pat_number`, `mdr_pat_prescr`, `mdr_date_rec`) VALUES
(1, 'ZNXI4', 'John Doe', '12 900 Los Angeles', '35', 'Malaria', 'RAV6C', '<ul><li>Combination of atovaquone and proguanil (Malarone)</li><li>Quinine sulfate (Qualaquin) with doxycycline (Vibramycin, Monodox, others)</li><li>Mefloquine.</li><li>Primaquine phosphate.</li></ul>', '2020-01-11 15:03:05.9839'),
(2, 'MIA9P', 'Cynthia Connolly', '9 Hill Haven Drive', '22', 'Demo Test', '3Z14K', NULL, '2022-10-18 17:07:46.7306'),
(3, 'F1ZHQ', 'Michael White', '60 Radford Street', '30', 'Demo Test', 'DCRI8', NULL, '2022-10-18 17:08:35.7938'),
(4, 'ZLN0Q', 'Lawrence Bischof', '82 Bryan Street', '32', 'Demo Test', 'ISL1E', '<ol><li>sample</li><li>sampl</li><li>sample</li><li>sample</li></ol>', '2022-10-20 17:22:15.7034'),
(5, '906DV', 'sita maiya', 'ee', '23', 'NA', 'QDC4S', '<p>Zerodol SP</p><p>Saredon</p>', '2024-04-02 21:54:30.6176');

-- --------------------------------------------------------

--
-- Table structure for table `his_patients`
--

CREATE TABLE `his_patients` (
  `pat_id` int(20) NOT NULL,
  `pat_fname` varchar(200) DEFAULT NULL,
  `pat_lname` varchar(200) DEFAULT NULL,
  `pat_dob` varchar(200) DEFAULT NULL,
  `pat_age` varchar(200) DEFAULT NULL,
  `pat_number` varchar(200) DEFAULT NULL,
  `pat_addr` varchar(200) DEFAULT NULL,
  `pat_phone` varchar(200) DEFAULT NULL,
  `pat_type` varchar(200) DEFAULT NULL,
  `pat_date_joined` timestamp(6) NOT NULL DEFAULT current_timestamp(6) ON UPDATE current_timestamp(6),
  `pat_ailment` varchar(200) DEFAULT NULL,
  `pat_discharge_status` varchar(200) DEFAULT NULL
) ENGINE=InnoDB DEFAULT CHARSET=latin1 COLLATE=latin1_swedish_ci;

--
-- Dumping data for table `his_patients`
--

INSERT INTO `his_patients` (`pat_id`, `pat_fname`, `pat_lname`, `pat_dob`, `pat_age`, `pat_number`, `pat_addr`, `pat_phone`, `pat_type`, `pat_date_joined`, `pat_ailment`, `pat_discharge_status`) VALUES
(8, 'Michael', 'White', '02/02/1992', '30', 'DCRI8', '60 Radford Street', '1458887854', 'OutPatient', '2024-03-24 11:23:10.979711', 'Demo Test', NULL),
(9, 'Lawrence', 'Bischof', '01/19/1990', '32', 'ISL1E', '82 Bryan Street', '7412225698', 'InPatient', '2022-10-18 16:53:26.210951', 'Demo Test', NULL),
(10, 'Cynthia', 'Connolly', '10/11/2000', '22', '3Z14K', '9 Hill Haven Drive', '1478885458', 'InPatient', '2022-10-18 16:54:53.104490', 'Demo Test', NULL),
(11, 'Helen', 'Macdougall', '01/01/1980', '42', 'KU8W4', '28 Holly Street', '1458889655', 'OutPatient', '2022-10-20 17:26:45.256878', 'Test Test', NULL),
(12, 'Christine', 'Moore', '11/06/1994', '28', '3YXFR', '117 Bleecker Street', '7412569698', 'OutPatient', '2024-03-24 11:32:11.569397', 'Demo Test', NULL),
(13, 'sita', 'maiya', '12/12/2000', '23', 'I87HP', 'ee', '8989898989', 'OutPatient', '2024-04-02 21:56:24.402772', 'NA', NULL);

-- --------------------------------------------------------

--
-- Table structure for table `his_patient_transfers`
--

CREATE TABLE `his_patient_transfers` (
  `t_id` int(20) NOT NULL,
  `t_hospital` varchar(200) DEFAULT NULL,
  `t_date` varchar(200) DEFAULT NULL,
  `t_pat_name` varchar(200) DEFAULT NULL,
  `t_pat_number` varchar(200) DEFAULT NULL,
  `t_status` varchar(200) DEFAULT NULL
) ENGINE=InnoDB DEFAULT CHARSET=latin1 COLLATE=latin1_swedish_ci;

--
-- Dumping data for table `his_patient_transfers`
--

INSERT INTO `his_patient_transfers` (`t_id`, `t_hospital`, `t_date`, `t_pat_name`, `t_pat_number`, `t_status`) VALUES
(1, 'Kenyatta National Hospital', '2020-01-11', 'Mart Developers', '9KXPM', 'Success'),
(2, 'dg', '2024-04-03', 'Michael White', 'DCRI8', 'Success'),
(3, 'gh', '2024-04-03', 'Michael White', 'DCRI8', 'Success'),
(4, 'dg', '2024-04-26', 'sita maiya', 'I87HP', 'Success');

-- --------------------------------------------------------

--
-- Table structure for table `his_payrolls`
--

CREATE TABLE `his_payrolls` (
  `pay_id` int(20) NOT NULL,
  `pay_number` varchar(200) DEFAULT NULL,
  `pay_doc_name` varchar(200) DEFAULT NULL,
  `pay_doc_number` varchar(200) DEFAULT NULL,
  `pay_doc_email` varchar(200) DEFAULT NULL,
  `pay_emp_salary` varchar(200) DEFAULT NULL,
  `pay_date_generated` timestamp(4) NOT NULL DEFAULT current_timestamp(4) ON UPDATE current_timestamp(4),
  `pay_status` varchar(200) DEFAULT NULL,
  `pay_descr` longtext DEFAULT NULL
) ENGINE=InnoDB DEFAULT CHARSET=latin1 COLLATE=latin1_swedish_ci;

--
-- Dumping data for table `his_payrolls`
--

INSERT INTO `his_payrolls` (`pay_id`, `pay_number`, `pay_doc_name`, `pay_doc_number`, `pay_doc_email`, `pay_emp_salary`, `pay_date_generated`, `pay_status`, `pay_descr`) VALUES
(2, 'HUT1B', 'Henry Doe', 'N8TI0', 'henryd@hms.org', '7555', '2022-10-20 17:14:18.3708', 'Paid', '<p>Lorem ipsum dolor sit amet, consectetuer adipiscing elit. Aenean commodo ligula eget dolor. Aenean massa. Cum sociis natoque penatibus et magnis dis parturient montes, nascetur ridiculus mus. Donec quam felis, ultricies nec, pellentesque eu, pretium quis, sem. Nulla consequat massa quis enim. Donec pede justo, fringilla vel, aliquet nec, vulputate eget, arcu. In enim justo, rhoncus ut, imperdiet a, venenatis vitae, justo. Nullam dictum felis eu pede mollis pretium. Integer tincidunt. Cras dapibus. Vivamus elementum semper nisi. Aenean vulputate eleifend tellus. Aenean leo ligula, porttitor eu, consequat vitae, eleifend ac, enim. Aliquam lorem ante, dapibus in, viverra quis, feugiat a,</p>'),
(3, 'T294L', 'Bryan Arreola', 'YDS7L', 'bryan@mail.com', '15500', '2022-10-20 17:14:50.5588', NULL, '<p>demo demo demo demo demo</p>'),
(4, '3UOXY', 'Jessica Spencer', '5VIFT', 'jessica@mail.com', '4150', '2022-10-22 11:04:36.9626', NULL, '<p>This is a demo payroll description for test!!</p>');

-- --------------------------------------------------------

--
-- Table structure for table `his_pharmaceuticals`
--

CREATE TABLE `his_pharmaceuticals` (
  `phar_id` int(20) NOT NULL,
  `phar_name` varchar(200) DEFAULT NULL,
  `phar_bcode` varchar(200) DEFAULT NULL,
  `phar_desc` longtext DEFAULT NULL,
  `phar_qty` varchar(200) DEFAULT NULL,
  `phar_cat` varchar(200) DEFAULT NULL,
  `phar_vendor` varchar(200) DEFAULT NULL
) ENGINE=InnoDB DEFAULT CHARSET=latin1 COLLATE=latin1_swedish_ci;

--
-- Dumping data for table `his_pharmaceuticals`
--

INSERT INTO `his_pharmaceuticals` (`phar_id`, `phar_name`, `phar_bcode`, `phar_desc`, `phar_qty`, `phar_cat`, `phar_vendor`) VALUES
(1, 'Paracetamol', '134057629', '<ul><li><strong>Paracetamol</strong>, also known as <strong>acetaminophen</strong> and <strong>APAP</strong>, is a medication used to treat <a href=\"https://en.wikipedia.org/wiki/Pain\">pain</a> and <a href=\"https://en.wikipedia.org/wiki/Fever\">fever</a>. It is typically used for mild to moderate pain relief. There is mixed evidence for its use to relieve fever in children.&nbsp; It is often sold in combination with other medications, such as in many <a href=\"https://en.wikipedia.org/wiki/Cold_medication\">cold medications</a> Paracetamol is also used for severe pain, such as <a href=\"https://en.wikipedia.org/wiki/Cancer_pain\">cancer pain</a> and pain after surgery, in combination with <a href=\"https://en.wikipedia.org/wiki/Opioid_analgesic\">opioid pain medication</a>. It is typically used either by mouth or <a href=\"https://en.wikipedia.org/wiki/Rectally\">rectally</a>, but is also available by <a href=\"https://en.wikipedia.org/wiki/Intravenous\">injection into a vein</a>. Effects last between two and four hours.</li><li>Paracetamol is generally safe at recommended doses.The recommended maximum daily dose for an adult is three to four grams. Higher doses may lead to toxicity, including <a href=\"https://en.wikipedia.org/wiki/Liver_failure\">liver failure</a> Serious skin rashes may rarely occur. It appears to be safe during <a href=\"https://en.wikipedia.org/wiki/Pregnancy\">pregnancy</a> and when <a href=\"https://en.wikipedia.org/wiki/Breastfeeding\">breastfeeding</a>.In those with liver disease, it may still be used, but in lower doses. It is classified as a mild <a href=\"https://en.wikipedia.org/wiki/Analgesic\">analgesic</a>. It does not have significant <a href=\"https://en.wikipedia.org/wiki/Anti-inflammatory\">anti-inflammatory</a> activity. How it works is not entirely clear.</li><li>Paracetamol was first made in 1877. It is the most commonly used medication for pain and fever in both the United States and Europe. It is on the <a href=\"https://en.wikipedia.org/wiki/World_Health_Organization%27s_List_of_Essential_Medicines\">World Health Organization&#39;s List of Essential Medicines</a>, the safest and most effective medicines needed in a <a href=\"https://en.wikipedia.org/wiki/Health_system\">health system</a>.<a href=\"https://en.wikipedia.org/wiki/Paracetamol#cite_note-WHO21st-24\">[24]</a> Paracetamol is available as a <a href=\"https://en.wikipedia.org/wiki/Generic_medication\">generic medication</a> with trade names including <a href=\"https://en.wikipedia.org/wiki/Tylenol_(brand)\">Tylenol</a> and <a href=\"https://en.wikipedia.org/wiki/Panadol_(brand)\">Panadol</a>, among others.The wholesale price in the <a href=\"https://en.wikipedia.org/wiki/Developing_world\">developing world</a> is less than US$0.01 per dose. In the United States, it costs about US$0.04 per dose. In 2019, it was the 17th most prescribed medication in the United States, with more than 29&nbsp;million prescriptions.</li></ul>', '0', 'Analgesics', 'Dawa Limited Kenya'),
(2, 'Aspirin', '452760813', '<ul><li><strong>Aspirin</strong>, also known as <strong>acetylsalicylic acid</strong> (<strong>ASA</strong>), is a <a href=\"https://en.wikipedia.org/wiki/Medication\">medication</a> used to reduce <a href=\"https://en.wikipedia.org/wiki/Pain\">pain</a>, <a href=\"https://en.wikipedia.org/wiki/Fever\">fever</a>, or <a href=\"https://en.wikipedia.org/wiki/Inflammation\">inflammation</a>.<a href=\"https://en.wikipedia.org/wiki/Aspirin#cite_note-AHSF2016-5\">[5]</a> Specific inflammatory conditions which aspirin is used to treat include <a href=\"https://en.wikipedia.org/wiki/Kawasaki_disease\">Kawasaki disease</a>, <a href=\"https://en.wikipedia.org/wiki/Pericarditis\">pericarditis</a>, and <a href=\"https://en.wikipedia.org/wiki/Rheumatic_fever\">rheumatic fever</a>.<a href=\"https://en.wikipedia.org/wiki/Aspirin#cite_note-AHSF2016-5\">[5]</a> Aspirin given shortly after a <a href=\"https://en.wikipedia.org/wiki/Myocardial_infarction\">heart attack</a> decreases the risk of death.<a href=\"https://en.wikipedia.org/wiki/Aspirin#cite_note-AHSF2016-5\">[5]</a> Aspirin is also used long-term to help prevent further heart attacks, <a href=\"https://en.wikipedia.org/wiki/Ischaemic_stroke\">ischaemic strokes</a>, and <a href=\"https://en.wikipedia.org/wiki/Thrombus\">blood clots</a> in people at high risk.<a href=\"https://en.wikipedia.org/wiki/Aspirin#cite_note-AHSF2016-5\">[5]</a> It may also decrease the risk of certain types of <a href=\"https://en.wikipedia.org/wiki/Cancer\">cancer</a>, particularly <a href=\"https://en.wikipedia.org/wiki/Colorectal_cancer\">colorectal cancer</a>.<a href=\"https://en.wikipedia.org/wiki/Aspirin#cite_note-6\">[6]</a> For pain or fever, effects typically begin within 30 minutes.<a href=\"https://en.wikipedia.org/wiki/Aspirin#cite_note-AHSF2016-5\">[5]</a> Aspirin is a <a href=\"https://en.wikipedia.org/wiki/Nonsteroidal_anti-inflammatory_drug\">nonsteroidal anti-inflammatory drug</a> (NSAID) and works similarly to other NSAIDs but also suppresses the normal functioning of <a href=\"https://en.wikipedia.org/wiki/Platelet\">platelets</a>.<a href=\"https://en.wikipedia.org/wiki/Aspirin#cite_note-AHSF2016-5\">[5]</a></li><li>One common <a href=\"https://en.wikipedia.org/wiki/Adverse_effect\">adverse effect</a> is an <a href=\"https://en.wikipedia.org/wiki/Upset_stomach\">upset stomach</a>.<a href=\"https://en.wikipedia.org/wiki/Aspirin#cite_note-AHSF2016-5\">[5]</a> More significant side effects include <a href=\"https://en.wikipedia.org/wiki/Stomach_ulcer\">stomach ulcers</a>, <a href=\"https://en.wikipedia.org/wiki/Stomach_bleeding\">stomach bleeding</a>, and worsening <a href=\"https://en.wikipedia.org/wiki/Asthma\">asthma</a>.<a href=\"https://en.wikipedia.org/wiki/Aspirin#cite_note-AHSF2016-5\">[5]</a> Bleeding risk is greater among those who are older, drink <a href=\"https://en.wikipedia.org/wiki/Alcohol_(drug)\">alcohol</a>, take other NSAIDs, or are on other <a href=\"https://en.wikipedia.org/wiki/Anticoagulants\">blood thinners</a>.<a href=\"https://en.wikipedia.org/wiki/Aspirin#cite_note-AHSF2016-5\">[5]</a> Aspirin is not recommended in the last part of <a href=\"https://en.wikipedia.org/wiki/Pregnancy\">pregnancy</a>.<a href=\"https://en.wikipedia.org/wiki/Aspirin#cite_note-AHSF2016-5\">[5]</a> It is not generally recommended in children with <a href=\"https://en.wikipedia.org/wiki/Infection\">infections</a> because of the risk of <a href=\"https://en.wikipedia.org/wiki/Reye_syndrome\">Reye syndrome</a>.<a href=\"https://en.wikipedia.org/wiki/Aspirin#cite_note-AHSF2016-5\">[5]</a> High doses may result in <a href=\"https://en.wikipedia.org/wiki/Tinnitus\">ringing in the ears</a>.<a href=\"https://en.wikipedia.org/wiki/Aspirin#cite_note-AHSF2016-5\">[5]</a></li></ul>', '500', 'Analgesics', 'Cosmos Kenya Limited'),
(3, 'Test Pharma', '465931288', '<p>This is a demo test.&nbsp;This is a demo test.&nbsp;This is a demo test.</p>', '36', 'Antibiotics', 'Cosmos Pharmaceutical Limited');

-- --------------------------------------------------------

--
-- Table structure for table `his_pharmaceuticals_categories`
--

CREATE TABLE `his_pharmaceuticals_categories` (
  `pharm_cat_id` int(20) NOT NULL,
  `pharm_cat_name` varchar(200) DEFAULT NULL,
  `pharm_cat_vendor` varchar(200) DEFAULT NULL,
  `pharm_cat_desc` longtext DEFAULT NULL
) ENGINE=InnoDB DEFAULT CHARSET=latin1 COLLATE=latin1_swedish_ci;

--
-- Dumping data for table `his_pharmaceuticals_categories`
--

INSERT INTO `his_pharmaceuticals_categories` (`pharm_cat_id`, `pharm_cat_name`, `pharm_cat_vendor`, `pharm_cat_desc`) VALUES
(1, 'Antipyretics', 'Cosmos Kenya Limited', '<ul><li>An <strong>antipyretic</strong> (<a href=\"https://en.wikipedia.org/wiki/Help:IPA/English\">/ËŒ&aelig;ntipaÉªËˆrÉ›tÉªk/</a>, from <em>anti-</em> &#39;against&#39; and <em><a href=\"https://en.wiktionary.org/wiki/pyretic\">pyretic</a></em> &#39;feverish&#39;) is a substance that reduces <a href=\"https://en.wikipedia.org/wiki/Fever\">fever</a>. Antipyretics cause the <a href=\"https://en.wikipedia.org/wiki/Hypothalamus\">hypothalamus</a> to override a <a href=\"https://en.wikipedia.org/wiki/Prostaglandin\">prostaglandin</a>-induced increase in <a href=\"https://en.wikipedia.org/wiki/Thermoregulation\">temperature</a>. The body then works to lower the temperature, which results in a reduction in fever.</li><li>Most antipyretic medications have other purposes. The most common antipyretics in the United States are <a href=\"https://en.wikipedia.org/wiki/Ibuprofen\">ibuprofen</a> and <a href=\"https://en.wikipedia.org/wiki/Aspirin\">aspirin</a>, which are <a href=\"https://en.wikipedia.org/wiki/Nonsteroidal_anti-inflammatory_drugs\">nonsteroidal anti-inflammatory drugs</a> (NSAIDs) used primarily as <a href=\"https://en.wikipedia.org/wiki/Analgesics\">analgesics</a> (pain relievers), but which also have antipyretic properties; and <a href=\"https://en.wikipedia.org/wiki/Acetaminophen\">acetaminophen</a> (paracetamol), an analgesic with weak anti-inflammatory properties.<a href=\"https://en.wikipedia.org/wiki/Antipyretic#cite_note-2\">[2]</a></li></ul>'),
(2, 'Analgesics', 'Dawa Limited Kenya', '<ul><li><p>An <strong>analgesic</strong> or <strong>painkiller</strong> is any member of the group of <a href=\"https://en.wikipedia.org/wiki/Pharmaceutical_drug\">drugs</a> used to achieve analgesia, relief from <a href=\"https://en.wikipedia.org/wiki/Pain\">pain</a>.</p><p>Analgesic drugs act in various ways on the <a href=\"https://en.wikipedia.org/wiki/Peripheral_nervous_system\">peripheral</a> and <a href=\"https://en.wikipedia.org/wiki/Central_nervous_system\">central</a> nervous systems. They are distinct from <a href=\"https://en.wikipedia.org/wiki/Anesthetic\">anesthetics</a>, which temporarily affect, and in some instances completely eliminate, <a href=\"https://en.wikipedia.org/wiki/Sense\">sensation</a>. Analgesics include <a href=\"https://en.wikipedia.org/wiki/Paracetamol\">paracetamol</a> (known in North America as <a href=\"https://en.wikipedia.org/wiki/Acetaminophen\">acetaminophen</a> or simply APAP), the <a href=\"https://en.wikipedia.org/wiki/Nonsteroidal_anti-inflammatory_drug\">nonsteroidal anti-inflammatory drugs</a> (NSAIDs) such as the <a href=\"https://en.wikipedia.org/wiki/Salicylate\">salicylates</a>, and <a href=\"https://en.wikipedia.org/wiki/Opioid\">opioid</a> drugs such as <a href=\"https://en.wikipedia.org/wiki/Morphine\">morphine</a> and <a href=\"https://en.wikipedia.org/wiki/Oxycodone\">oxycodone</a>.</p></li></ul>'),
(3, 'Antibiotics', 'Cosmos Kenya Limited', '<p>Antibiotics</p>');

-- --------------------------------------------------------

--
-- Table structure for table `his_prescriptions`
--

CREATE TABLE `his_prescriptions` (
  `pres_id` int(200) NOT NULL,
  `pres_pat_name` varchar(200) DEFAULT NULL,
  `pres_pat_age` varchar(200) DEFAULT NULL,
  `pres_pat_number` varchar(200) DEFAULT NULL,
  `pres_number` varchar(200) DEFAULT NULL,
  `pres_pat_addr` varchar(200) DEFAULT NULL,
  `pres_pat_type` varchar(200) DEFAULT NULL,
  `pres_date` timestamp(4) NOT NULL DEFAULT current_timestamp(4) ON UPDATE current_timestamp(4),
  `pres_pat_ailment` varchar(200) DEFAULT NULL,
  `pres_ins` longtext DEFAULT NULL
) ENGINE=InnoDB DEFAULT CHARSET=latin1 COLLATE=latin1_swedish_ci;

--
-- Dumping data for table `his_prescriptions`
--

INSERT INTO `his_prescriptions` (`pres_id`, `pres_pat_name`, `pres_pat_age`, `pres_pat_number`, `pres_number`, `pres_pat_addr`, `pres_pat_type`, `pres_date`, `pres_pat_ailment`, `pres_ins`) VALUES
(3, 'Mart Developers', '23', '6P8HJ', 'J9DC6', '127001 LocalHost', 'InPatient', '2020-01-11 12:32:39.6963', 'Fever', '<ul><li><a href=\"https://www.medicalnewstoday.com/articles/179211.php\">Non-steroidal anti-inflammatory drugs</a> (NSAIDs) such as <a href=\"https://www.medicalnewstoday.com/articles/161255.php\">aspirin</a> or ibuprofen can help bring a fever down. These are available to purchase over-the-counter or <a target=\"_blank\" href=\"https://amzn.to/2qp3d0b\">online</a>. However, a mild fever may be helping combat the bacterium or virus that is causing the infection. It may not be ideal to bring it down.</li><li>If the fever has been caused by a bacterial infection, the doctor may prescribe an <a href=\"https://www.medicalnewstoday.com/articles/10278.php\">antibiotic</a>.</li><li>If a fever has been caused by a cold, which is caused by a viral infection, NSAIDs may be used to relieve uncomfortable symptoms. Antibiotics have no effect against viruses and will not be prescribed by your doctor for a viral infection.</li></ul>'),
(4, 'John Doe', '30', 'RAV6C', 'HZQ8J', '12 900 NYE', 'OutPatient', '2020-01-11 13:08:46.7368', 'Malaria', '<ul><li>Combination of atovaquone and proguanil (Malarone)</li><li>Quinine sulfate (Qualaquin) with doxycycline (Vibramycin, Monodox, others)</li><li>Mefloquine.</li><li>Primaquine phosphate.</li></ul>'),
(5, 'Lorem Ipsum', '10', '7EW0L', 'HQC3D', '12 9001 Machakos', 'OutPatient', '2020-01-13 12:19:30.3702', 'Flu', '<ul><li><a href=\"https://www.google.com/search?client=firefox-b-e&amp;sxsrf=ACYBGNRW3vlJoag6iJInWVOTtTG_HUTedA:1578917913108&amp;q=flu+decongestant&amp;stick=H4sIAAAAAAAAAOMQFeLQz9U3SK5MTlbiBLGMktNzcnYxMRosYhVIyylVSElNzs9LTy0uScwrAQBMMnd5LgAAAA&amp;sa=X&amp;ved=2ahUKEwjRhNzKx4DnAhUcBGMBHYs1A24Q0EAwFnoECAwQHw\">Decongestant</a></li><li>Relieves nasal congestion, swelling and runny nose.</li><li><a href=\"https://www.google.com/search?client=firefox-b-e&amp;sxsrf=ACYBGNRW3vlJoag6iJInWVOTtTG_HUTedA:1578917913108&amp;q=flu+cough+medicine&amp;stick=H4sIAAAAAAAAAOMQFeLQz9U3SK5MTlbiBLEM89IsLHYxMRosYhVKyylVSM4vTc9QyE1NyUzOzEsFAA_gu9IwAAAA&amp;sa=X&amp;ved=2ahUKEwjRhNzKx4DnAhUcBGMBHYs1A24Q0EAwFnoECAwQIA\">Cough medicine</a></li><li>Blocks the cough reflex. Some may thin and loosen mucus, making it easier to clear from the airways.</li><li><a href=\"https://www.google.com/search?client=firefox-b-e&amp;sxsrf=ACYBGNRW3vlJoag6iJInWVOTtTG_HUTedA:1578917913108&amp;q=flu+nonsteroidal+anti-inflammatory+drug&amp;stick=H4sIAAAAAAAAAOMQFeLQz9U3SK5MTlYCs0yzCit3MTEaLGJVT8spVcjLzysuSS3Kz0xJzFFIzCvJ1M3MS8tJzM1NLMkvqlRIKSpNBwByUiYhRAAAAA&amp;sa=X&amp;ved=2ahUKEwjRhNzKx4DnAhUcBGMBHYs1A24Q0EAwFnoECAwQIQ\">Nonsteroidal anti-inflammatory drug</a></li><li>Relieves pain, decreases inflammation and reduces fever.</li><li><a href=\"https://www.google.com/search?client=firefox-b-e&amp;sxsrf=ACYBGNRW3vlJoag6iJInWVOTtTG_HUTedA:1578917913108&amp;q=flu+analgesic&amp;stick=H4sIAAAAAAAAAOMQFeLQz9U3SK5MTlZiB7EqDSx3MTEaLGLlTcspVUjMS8xJTy3OTAYAbecS9ikAAAA&amp;sa=X&amp;ved=2ahUKEwjRhNzKx4DnAhUcBGMBHYs1A24Q0EAwFnoECAwQIg\">Analgesic</a></li><li>Relieves pain.</li><li><a href=\"https://www.google.com/search?client=firefox-b-e&amp;sxsrf=ACYBGNRW3vlJoag6iJInWVOTtTG_HUTedA:1578917913108&amp;q=flu+antiviral+drug&amp;stick=H4sIAAAAAAAAAOMQFeLQz9U3SK5MTlYCs1KMC0x2MTEaLGIVSsspVUjMK8ksyyxKzFFIKSpNBwDBFxlOLwAAAA&amp;sa=X&amp;ved=2ahUKEwjRhNzKx4DnAhUcBGMBHYs1A24Q0EAwFnoECAwQIw\">Antiviral drug</a></li><li>Reduces viruses&#39; ability to replicate.</li></ul>'),
(6, 'Christine Moore', '28', '4TLG0', '09Y2P', '117 Bleecker Street', 'InPatient', '2022-10-22 10:57:10.7496', 'Demo Test', '<ol><li>This is a demo prescription.</li><li>This is a second demo prescription.</li><li>And this one&#39;s third!</li></ol>'),
(7, 'Michael White', '30', 'DCRI8', '4ROZA', '60 Radford Street', 'InPatient', '2024-03-24 11:16:19.1601', 'Demo Test', 'Zerodol Sp-10\r\nTelma 5- 20'),
(8, 'Christine Moore', '28', '4TLG0', 'VGR4E', '117 Bleecker Street', 'InPatient', '2024-03-24 11:18:11.0912', 'Demo Test', 'ssssssssggggggggggggggghhhhhhhhhh'),
(9, 'Christine Moore', '28', '4TLG0', 'NTP8C', '117 Bleecker Street', 'InPatient', '2024-03-24 11:18:57.1819', 'Discharge', 'bye bye'),
(10, 'sita maiya', '23', 'QDC4S', '3YFVI', 'ee', 'InPatient', '2024-04-02 21:51:58.0383', 'NA', '<p>Zerodol SP</p><p>Saredon</p>');

-- --------------------------------------------------------

--
-- Table structure for table `his_pwdresets`
--

CREATE TABLE `his_pwdresets` (
  `id` int(20) NOT NULL,
  `email` varchar(200) NOT NULL
) ENGINE=InnoDB DEFAULT CHARSET=latin1 COLLATE=latin1_swedish_ci;

-- --------------------------------------------------------

--
-- Table structure for table `his_surgery`
--

CREATE TABLE `his_surgery` (
  `s_id` int(200) NOT NULL,
  `s_number` varchar(200) DEFAULT NULL,
  `s_doc` varchar(200) DEFAULT NULL,
  `s_pat_number` varchar(200) DEFAULT NULL,
  `s_pat_name` varchar(200) DEFAULT NULL,
  `s_pat_ailment` varchar(200) DEFAULT NULL,
  `s_pat_date` timestamp(6) NOT NULL DEFAULT current_timestamp(6) ON UPDATE current_timestamp(6),
  `s_pat_status` varchar(200) DEFAULT NULL
) ENGINE=InnoDB DEFAULT CHARSET=latin1 COLLATE=latin1_swedish_ci;

--
-- Dumping data for table `his_surgery`
--

INSERT INTO `his_surgery` (`s_id`, `s_number`, `s_doc`, `s_pat_number`, `s_pat_name`, `s_pat_ailment`, `s_pat_date`, `s_pat_status`) VALUES
(2, '8KQWD', 'Martin Mbithi', 'RAV6C', 'John Doe', 'Malaria', '2020-01-13 08:50:10.649889', 'Successful'),
(3, '7K18R', 'Bryan Arreola', '3Z14K', 'Cynthia Connolly', 'Demo Test', '2022-10-18 17:26:44.053571', 'Successful'),
(4, 'ECF62', 'Bryan Arreola', '4TLG0', 'Christine Moore', 'Demo Test', '2022-10-22 11:03:33.765255', 'Successful'),
(5, 'CVA86', 'Bryan Arreola', '4TLG0', 'Christine Moore', 'Demo Test', '2024-03-24 11:34:50.153313', 'Successful');

-- --------------------------------------------------------

--
-- Table structure for table `his_vendor`
--

CREATE TABLE `his_vendor` (
  `v_id` int(20) NOT NULL,
  `v_number` varchar(200) DEFAULT NULL,
  `v_name` varchar(200) DEFAULT NULL,
  `v_adr` varchar(200) DEFAULT NULL,
  `v_mobile` varchar(200) DEFAULT NULL,
  `v_email` varchar(200) DEFAULT NULL,
  `v_phone` varchar(200) DEFAULT NULL,
  `v_desc` longtext DEFAULT NULL
) ENGINE=InnoDB DEFAULT CHARSET=latin1 COLLATE=latin1_swedish_ci;

--
-- Dumping data for table `his_vendor`
--

INSERT INTO `his_vendor` (`v_id`, `v_number`, `v_name`, `v_adr`, `v_mobile`, `v_email`, `v_phone`, `v_desc`) VALUES
(1, '6ISKC', 'Cosmos Pharmaceutical Limited', 'P.O. Box 41433, GPO 00100 Nairobi, Kenya', '', 'info@cosmospharmaceuticallimited.com', '+254(20)550700-9', '<p>Lorem ipsum dolor sit amet, consectetuer adipiscing elit. Aenean commodo ligula eget dolor. Aenean massa. Cum sociis natoque penatibus et magnis dis parturient montes, nascetur ridiculus mus. Donec quam felis, ultricies nec, pellentesque eu, pretium quis, sem. Nulla consequat massa quis enim. Donec pede justo, fringilla vel, aliquet nec, vulputate eget, arcu. In enim justo, rhoncus ut, imperdiet a, venenatis vitae, justo. Nullam dictum felis eu pede mollis pretium. Integer tincidunt. Cras dapibus. Vivamus elementum semper nisi. Aenean vulputate eleifend tellus. Aenean leo ligula, porttitor eu, consequat vitae, eleifend ac, enim. Aliquam lorem ante, dapibus in, viverra quis, feugiat a, tellus. Phasellus viverra nulla ut metus varius laoreet. Quisque rutrum. Aenean imperdiet. Etiam ultricies nisi vel augue. Curabitur ullamcorper ultricies nisi. Nam eget dui. Etiam rhoncus. Maecenas tempus, tellus eget condimentum rhoncus, sem quam semper libero, sit amet adipiscing sem neque sed ipsum. Nam quam nunc, blandit vel, luctus pulvinar, hendrerit id, lorem. Maecenas nec odio et ante tincidunt tempus. Donec vitae sapien ut libero venenatis faucibus. Nullam quis ante. Etiam sit amet orci eget eros faucibus tincidunt. Duis leo. Sed fringilla mauris sit amet nibh. Donec sodales sagittis magna. Sed consequat, leo eget bibendum sodales, augue velit cursus nunc,</p>');

-- --------------------------------------------------------

--
-- Table structure for table `his_vitals`
--

CREATE TABLE `his_vitals` (
  `vit_id` int(20) NOT NULL,
  `vit_number` varchar(200) DEFAULT NULL,
  `vit_pat_number` varchar(200) DEFAULT NULL,
  `vit_bodytemp` varchar(200) DEFAULT NULL,
  `vit_heartpulse` varchar(200) DEFAULT NULL,
  `vit_resprate` varchar(200) DEFAULT NULL,
  `vit_bloodpress` varchar(200) DEFAULT NULL,
  `vit_daterec` timestamp(6) NOT NULL DEFAULT current_timestamp(6) ON UPDATE current_timestamp(6)
) ENGINE=InnoDB DEFAULT CHARSET=latin1 COLLATE=latin1_swedish_ci;

--
-- Dumping data for table `his_vitals`
--

INSERT INTO `his_vitals` (`vit_id`, `vit_number`, `vit_pat_number`, `vit_bodytemp`, `vit_heartpulse`, `vit_resprate`, `vit_bloodpress`, `vit_daterec`) VALUES
(3, '1KB9V', '3Z14K', '38', '77', '12', '90/60', '2022-10-18 17:10:16.904915'),
(4, 'ELYOM', 'BKTWQ', '38', '88', '12', '110/80', '2022-10-18 01:49:55.814783'),
(5, 'AL0J8', 'YDS7L', '36', '72', '15', '90/60', '2022-10-18 17:42:17.500662'),
(6, 'MS2OJ', '4TLG0', '37', '70', '15', '120/80', '2022-10-22 11:01:52.148658'),
(7, 'LOGHC', 'QDC4S', '12', '72', '95', '85', '2024-04-02 21:50:52.099099');

--
-- Indexes for dumped tables
--

--
-- Indexes for table `his_accounts`
--
ALTER TABLE `his_accounts`
  ADD PRIMARY KEY (`acc_id`);

--
-- Indexes for table `his_admin`
--
ALTER TABLE `his_admin`
  ADD PRIMARY KEY (`ad_id`);

--
-- Indexes for table `his_assets`
--
ALTER TABLE `his_assets`
  ADD PRIMARY KEY (`asst_id`);

--
-- Indexes for table `his_docs`
--
ALTER TABLE `his_docs`
  ADD PRIMARY KEY (`doc_id`);

--
-- Indexes for table `his_equipments`
--
ALTER TABLE `his_equipments`
  ADD PRIMARY KEY (`eqp_id`);

--
-- Indexes for table `his_laboratory`
--
ALTER TABLE `his_laboratory`
  ADD PRIMARY KEY (`lab_id`);

--
-- Indexes for table `his_medical_records`
--
ALTER TABLE `his_medical_records`
  ADD PRIMARY KEY (`mdr_id`);

--
-- Indexes for table `his_patients`
--
ALTER TABLE `his_patients`
  ADD PRIMARY KEY (`pat_id`);

--
-- Indexes for table `his_patient_transfers`
--
ALTER TABLE `his_patient_transfers`
  ADD PRIMARY KEY (`t_id`);

--
-- Indexes for table `his_payrolls`
--
ALTER TABLE `his_payrolls`
  ADD PRIMARY KEY (`pay_id`);

--
-- Indexes for table `his_pharmaceuticals`
--
ALTER TABLE `his_pharmaceuticals`
  ADD PRIMARY KEY (`phar_id`);

--
-- Indexes for table `his_pharmaceuticals_categories`
--
ALTER TABLE `his_pharmaceuticals_categories`
  ADD PRIMARY KEY (`pharm_cat_id`);

--
-- Indexes for table `his_prescriptions`
--
ALTER TABLE `his_prescriptions`
  ADD PRIMARY KEY (`pres_id`);

--
-- Indexes for table `his_pwdresets`
--
ALTER TABLE `his_pwdresets`
  ADD PRIMARY KEY (`id`);

--
-- Indexes for table `his_surgery`
--
ALTER TABLE `his_surgery`
  ADD PRIMARY KEY (`s_id`);

--
-- Indexes for table `his_vendor`
--
ALTER TABLE `his_vendor`
  ADD PRIMARY KEY (`v_id`);

--
-- Indexes for table `his_vitals`
--
ALTER TABLE `his_vitals`
  ADD PRIMARY KEY (`vit_id`);

--
-- AUTO_INCREMENT for dumped tables
--

--
-- AUTO_INCREMENT for table `his_accounts`
--
ALTER TABLE `his_accounts`
  MODIFY `acc_id` int(200) NOT NULL AUTO_INCREMENT, AUTO_INCREMENT=4;

--
-- AUTO_INCREMENT for table `his_admin`
--
ALTER TABLE `his_admin`
  MODIFY `ad_id` int(20) NOT NULL AUTO_INCREMENT, AUTO_INCREMENT=2;

--
-- AUTO_INCREMENT for table `his_assets`
--
ALTER TABLE `his_assets`
  MODIFY `asst_id` int(20) NOT NULL AUTO_INCREMENT;

--
-- AUTO_INCREMENT for table `his_docs`
--
ALTER TABLE `his_docs`
  MODIFY `doc_id` int(20) NOT NULL AUTO_INCREMENT, AUTO_INCREMENT=13;

--
-- AUTO_INCREMENT for table `his_equipments`
--
ALTER TABLE `his_equipments`
  MODIFY `eqp_id` int(20) NOT NULL AUTO_INCREMENT, AUTO_INCREMENT=4;

--
-- AUTO_INCREMENT for table `his_laboratory`
--
ALTER TABLE `his_laboratory`
  MODIFY `lab_id` int(20) NOT NULL AUTO_INCREMENT, AUTO_INCREMENT=8;

--
-- AUTO_INCREMENT for table `his_medical_records`
--
ALTER TABLE `his_medical_records`
  MODIFY `mdr_id` int(20) NOT NULL AUTO_INCREMENT, AUTO_INCREMENT=6;

--
-- AUTO_INCREMENT for table `his_patients`
--
ALTER TABLE `his_patients`
  MODIFY `pat_id` int(20) NOT NULL AUTO_INCREMENT, AUTO_INCREMENT=14;

--
-- AUTO_INCREMENT for table `his_patient_transfers`
--
ALTER TABLE `his_patient_transfers`
  MODIFY `t_id` int(20) NOT NULL AUTO_INCREMENT, AUTO_INCREMENT=5;

--
-- AUTO_INCREMENT for table `his_payrolls`
--
ALTER TABLE `his_payrolls`
  MODIFY `pay_id` int(20) NOT NULL AUTO_INCREMENT, AUTO_INCREMENT=5;

--
-- AUTO_INCREMENT for table `his_pharmaceuticals`
--
ALTER TABLE `his_pharmaceuticals`
  MODIFY `phar_id` int(20) NOT NULL AUTO_INCREMENT, AUTO_INCREMENT=4;

--
-- AUTO_INCREMENT for table `his_pharmaceuticals_categories`
--
ALTER TABLE `his_pharmaceuticals_categories`
  MODIFY `pharm_cat_id` int(20) NOT NULL AUTO_INCREMENT, AUTO_INCREMENT=4;

--
-- AUTO_INCREMENT for table `his_prescriptions`
--
ALTER TABLE `his_prescriptions`
  MODIFY `pres_id` int(200) NOT NULL AUTO_INCREMENT, AUTO_INCREMENT=11;

--
-- AUTO_INCREMENT for table `his_pwdresets`
--
ALTER TABLE `his_pwdresets`
  MODIFY `id` int(20) NOT NULL AUTO_INCREMENT;

--
-- AUTO_INCREMENT for table `his_surgery`
--
ALTER TABLE `his_surgery`
  MODIFY `s_id` int(200) NOT NULL AUTO_INCREMENT, AUTO_INCREMENT=6;

--
-- AUTO_INCREMENT for table `his_vendor`
--
ALTER TABLE `his_vendor`
  MODIFY `v_id` int(20) NOT NULL AUTO_INCREMENT, AUTO_INCREMENT=2;

--
-- AUTO_INCREMENT for table `his_vitals`
--
ALTER TABLE `his_vitals`
  MODIFY `vit_id` int(20) NOT NULL AUTO_INCREMENT, AUTO_INCREMENT=8;
--
-- Database: `hms`
--
CREATE DATABASE IF NOT EXISTS `hms` DEFAULT CHARACTER SET utf8mb4 COLLATE utf8mb4_general_ci;
USE `hms`;

-- --------------------------------------------------------

--
-- Table structure for table `admin`
--

CREATE TABLE `admin` (
  `id` int(11) NOT NULL,
  `username` varchar(255) NOT NULL,
  `password` varchar(255) NOT NULL,
  `updationDate` varchar(255) NOT NULL
) ENGINE=InnoDB DEFAULT CHARSET=latin1 COLLATE=latin1_swedish_ci;

--
-- Dumping data for table `admin`
--

INSERT INTO `admin` (`id`, `username`, `password`, `updationDate`) VALUES
(1, 'admin', 'admin1', '28-12-2023 11:42:05 AM');

-- --------------------------------------------------------

--
-- Table structure for table `appointment`
--

CREATE TABLE `appointment` (
  `id` int(11) NOT NULL,
  `doctorSpecialization` varchar(255) DEFAULT NULL,
  `doctorId` int(11) DEFAULT NULL,
  `userId` int(11) DEFAULT NULL,
  `consultancyFees` int(11) DEFAULT NULL,
  `appointmentDate` varchar(255) DEFAULT NULL,
  `appointmentTime` varchar(255) DEFAULT NULL,
  `postingDate` timestamp NULL DEFAULT current_timestamp(),
  `userStatus` int(11) DEFAULT NULL,
  `doctorStatus` int(11) DEFAULT NULL,
  `updationDate` timestamp NULL DEFAULT NULL ON UPDATE current_timestamp()
) ENGINE=InnoDB DEFAULT CHARSET=latin1 COLLATE=latin1_swedish_ci;

--
-- Dumping data for table `appointment`
--

INSERT INTO `appointment` (`id`, `doctorSpecialization`, `doctorId`, `userId`, `consultancyFees`, `appointmentDate`, `appointmentTime`, `postingDate`, `userStatus`, `doctorStatus`, `updationDate`) VALUES
(3, 'Demo test', 7, 6, 600, '2019-06-29', '9:15 AM', '2019-06-23 18:31:28', 1, 0, '0000-00-00 00:00:00'),
(4, 'Ayurveda', 5, 5, 8050, '2019-11-08', '1:00 PM', '2019-11-05 10:28:54', 1, 1, '0000-00-00 00:00:00'),
(5, 'Dermatologist', 9, 7, 500, '2019-11-30', '5:30 PM', '2019-11-10 18:41:34', 1, 0, '2019-11-10 18:48:30'),
(6, 'Physician', 11, 2, 2000, '2020-07-14', '10:15 AM', '2020-07-05 02:12:37', 1, 1, NULL),
(7, 'General Physician', 3, 2, 1200, '2020-07-05', '10:15 AM', '2020-07-05 02:14:49', 1, 1, NULL);

-- --------------------------------------------------------

--
-- Table structure for table `doctors`
--

CREATE TABLE `doctors` (
  `id` int(11) NOT NULL,
  `specilization` varchar(255) DEFAULT NULL,
  `doctorName` varchar(255) DEFAULT NULL,
  `address` longtext DEFAULT NULL,
  `docFees` varchar(255) DEFAULT NULL,
  `contactno` bigint(11) DEFAULT NULL,
  `docEmail` varchar(255) DEFAULT NULL,
  `password` varchar(255) DEFAULT NULL,
  `creationDate` timestamp NULL DEFAULT current_timestamp(),
  `updationDate` timestamp NULL DEFAULT NULL ON UPDATE current_timestamp()
) ENGINE=InnoDB DEFAULT CHARSET=latin1 COLLATE=latin1_swedish_ci;

--
-- Dumping data for table `doctors`
--

INSERT INTO `doctors` (`id`, `specilization`, `doctorName`, `address`, `docFees`, `contactno`, `docEmail`, `password`, `creationDate`, `updationDate`) VALUES
(1, 'Dentist', 'Lyndon Bermoy', 'New Delhi', '500', 8285703354, 'anuj.lpu1@gmail.com', 'f925916e2754e5e03f75dd58a5733251', '2016-12-29 06:25:37', '2020-07-05 01:53:19'),
(2, 'Homeopath', 'Sarita Pandey', 'Varanasi', '600', 2147483647, 'sarita@gmail.com', 'f925916e2754e5e03f75dd58a5733251', '2016-12-29 06:51:51', '0000-00-00 00:00:00'),
(3, 'General Physician', 'Nitesh Kumar', 'Ghaziabad', '1200', 8523699999, 'nitesh@gmail.com', 'f925916e2754e5e03f75dd58a5733251', '2017-01-07 07:43:35', '0000-00-00 00:00:00'),
(4, 'Homeopath', 'Vijay Verma', 'New Delhi', '700', 25668888, 'vijay@gmail.com', 'f925916e2754e5e03f75dd58a5733251', '2017-01-07 07:45:09', '0000-00-00 00:00:00'),
(5, 'Ayurveda', 'Sanjeev', 'Gurugram', '8050', 442166644646, 'sanjeev@gmail.com', 'f925916e2754e5e03f75dd58a5733251', '2017-01-07 07:47:07', '0000-00-00 00:00:00'),
(6, 'General Physician', 'Amrita', 'New Delhi India', '2500', 45497964, 'amrita@test.com', 'f925916e2754e5e03f75dd58a5733251', '2017-01-07 07:52:50', '0000-00-00 00:00:00'),
(7, 'Demo test', 'abc ', 'New Delhi India', '200', 852888888, 'test@demo.com', 'f925916e2754e5e03f75dd58a5733251', '2017-01-07 08:08:58', '2019-06-23 18:17:25'),
(8, 'Ayurveda', 'Test Doctor', 'Xyz Abc New Delhi', '600', 1234567890, 'test@test.com', '202cb962ac59075b964b07152d234b70', '2019-06-23 17:57:43', '2019-06-23 18:06:06'),
(11, 'Physician', 'Jonah Juarez', 'Surigao Philippines', '2000', 123456789, 'jjuarez@gmail.com', '25f9e794323b453885f5181f1b624d0b', '2020-07-05 02:06:00', '2020-07-05 02:06:48');

-- --------------------------------------------------------

--
-- Table structure for table `doctorslog`
--

CREATE TABLE `doctorslog` (
  `id` int(11) NOT NULL,
  `uid` int(11) DEFAULT NULL,
  `username` varchar(255) DEFAULT NULL,
  `userip` binary(16) DEFAULT NULL,
  `loginTime` timestamp NULL DEFAULT current_timestamp(),
  `logout` varchar(255) DEFAULT NULL,
  `status` int(11) DEFAULT NULL
) ENGINE=InnoDB DEFAULT CHARSET=latin1 COLLATE=latin1_swedish_ci;

--
-- Dumping data for table `doctorslog`
--

INSERT INTO `doctorslog` (`id`, `uid`, `username`, `userip`, `loginTime`, `logout`, `status`) VALUES
(20, 7, 'test@demo.com', 0x3a3a3100000000000000000000000000, '2020-07-05 01:50:01', NULL, 1),
(21, NULL, 'juarez@gmail.com', 0x3a3a3100000000000000000000000000, '2020-07-05 02:02:51', NULL, 0),
(22, NULL, 'juarez@gmail.com', 0x3a3a3100000000000000000000000000, '2020-07-05 02:03:03', NULL, 0),
(23, NULL, 'jjuarez@gmail.com', 0x3a3a3100000000000000000000000000, '2020-07-05 02:04:02', NULL, 0),
(24, NULL, 'jjuarez@gmail.com', 0x3a3a3100000000000000000000000000, '2020-07-05 02:04:38', NULL, 0),
(25, 11, 'jjuarez@gmail.com', 0x3a3a3100000000000000000000000000, '2020-07-05 02:06:19', NULL, 1),
(26, 11, 'jjuarez@gmail.com', 0x3a3a3100000000000000000000000000, '2020-07-05 02:06:38', NULL, 1),
(27, 11, 'jjuarez@gmail.com', 0x3a3a3100000000000000000000000000, '2020-07-05 02:08:18', NULL, 1),
(28, 11, 'jjuarez@gmail.com', 0x3a3a3100000000000000000000000000, '2020-07-05 02:15:25', NULL, 1);

-- --------------------------------------------------------

--
-- Table structure for table `doctorspecilization`
--

CREATE TABLE `doctorspecilization` (
  `id` int(11) NOT NULL,
  `specilization` varchar(255) DEFAULT NULL,
  `creationDate` timestamp NULL DEFAULT current_timestamp(),
  `updationDate` timestamp NULL DEFAULT NULL ON UPDATE current_timestamp()
) ENGINE=InnoDB DEFAULT CHARSET=latin1 COLLATE=latin1_swedish_ci;

--
-- Dumping data for table `doctorspecilization`
--

INSERT INTO `doctorspecilization` (`id`, `specilization`, `creationDate`, `updationDate`) VALUES
(1, 'Gynecologist/Obstetrician', '2016-12-28 06:37:25', '0000-00-00 00:00:00'),
(2, 'General Physician', '2016-12-28 06:38:12', '0000-00-00 00:00:00'),
(3, 'Dermatologist', '2016-12-28 06:38:48', '0000-00-00 00:00:00'),
(4, 'Homeopath', '2016-12-28 06:39:26', '0000-00-00 00:00:00'),
(5, 'Ayurveda', '2016-12-28 06:39:51', '0000-00-00 00:00:00'),
(6, 'Dentist', '2016-12-28 06:40:08', '0000-00-00 00:00:00'),
(7, 'Ear-Nose-Throat (Ent) Specialist', '2016-12-28 06:41:18', '0000-00-00 00:00:00'),
(9, 'Demo test', '2016-12-28 07:37:39', '0000-00-00 00:00:00'),
(10, 'Bones Specialist demo', '2017-01-07 08:07:53', '0000-00-00 00:00:00'),
(11, 'Test', '2019-06-23 17:51:06', '2019-06-23 17:55:06'),
(12, 'Dermatologist', '2019-11-10 18:36:36', '2019-11-10 18:36:50'),
(13, 'Physician', '2020-07-05 01:59:00', NULL);

-- --------------------------------------------------------

--
-- Table structure for table `tblcontactus`
--

CREATE TABLE `tblcontactus` (
  `id` int(11) NOT NULL,
  `fullname` varchar(255) DEFAULT NULL,
  `email` varchar(255) DEFAULT NULL,
  `contactno` bigint(12) DEFAULT NULL,
  `message` mediumtext DEFAULT NULL,
  `PostingDate` timestamp NULL DEFAULT current_timestamp(),
  `AdminRemark` mediumtext DEFAULT NULL,
  `LastupdationDate` timestamp NULL DEFAULT NULL ON UPDATE current_timestamp(),
  `IsRead` int(11) DEFAULT NULL
) ENGINE=InnoDB DEFAULT CHARSET=latin1 COLLATE=latin1_swedish_ci;

--
-- Dumping data for table `tblcontactus`
--

INSERT INTO `tblcontactus` (`id`, `fullname`, `email`, `contactno`, `message`, `PostingDate`, `AdminRemark`, `LastupdationDate`, `IsRead`) VALUES
(1, 'test user', 'test@gmail.com', 2523523522523523, ' This is sample text for the test.', '2019-06-29 19:03:08', 'Test Admin Remark', '2019-06-30 12:55:23', 1),
(2, 'Lyndon Bermoy', 'serbermz2020@gmail.com', 1111111111111111, ' This is sample text for testing.  This is sample text for testing. This is sample text for testing. This is sample text for testing. This is sample text for testing. This is sample text for testing. This is sample text for testing. This is sample text for testing. This is sample text for testing. This is sample text for testing. This is sample text for testing. This is sample text for testing. This is sample text for testing. This is sample text for testing. This is sample text for testing. This is sample text for testing. This is sample text for testing. This is sample text for testing. This is sample text for testing. This is sample text for testing. This is sample text for testing. This is sample text for testing.', '2019-06-30 13:06:50', 'Answered', '2020-07-05 02:13:25', 1),
(3, 'fdsfsdf', 'fsdfsd@ghashhgs.com', 3264826346, 'sample text   sample text  sample text  sample text  sample text  sample text  sample text  sample text  sample text  sample text  sample text  sample text  sample text  sample text  sample text  sample text  sample text  sample text  sample text  sample text  sample text  sample text  sample text  sample text  ', '2019-11-10 18:53:48', 'vfdsfgfd', '2019-11-10 18:54:04', 1),
(4, 'demo', 'demo@gmail.com', 123456789, ' hi, this is a demo', '2020-07-05 01:57:20', 'answered', '2020-07-05 01:57:46', 1);

-- --------------------------------------------------------

--
-- Table structure for table `tblmedicalhistory`
--

CREATE TABLE `tblmedicalhistory` (
  `ID` int(10) NOT NULL,
  `PatientID` int(10) DEFAULT NULL,
  `BloodPressure` varchar(200) DEFAULT NULL,
  `BloodSugar` varchar(200) NOT NULL,
  `Weight` varchar(100) DEFAULT NULL,
  `Temperature` varchar(200) DEFAULT NULL,
  `MedicalPres` mediumtext DEFAULT NULL,
  `CreationDate` timestamp NOT NULL DEFAULT current_timestamp() ON UPDATE current_timestamp()
) ENGINE=InnoDB DEFAULT CHARSET=latin1 COLLATE=latin1_swedish_ci;

--
-- Dumping data for table `tblmedicalhistory`
--

INSERT INTO `tblmedicalhistory` (`ID`, `PatientID`, `BloodPressure`, `BloodSugar`, `Weight`, `Temperature`, `MedicalPres`, `CreationDate`) VALUES
(2, 3, '120/185', '80/120', '85 Kg', '101 degree', '#Fever, #BP high\r\n1.Paracetamol\r\n2.jocib tab\r\n', '2019-11-06 04:20:07'),
(3, 2, '90/120', '92/190', '86 kg', '99 deg', '#Sugar High\r\n1.Petz 30', '2019-11-06 04:31:24'),
(4, 1, '125/200', '86/120', '56 kg', '98 deg', '# blood pressure is high\r\n1.koil cipla', '2019-11-06 04:52:42'),
(5, 1, '96/120', '98/120', '57 kg', '102 deg', '#Viral\r\n1.gjgjh-1Ml\r\n2.kjhuiy-2M', '2019-11-06 04:56:55'),
(6, 4, '90/120', '120', '56', '98 F', '#blood sugar high\r\n#Asthma problem', '2019-11-06 14:38:33'),
(7, 5, '80/120', '120', '85', '98.6', 'Rx\r\n\r\nAbc tab\r\nxyz Syrup', '2019-11-10 18:50:23');

-- --------------------------------------------------------

--
-- Table structure for table `tblpatient`
--

CREATE TABLE `tblpatient` (
  `ID` int(10) NOT NULL,
  `Docid` int(10) DEFAULT NULL,
  `PatientName` varchar(200) DEFAULT NULL,
  `PatientContno` bigint(10) DEFAULT NULL,
  `PatientEmail` varchar(200) DEFAULT NULL,
  `PatientGender` varchar(50) DEFAULT NULL,
  `PatientAdd` mediumtext DEFAULT NULL,
  `PatientAge` int(10) DEFAULT NULL,
  `PatientMedhis` mediumtext DEFAULT NULL,
  `CreationDate` timestamp NULL DEFAULT current_timestamp(),
  `UpdationDate` timestamp NULL DEFAULT NULL ON UPDATE current_timestamp()
) ENGINE=InnoDB DEFAULT CHARSET=latin1 COLLATE=latin1_swedish_ci;

--
-- Dumping data for table `tblpatient`
--

INSERT INTO `tblpatient` (`ID`, `Docid`, `PatientName`, `PatientContno`, `PatientEmail`, `PatientGender`, `PatientAdd`, `PatientAge`, `PatientMedhis`, `CreationDate`, `UpdationDate`) VALUES
(1, 1, 'Manisha Jha', 4558968789, 'test@gmail.com', 'Female', '\"\"J&K Block J-127, Laxmi Nagar New Delhi', 26, 'She is diabetic patient', '2019-11-04 21:38:06', '2019-11-06 06:48:05'),
(4, 7, 'Manav Sharma', 9888988989, 'sharma@gmail.com', 'Male', 'L-56,Ashok Nagar New Delhi-110096', 45, 'He is long suffered by asthma', '2019-11-06 14:33:54', '2019-11-06 14:34:31'),
(5, 9, 'John', 1234567890, 'john@test.com', 'male', 'Test ', 25, 'THis is sample text for testing.', '2019-11-10 18:49:24', NULL),
(6, 0, 'Don Bermoy', 123456789, 'serbermz2020@gmail.com', 'male', 'Surigao Philippines', 35, 'Diagnosed of High Blood Pressure', '2020-07-05 02:08:09', NULL);

-- --------------------------------------------------------

--
-- Table structure for table `userlog`
--

CREATE TABLE `userlog` (
  `id` int(11) NOT NULL,
  `uid` int(11) DEFAULT NULL,
  `username` varchar(255) DEFAULT NULL,
  `userip` binary(16) DEFAULT NULL,
  `loginTime` timestamp NULL DEFAULT current_timestamp(),
  `logout` varchar(255) DEFAULT NULL,
  `status` int(11) DEFAULT NULL
) ENGINE=InnoDB DEFAULT CHARSET=latin1 COLLATE=latin1_swedish_ci;

--
-- Dumping data for table `userlog`
--

INSERT INTO `userlog` (`id`, `uid`, `username`, `userip`, `loginTime`, `logout`, `status`) VALUES
(24, 2, 'test@gmail.com', 0x3a3a3100000000000000000000000000, '2020-07-05 01:50:24', NULL, 1),
(25, NULL, 'serbermz2020@gmail.com', 0x3a3a3100000000000000000000000000, '2020-07-05 02:09:18', NULL, 0),
(26, NULL, 'serbermz2020@gmail.com', 0x3a3a3100000000000000000000000000, '2020-07-05 02:11:05', NULL, 0),
(27, NULL, 'test@demo.com', 0x3a3a3100000000000000000000000000, '2020-07-05 02:11:24', NULL, 0),
(28, NULL, 'serbermz2020@gmail.com', 0x3a3a3100000000000000000000000000, '2020-07-05 02:11:46', NULL, 0),
(29, 2, 'test@gmail.com', 0x3a3a3100000000000000000000000000, '2020-07-05 02:12:00', NULL, 1);

-- --------------------------------------------------------

--
-- Table structure for table `users`
--

CREATE TABLE `users` (
  `id` int(11) NOT NULL,
  `fullName` varchar(255) DEFAULT NULL,
  `address` longtext DEFAULT NULL,
  `city` varchar(255) DEFAULT NULL,
  `gender` varchar(255) DEFAULT NULL,
  `email` varchar(255) DEFAULT NULL,
  `password` varchar(255) DEFAULT NULL,
  `regDate` timestamp NULL DEFAULT current_timestamp(),
  `updationDate` timestamp NULL DEFAULT NULL ON UPDATE current_timestamp()
) ENGINE=InnoDB DEFAULT CHARSET=latin1 COLLATE=latin1_swedish_ci;

--
-- Dumping data for table `users`
--

INSERT INTO `users` (`id`, `fullName`, `address`, `city`, `gender`, `email`, `password`, `regDate`, `updationDate`) VALUES
(2, 'Demo User', 'Manila, Philippines', 'Delhi', 'female', 'test@gmail.com', 'f925916e2754e5e03f75dd58a5733251', '2016-12-30 05:34:39', '2020-07-05 01:55:24');

--
-- Indexes for dumped tables
--

--
-- Indexes for table `admin`
--
ALTER TABLE `admin`
  ADD PRIMARY KEY (`id`);

--
-- Indexes for table `appointment`
--
ALTER TABLE `appointment`
  ADD PRIMARY KEY (`id`);

--
-- Indexes for table `doctors`
--
ALTER TABLE `doctors`
  ADD PRIMARY KEY (`id`);

--
-- Indexes for table `doctorslog`
--
ALTER TABLE `doctorslog`
  ADD PRIMARY KEY (`id`);

--
-- Indexes for table `doctorspecilization`
--
ALTER TABLE `doctorspecilization`
  ADD PRIMARY KEY (`id`);

--
-- Indexes for table `tblcontactus`
--
ALTER TABLE `tblcontactus`
  ADD PRIMARY KEY (`id`);

--
-- Indexes for table `tblmedicalhistory`
--
ALTER TABLE `tblmedicalhistory`
  ADD PRIMARY KEY (`ID`);

--
-- Indexes for table `tblpatient`
--
ALTER TABLE `tblpatient`
  ADD PRIMARY KEY (`ID`);

--
-- Indexes for table `userlog`
--
ALTER TABLE `userlog`
  ADD PRIMARY KEY (`id`);

--
-- Indexes for table `users`
--
ALTER TABLE `users`
  ADD PRIMARY KEY (`id`),
  ADD KEY `email` (`email`);

--
-- AUTO_INCREMENT for dumped tables
--

--
-- AUTO_INCREMENT for table `admin`
--
ALTER TABLE `admin`
  MODIFY `id` int(11) NOT NULL AUTO_INCREMENT, AUTO_INCREMENT=2;

--
-- AUTO_INCREMENT for table `appointment`
--
ALTER TABLE `appointment`
  MODIFY `id` int(11) NOT NULL AUTO_INCREMENT, AUTO_INCREMENT=8;

--
-- AUTO_INCREMENT for table `doctors`
--
ALTER TABLE `doctors`
  MODIFY `id` int(11) NOT NULL AUTO_INCREMENT, AUTO_INCREMENT=12;

--
-- AUTO_INCREMENT for table `doctorslog`
--
ALTER TABLE `doctorslog`
  MODIFY `id` int(11) NOT NULL AUTO_INCREMENT, AUTO_INCREMENT=29;

--
-- AUTO_INCREMENT for table `doctorspecilization`
--
ALTER TABLE `doctorspecilization`
  MODIFY `id` int(11) NOT NULL AUTO_INCREMENT, AUTO_INCREMENT=14;

--
-- AUTO_INCREMENT for table `tblcontactus`
--
ALTER TABLE `tblcontactus`
  MODIFY `id` int(11) NOT NULL AUTO_INCREMENT, AUTO_INCREMENT=5;

--
-- AUTO_INCREMENT for table `tblmedicalhistory`
--
ALTER TABLE `tblmedicalhistory`
  MODIFY `ID` int(10) NOT NULL AUTO_INCREMENT, AUTO_INCREMENT=8;

--
-- AUTO_INCREMENT for table `tblpatient`
--
ALTER TABLE `tblpatient`
  MODIFY `ID` int(10) NOT NULL AUTO_INCREMENT, AUTO_INCREMENT=7;

--
-- AUTO_INCREMENT for table `userlog`
--
ALTER TABLE `userlog`
  MODIFY `id` int(11) NOT NULL AUTO_INCREMENT, AUTO_INCREMENT=30;

--
-- AUTO_INCREMENT for table `users`
--
ALTER TABLE `users`
  MODIFY `id` int(11) NOT NULL AUTO_INCREMENT, AUTO_INCREMENT=8;
--
-- Database: `ibilling`
--
CREATE DATABASE IF NOT EXISTS `ibilling` DEFAULT CHARACTER SET utf8mb4 COLLATE utf8mb4_general_ci;
USE `ibilling`;

-- --------------------------------------------------------

--
-- Table structure for table `account_balances`
--

CREATE TABLE `account_balances` (
  `id` int(11) NOT NULL,
  `account_id` int(11) NOT NULL DEFAULT 0,
  `currency_id` int(11) NOT NULL DEFAULT 0,
  `balance` decimal(16,4) NOT NULL DEFAULT 0.0000,
  `created_at` timestamp NULL DEFAULT NULL,
  `updated_at` timestamp NULL DEFAULT NULL
) ENGINE=InnoDB DEFAULT CHARSET=utf8 COLLATE=utf8_general_ci;

-- --------------------------------------------------------

--
-- Table structure for table `clx_integrations`
--

CREATE TABLE `clx_integrations` (
  `id` int(10) UNSIGNED NOT NULL,
  `type` varchar(255) NOT NULL,
  `name` varchar(255) NOT NULL,
  `url` varchar(255) DEFAULT NULL,
  `key` varchar(255) DEFAULT NULL,
  `secret` varchar(255) DEFAULT NULL,
  `is_active` tinyint(1) NOT NULL DEFAULT 1,
  `is_default` tinyint(1) NOT NULL DEFAULT 0,
  `created_at` timestamp NULL DEFAULT NULL,
  `updated_at` timestamp NULL DEFAULT NULL
) ENGINE=InnoDB DEFAULT CHARSET=utf8mb4 COLLATE=utf8mb4_unicode_ci;

-- --------------------------------------------------------

--
-- Table structure for table `crm_accounts`
--

CREATE TABLE `crm_accounts` (
  `id` int(11) NOT NULL,
  `account` varchar(200) DEFAULT NULL,
  `fname` varchar(100) NOT NULL,
  `lname` varchar(100) NOT NULL,
  `company` varchar(200) NOT NULL,
  `jobtitle` varchar(100) NOT NULL,
  `cid` int(11) NOT NULL,
  `o` int(11) NOT NULL DEFAULT 0,
  `phone` varchar(100) NOT NULL,
  `email` varchar(100) NOT NULL,
  `username` varchar(100) DEFAULT NULL,
  `address` varchar(200) NOT NULL,
  `city` varchar(100) NOT NULL,
  `state` varchar(100) NOT NULL,
  `zip` varchar(100) NOT NULL,
  `country` varchar(100) NOT NULL,
  `balance` decimal(16,2) NOT NULL,
  `status` enum('Active','Inactive') NOT NULL DEFAULT 'Active',
  `notes` text NOT NULL,
  `options` text DEFAULT NULL,
  `tags` text NOT NULL,
  `password` text NOT NULL,
  `token` text NOT NULL,
  `ts` text NOT NULL,
  `img` varchar(100) NOT NULL,
  `web` varchar(200) NOT NULL,
  `facebook` varchar(100) NOT NULL,
  `google` varchar(100) NOT NULL,
  `linkedin` varchar(100) NOT NULL,
  `twitter` varchar(100) DEFAULT NULL,
  `skype` varchar(100) DEFAULT NULL,
  `tax_number` varchar(100) DEFAULT NULL,
  `entity_number` varchar(100) DEFAULT NULL,
  `currency` int(11) DEFAULT 0,
  `pmethod` varchar(100) DEFAULT NULL,
  `autologin` varchar(100) DEFAULT NULL,
  `lastlogin` datetime DEFAULT NULL,
  `lastloginip` varchar(100) DEFAULT NULL,
  `stage` varchar(50) DEFAULT NULL,
  `timezone` varchar(50) DEFAULT NULL,
  `isp` varchar(100) DEFAULT NULL,
  `lat` varchar(50) DEFAULT NULL,
  `lon` varchar(50) DEFAULT NULL,
  `gname` varchar(200) DEFAULT NULL,
  `gid` int(11) NOT NULL DEFAULT 0,
  `sid` varchar(200) DEFAULT NULL,
  `role` varchar(200) DEFAULT NULL,
  `country_code` varchar(20) DEFAULT NULL,
  `country_idd` varchar(20) DEFAULT NULL,
  `signed_up_by` varchar(100) DEFAULT NULL,
  `signed_up_ip` varchar(20) DEFAULT NULL,
  `dob` date DEFAULT NULL,
  `ct` varchar(200) DEFAULT NULL,
  `assistant` varchar(200) DEFAULT NULL,
  `asst_phone` varchar(100) DEFAULT NULL,
  `second_email` varchar(100) DEFAULT NULL,
  `second_phone` varchar(100) DEFAULT NULL,
  `taxexempt` varchar(50) DEFAULT NULL,
  `latefeeoveride` varchar(50) DEFAULT NULL,
  `overideduenotices` varchar(50) DEFAULT NULL,
  `separateinvoices` varchar(50) DEFAULT NULL,
  `disableautocc` varchar(50) DEFAULT NULL,
  `billingcid` int(10) NOT NULL DEFAULT 0,
  `securityqid` int(10) NOT NULL DEFAULT 0,
  `securityqans` text DEFAULT NULL,
  `cardtype` varchar(200) DEFAULT NULL,
  `cardlastfour` varchar(20) DEFAULT NULL,
  `cardnum` text DEFAULT NULL,
  `startdate` varchar(50) DEFAULT NULL,
  `expdate` varchar(50) DEFAULT NULL,
  `issuenumber` varchar(200) DEFAULT NULL,
  `bankname` varchar(200) DEFAULT NULL,
  `banktype` varchar(200) DEFAULT NULL,
  `bankcode` varchar(200) DEFAULT NULL,
  `bankacct` varchar(200) DEFAULT NULL,
  `gatewayid` int(10) NOT NULL DEFAULT 0,
  `language` text DEFAULT NULL,
  `pwresetkey` varchar(100) DEFAULT NULL,
  `emailoptout` varchar(50) DEFAULT NULL,
  `created_at` datetime DEFAULT NULL,
  `updated_at` datetime DEFAULT NULL,
  `pwresetexpiry` datetime DEFAULT NULL,
  `c1` varchar(200) DEFAULT NULL,
  `c2` varchar(200) DEFAULT NULL,
  `c3` varchar(200) DEFAULT NULL,
  `c4` varchar(200) DEFAULT NULL,
  `c5` varchar(200) DEFAULT NULL,
  `is_email_verified` int(1) NOT NULL DEFAULT 0,
  `is_phone_veirifed` int(1) NOT NULL DEFAULT 0,
  `photo_id_type` varchar(100) DEFAULT NULL,
  `photo_id` varchar(100) DEFAULT NULL
) ENGINE=InnoDB DEFAULT CHARSET=utf8 COLLATE=utf8_general_ci;

--
-- Dumping data for table `crm_accounts`
--

INSERT INTO `crm_accounts` (`id`, `account`, `fname`, `lname`, `company`, `jobtitle`, `cid`, `o`, `phone`, `email`, `username`, `address`, `city`, `state`, `zip`, `country`, `balance`, `status`, `notes`, `options`, `tags`, `password`, `token`, `ts`, `img`, `web`, `facebook`, `google`, `linkedin`, `twitter`, `skype`, `tax_number`, `entity_number`, `currency`, `pmethod`, `autologin`, `lastlogin`, `lastloginip`, `stage`, `timezone`, `isp`, `lat`, `lon`, `gname`, `gid`, `sid`, `role`, `country_code`, `country_idd`, `signed_up_by`, `signed_up_ip`, `dob`, `ct`, `assistant`, `asst_phone`, `second_email`, `second_phone`, `taxexempt`, `latefeeoveride`, `overideduenotices`, `separateinvoices`, `disableautocc`, `billingcid`, `securityqid`, `securityqans`, `cardtype`, `cardlastfour`, `cardnum`, `startdate`, `expdate`, `issuenumber`, `bankname`, `banktype`, `bankcode`, `bankacct`, `gatewayid`, `language`, `pwresetkey`, `emailoptout`, `created_at`, `updated_at`, `pwresetexpiry`, `c1`, `c2`, `c3`, `c4`, `c5`, `is_email_verified`, `is_phone_veirifed`, `photo_id_type`, `photo_id`) VALUES
(3, 'Test', '', '', 'R R Aqua', '', 1, 1, '', '', NULL, '', '', '', '', 'India', 0.00, 'Active', '', NULL, '', '', '', '', '', '', '', '', '', NULL, NULL, NULL, NULL, 1, NULL, NULL, NULL, NULL, NULL, NULL, NULL, NULL, NULL, '', 0, NULL, NULL, NULL, NULL, NULL, NULL, NULL, NULL, NULL, NULL, NULL, NULL, NULL, NULL, NULL, NULL, NULL, 0, 0, NULL, NULL, NULL, NULL, NULL, NULL, NULL, NULL, NULL, NULL, NULL, 0, NULL, NULL, NULL, '2024-04-17 01:50:00', NULL, NULL, NULL, NULL, NULL, NULL, NULL, 0, 0, NULL, NULL);

-- --------------------------------------------------------

--
-- Table structure for table `crm_customfields`
--

CREATE TABLE `crm_customfields` (
  `id` int(10) NOT NULL,
  `ctype` text DEFAULT NULL,
  `relid` int(10) NOT NULL DEFAULT 0,
  `fieldname` text DEFAULT NULL,
  `fieldtype` text DEFAULT NULL,
  `description` text DEFAULT NULL,
  `fieldoptions` text DEFAULT NULL,
  `regexpr` text DEFAULT NULL,
  `adminonly` text DEFAULT NULL,
  `required` text DEFAULT NULL,
  `showorder` text DEFAULT NULL,
  `showinvoice` text DEFAULT NULL,
  `sorder` int(10) NOT NULL DEFAULT 0
) ENGINE=InnoDB DEFAULT CHARSET=utf8 COLLATE=utf8_general_ci;

-- --------------------------------------------------------

--
-- Table structure for table `crm_customfieldsvalues`
--

CREATE TABLE `crm_customfieldsvalues` (
  `id` int(10) NOT NULL,
  `fieldid` int(10) NOT NULL,
  `relid` int(10) NOT NULL,
  `fvalue` text NOT NULL
) ENGINE=InnoDB DEFAULT CHARSET=utf8 COLLATE=utf8_general_ci;

-- --------------------------------------------------------

--
-- Table structure for table `crm_groups`
--

CREATE TABLE `crm_groups` (
  `id` int(11) NOT NULL,
  `gname` varchar(200) DEFAULT NULL,
  `color` varchar(50) DEFAULT NULL,
  `discount` varchar(50) DEFAULT NULL,
  `parent` varchar(200) DEFAULT NULL,
  `pid` int(10) DEFAULT NULL,
  `exempt` text DEFAULT NULL,
  `description` text DEFAULT NULL,
  `separateinvoices` text DEFAULT NULL,
  `sorder` int(10) DEFAULT NULL,
  `c1` varchar(200) DEFAULT NULL,
  `c2` varchar(200) DEFAULT NULL,
  `c3` varchar(200) DEFAULT NULL,
  `c4` varchar(200) DEFAULT NULL,
  `c5` varchar(200) DEFAULT NULL
) ENGINE=InnoDB DEFAULT CHARSET=utf8 COLLATE=utf8_general_ci;

-- --------------------------------------------------------

--
-- Table structure for table `crm_industries`
--

CREATE TABLE `crm_industries` (
  `id` int(11) NOT NULL,
  `industry` varchar(200) DEFAULT NULL,
  `is_active` int(1) NOT NULL DEFAULT 1,
  `is_default` int(1) NOT NULL DEFAULT 0,
  `sorder` int(11) NOT NULL DEFAULT 0,
  `created_at` timestamp NULL DEFAULT NULL,
  `updated_at` timestamp NULL DEFAULT NULL
) ENGINE=InnoDB DEFAULT CHARSET=utf8 COLLATE=utf8_general_ci;

--
-- Dumping data for table `crm_industries`
--

INSERT INTO `crm_industries` (`id`, `industry`, `is_active`, `is_default`, `sorder`, `created_at`, `updated_at`) VALUES
(1, 'Agriculture', 1, 0, 0, NULL, NULL),
(2, 'Apparel', 1, 0, 0, NULL, NULL),
(3, 'Banking', 1, 0, 0, NULL, NULL),
(4, 'Biotechnology', 1, 0, 0, NULL, NULL),
(5, 'Chemicals', 1, 0, 0, NULL, NULL),
(6, 'Communications', 1, 0, 0, NULL, NULL),
(7, 'Construction', 1, 0, 0, NULL, NULL),
(8, 'Consulting', 1, 0, 0, NULL, NULL),
(9, 'Education', 1, 0, 0, NULL, NULL),
(10, 'Electronics', 1, 0, 0, NULL, NULL),
(11, 'Energy', 1, 0, 0, NULL, NULL),
(12, 'Engineering', 1, 0, 0, NULL, NULL),
(13, 'Entertainment', 1, 0, 0, NULL, NULL),
(14, 'Environmental', 1, 0, 0, NULL, NULL),
(15, 'Finance', 1, 0, 0, NULL, NULL),
(16, 'Food & Beverage', 1, 0, 0, NULL, NULL),
(17, 'Government', 1, 0, 0, NULL, NULL),
(18, 'Healthcare', 1, 0, 0, NULL, NULL),
(19, 'Hospitality', 1, 0, 0, NULL, NULL),
(20, 'Insurance', 1, 0, 0, NULL, NULL),
(21, 'Machinery', 1, 0, 0, NULL, NULL),
(22, 'Manufacturing', 1, 0, 0, NULL, NULL),
(23, 'Media', 1, 0, 0, NULL, NULL),
(24, 'Not For Profit', 1, 0, 0, NULL, NULL),
(25, 'Other', 1, 0, 0, NULL, NULL),
(26, 'Recreation', 1, 0, 0, NULL, NULL),
(27, 'Retail', 1, 0, 0, NULL, NULL),
(28, 'Shipping', 1, 0, 0, NULL, NULL),
(29, 'Technology', 1, 0, 0, NULL, NULL),
(30, 'Telecommunications', 1, 0, 0, NULL, NULL),
(31, 'Transportation', 1, 0, 0, NULL, NULL),
(32, 'Utilities', 1, 0, 0, NULL, NULL);

-- --------------------------------------------------------

--
-- Table structure for table `crm_leads`
--

CREATE TABLE `crm_leads` (
  `id` int(11) NOT NULL,
  `secret` varchar(200) DEFAULT NULL,
  `status` varchar(200) DEFAULT NULL,
  `o` varchar(200) DEFAULT NULL,
  `oid` int(11) NOT NULL DEFAULT 0,
  `salutation` varchar(200) DEFAULT NULL,
  `first_name` varchar(200) DEFAULT NULL,
  `middle_name` varchar(200) DEFAULT NULL,
  `last_name` varchar(200) DEFAULT NULL,
  `suffix` varchar(200) DEFAULT NULL,
  `title` varchar(200) DEFAULT NULL,
  `company` varchar(200) DEFAULT NULL,
  `company_id` int(11) NOT NULL DEFAULT 0,
  `website` varchar(200) DEFAULT NULL,
  `industry` varchar(200) DEFAULT NULL,
  `employees` varchar(200) DEFAULT NULL,
  `email` varchar(200) DEFAULT NULL,
  `phone` varchar(50) DEFAULT NULL,
  `color` varchar(20) DEFAULT NULL,
  `source` varchar(200) DEFAULT NULL,
  `added_from` varchar(200) DEFAULT NULL,
  `mobile` varchar(200) DEFAULT NULL,
  `address` varchar(200) DEFAULT NULL,
  `street` varchar(200) DEFAULT NULL,
  `city` varchar(200) DEFAULT NULL,
  `state` varchar(200) DEFAULT NULL,
  `zip` varchar(50) DEFAULT NULL,
  `country` varchar(50) DEFAULT NULL,
  `created_by` varchar(200) DEFAULT NULL,
  `created_at` timestamp NULL DEFAULT NULL,
  `updated_at` timestamp NULL DEFAULT NULL,
  `updated_by` varchar(200) DEFAULT NULL,
  `viewed_at` datetime DEFAULT NULL,
  `cid` int(11) NOT NULL DEFAULT 0,
  `aid` int(11) NOT NULL DEFAULT 0,
  `iid` int(11) NOT NULL DEFAULT 0,
  `rid` int(11) NOT NULL DEFAULT 0,
  `sorder` int(11) NOT NULL DEFAULT 0,
  `assigned` int(11) NOT NULL DEFAULT 0,
  `last_contact` datetime DEFAULT NULL,
  `last_contact_by` varchar(200) DEFAULT NULL,
  `date_converted` datetime DEFAULT NULL,
  `public` int(1) NOT NULL DEFAULT 0,
  `ratings` varchar(50) DEFAULT NULL,
  `flag` int(1) NOT NULL DEFAULT 0,
  `lost` int(1) NOT NULL DEFAULT 0,
  `junk` int(1) NOT NULL DEFAULT 0,
  `trash` int(1) NOT NULL DEFAULT 0,
  `archived` int(1) NOT NULL DEFAULT 0,
  `memo` text DEFAULT NULL
) ENGINE=InnoDB DEFAULT CHARSET=utf8 COLLATE=utf8_general_ci;

-- --------------------------------------------------------

--
-- Table structure for table `crm_lead_sources`
--

CREATE TABLE `crm_lead_sources` (
  `id` int(11) NOT NULL,
  `sname` varchar(200) DEFAULT NULL,
  `is_active` int(1) NOT NULL DEFAULT 1,
  `is_default` int(1) NOT NULL DEFAULT 1,
  `sorder` int(11) NOT NULL DEFAULT 0,
  `created_at` timestamp NULL DEFAULT NULL,
  `updated_at` timestamp NULL DEFAULT NULL
) ENGINE=InnoDB DEFAULT CHARSET=utf8 COLLATE=utf8_general_ci;

--
-- Dumping data for table `crm_lead_sources`
--

INSERT INTO `crm_lead_sources` (`id`, `sname`, `is_active`, `is_default`, `sorder`, `created_at`, `updated_at`) VALUES
(1, 'Advertisement', 1, 1, 0, NULL, NULL),
(2, 'Customer Event', 1, 1, 0, NULL, NULL),
(3, 'Employee Referral', 1, 1, 0, NULL, NULL),
(4, 'Google AdWords', 1, 1, 0, NULL, NULL),
(5, 'Other', 1, 1, 0, NULL, NULL),
(6, 'Partner', 1, 1, 0, NULL, NULL),
(7, 'Purchased List', 1, 1, 0, NULL, NULL),
(8, 'Trade Show', 1, 1, 0, NULL, NULL),
(9, 'Webinar', 1, 1, 0, NULL, NULL),
(10, 'Website', 1, 1, 0, NULL, NULL),
(11, 'Facebook', 1, 1, 0, NULL, NULL);

-- --------------------------------------------------------

--
-- Table structure for table `crm_lead_status`
--

CREATE TABLE `crm_lead_status` (
  `id` int(11) NOT NULL,
  `sname` varchar(200) DEFAULT NULL,
  `is_active` int(1) NOT NULL DEFAULT 1,
  `is_default` int(1) NOT NULL DEFAULT 0,
  `is_converted` int(1) NOT NULL DEFAULT 0,
  `sorder` int(11) NOT NULL DEFAULT 0,
  `created_at` timestamp NULL DEFAULT NULL,
  `updated_at` timestamp NULL DEFAULT NULL
) ENGINE=InnoDB DEFAULT CHARSET=utf8 COLLATE=utf8_general_ci;

--
-- Dumping data for table `crm_lead_status`
--

INSERT INTO `crm_lead_status` (`id`, `sname`, `is_active`, `is_default`, `is_converted`, `sorder`, `created_at`, `updated_at`) VALUES
(1, 'Unqualified', 1, 0, 0, 0, NULL, NULL),
(2, 'New', 1, 1, 0, 0, NULL, NULL),
(3, 'Working', 1, 0, 0, 0, NULL, NULL),
(4, 'Nurturing', 1, 0, 0, 0, NULL, NULL),
(5, 'Qualified', 1, 0, 0, 0, NULL, NULL);

-- --------------------------------------------------------

--
-- Table structure for table `crm_salutations`
--

CREATE TABLE `crm_salutations` (
  `id` int(11) NOT NULL,
  `sname` varchar(200) DEFAULT NULL,
  `is_active` int(1) NOT NULL DEFAULT 1,
  `is_default` int(1) NOT NULL DEFAULT 0,
  `sorder` int(11) NOT NULL DEFAULT 0,
  `created_at` timestamp NULL DEFAULT NULL,
  `updated_at` timestamp NULL DEFAULT NULL
) ENGINE=InnoDB DEFAULT CHARSET=utf8 COLLATE=utf8_general_ci;

--
-- Dumping data for table `crm_salutations`
--

INSERT INTO `crm_salutations` (`id`, `sname`, `is_active`, `is_default`, `sorder`, `created_at`, `updated_at`) VALUES
(1, 'Mr.', 1, 0, 0, NULL, NULL),
(2, 'Ms.', 1, 0, 0, NULL, NULL),
(3, 'Mrs.', 1, 0, 0, NULL, NULL),
(4, 'Dr.', 1, 0, 0, NULL, NULL),
(5, 'Prof.', 1, 0, 0, NULL, NULL);

-- --------------------------------------------------------

--
-- Table structure for table `ib_doc_rel`
--

CREATE TABLE `ib_doc_rel` (
  `id` int(11) NOT NULL,
  `rtype` varchar(100) NOT NULL DEFAULT 'contact',
  `rid` int(11) NOT NULL DEFAULT 0,
  `did` int(11) NOT NULL DEFAULT 0,
  `can_download` int(1) NOT NULL DEFAULT 0
) ENGINE=InnoDB DEFAULT CHARSET=utf8 COLLATE=utf8_general_ci;

-- --------------------------------------------------------

--
-- Table structure for table `ib_invoice_access_log`
--

CREATE TABLE `ib_invoice_access_log` (
  `id` int(11) NOT NULL,
  `lid` int(11) NOT NULL DEFAULT 0,
  `cid` int(11) NOT NULL DEFAULT 0,
  `iid` int(11) NOT NULL DEFAULT 0,
  `company_id` int(11) NOT NULL DEFAULT 0,
  `customer` varchar(200) DEFAULT NULL,
  `ip` varchar(50) DEFAULT NULL,
  `browser` varchar(200) DEFAULT NULL,
  `referer` varchar(200) DEFAULT NULL,
  `city` varchar(200) DEFAULT NULL,
  `postal_code` varchar(50) DEFAULT NULL,
  `country` varchar(200) DEFAULT NULL,
  `country_iso` varchar(20) DEFAULT NULL,
  `viewed_at` varchar(200) DEFAULT NULL,
  `lat` varchar(100) DEFAULT NULL,
  `lon` varchar(100) DEFAULT NULL,
  `created_at` timestamp NULL DEFAULT NULL,
  `updated_at` timestamp NULL DEFAULT NULL
) ENGINE=InnoDB DEFAULT CHARSET=utf8 COLLATE=utf8_general_ci;

-- --------------------------------------------------------

--
-- Table structure for table `relations`
--

CREATE TABLE `relations` (
  `id` int(10) UNSIGNED NOT NULL,
  `type` varchar(255) NOT NULL,
  `source_id` int(11) NOT NULL,
  `target_id` int(11) NOT NULL,
  `created_at` timestamp NULL DEFAULT NULL,
  `updated_at` timestamp NULL DEFAULT NULL
) ENGINE=InnoDB DEFAULT CHARSET=utf8mb4 COLLATE=utf8mb4_unicode_ci;

-- --------------------------------------------------------

--
-- Table structure for table `sys_accounts`
--

CREATE TABLE `sys_accounts` (
  `id` int(11) NOT NULL,
  `account` varchar(100) NOT NULL,
  `description` varchar(200) NOT NULL,
  `balance` decimal(18,2) NOT NULL DEFAULT 0.00,
  `bank_name` varchar(200) DEFAULT NULL,
  `account_number` varchar(200) DEFAULT NULL,
  `currency` varchar(20) DEFAULT NULL,
  `branch` varchar(200) DEFAULT NULL,
  `address` varchar(200) DEFAULT NULL,
  `contact_person` varchar(200) DEFAULT NULL,
  `contact_phone` varchar(100) DEFAULT NULL,
  `website` varchar(200) DEFAULT NULL,
  `ib_url` varchar(200) DEFAULT NULL,
  `created` date DEFAULT NULL,
  `notes` text DEFAULT NULL,
  `sorder` int(11) DEFAULT NULL,
  `e` varchar(200) DEFAULT NULL,
  `token` varchar(200) DEFAULT NULL,
  `status` varchar(200) DEFAULT NULL
) ENGINE=InnoDB DEFAULT CHARSET=utf8 COLLATE=utf8_general_ci;

-- --------------------------------------------------------

--
-- Table structure for table `sys_activity`
--

CREATE TABLE `sys_activity` (
  `id` int(11) NOT NULL,
  `cid` int(11) NOT NULL DEFAULT 0,
  `msg` text NOT NULL,
  `icon` varchar(100) NOT NULL DEFAULT '',
  `stime` varchar(50) NOT NULL,
  `sdate` date NOT NULL,
  `o` int(11) NOT NULL DEFAULT 0,
  `oname` varchar(200) NOT NULL
) ENGINE=InnoDB DEFAULT CHARSET=utf8 COLLATE=utf8_general_ci;

-- --------------------------------------------------------

--
-- Table structure for table `sys_api`
--

CREATE TABLE `sys_api` (
  `id` int(11) NOT NULL,
  `label` text DEFAULT NULL,
  `ip` text DEFAULT NULL,
  `apikey` text DEFAULT NULL
) ENGINE=InnoDB DEFAULT CHARSET=utf8 COLLATE=utf8_general_ci;

--
-- Dumping data for table `sys_api`
--

INSERT INTO `sys_api` (`id`, `label`, `ip`, `apikey`) VALUES
(1, 'export', '', '8p5sfjovosh574h5wzggxrpd5lu93o97o95mynfh');

-- --------------------------------------------------------

--
-- Table structure for table `sys_appconfig`
--

CREATE TABLE `sys_appconfig` (
  `id` int(11) NOT NULL,
  `setting` text NOT NULL,
  `value` text DEFAULT NULL
) ENGINE=InnoDB DEFAULT CHARSET=utf8 COLLATE=utf8_general_ci;

--
-- Dumping data for table `sys_appconfig`
--

INSERT INTO `sys_appconfig` (`id`, `setting`, `value`) VALUES
(1, 'CompanyName', 'Joyram Beverage eBilling'),
(29, 'theme', 'ibilling'),
(37, 'currency_code', 'Rs'),
(56, 'language', 'en'),
(57, 'show-logo', '1'),
(58, 'nstyle', 'dark'),
(63, 'dec_point', '.'),
(64, 'thousands_sep', ','),
(65, 'timezone', 'Asia/Kolkata'),
(66, 'country', 'India'),
(67, 'country_code', 'US'),
(68, 'df', 'd/m/Y'),
(69, 'caddress', 'iBilling <br> Ram Thakur Road<br>Agartala<br>Tripura-799001'),
(70, 'account_search', '1'),
(71, 'redirect_url', 'dashboard'),
(72, 'rtl', '0'),
(73, 'ckey', '0982995697'),
(74, 'networth_goal', '200000'),
(75, 'sysEmail', 'demo@example.com'),
(76, 'url_rewrite', '0'),
(77, 'build', '4900'),
(78, 'animate', '0'),
(79, 'pdf_font', 'dejavusanscondensed'),
(80, 'accounting', '1'),
(81, 'invoicing', '1'),
(82, 'quotes', '1'),
(83, 'client_dashboard', '1'),
(84, 'contact_set_view_mode', 'search'),
(85, 'invoice_terms', ''),
(86, 'console_notify_invoice_created', '0'),
(87, 'i_driver', 'v2'),
(88, 'purchase_code', ''),
(89, 'c_cache', ''),
(90, 'mininav', '0'),
(91, 'hide_footer', '1'),
(92, 'design', 'default'),
(93, 'default_landing_page', 'login'),
(94, 'recaptcha', '0'),
(95, 'recaptcha_sitekey', ''),
(96, 'recaptcha_secretkey', ''),
(97, 'home_currency', 'INR'),
(98, 'currency_decimal_digits', 'true'),
(99, 'currency_symbol_position', 'p'),
(100, 'thousand_separator_placement', '2'),
(101, 'dashboard', 'canvas'),
(102, 'header_scripts', ''),
(103, 'footer_scripts', ''),
(104, 'ib_key', 'vLBLfhA6DNi1R2MFHO8IvFWr4Cn9665eHUF+L/sqAKM='),
(105, 'ib_s', 'PNhjeZ0sOFF3JNfzT2mLxvNNKPeh6ltqpE+G5LVSDSvgp/z79Sco7W4tJEoXYIl8'),
(106, 'ib_u_t', '1713554542'),
(107, 'ib_u_a', '0'),
(108, 'momentLocale', 'en'),
(109, 'contentAnimation', 'animated fadeIn'),
(110, 'calendar', '1'),
(111, 'leads', '1'),
(112, 'tasks', '1'),
(113, 'orders', '1'),
(114, 'show_quantity_as', ''),
(115, 'gmap_api_key', ''),
(116, 'license_key', ''),
(117, 'local_key', ''),
(118, 'add_fund', '0'),
(119, 'add_fund_minimum_deposit', '100'),
(120, 'add_fund_maximum_deposit', '2500'),
(121, 'add_fund_maximum_balance', '25000'),
(122, 'add_fund_require_active_order', '0'),
(123, 'sales_target', '10000'),
(124, 'industry', 'default'),
(125, 'inventory', '1'),
(126, 'secondary_currency', ''),
(127, 'customer_custom_username', '0'),
(128, 'documents', '1'),
(129, 'projects', '1'),
(130, 'purchase', '1'),
(131, 'suppliers', '1'),
(132, 'support', '1'),
(133, 'hrm', '1'),
(134, 'companies', '1'),
(135, 'plugins', '1'),
(136, 'country_flag_code', 'us'),
(137, 'graph_primary_color', '2196f3'),
(138, 'graph_secondary_color', 'eb3c00');

-- --------------------------------------------------------

--
-- Table structure for table `sys_cart`
--

CREATE TABLE `sys_cart` (
  `id` int(11) NOT NULL,
  `secret` varchar(100) DEFAULT NULL,
  `items` text DEFAULT NULL,
  `total` decimal(16,2) NOT NULL DEFAULT 0.00,
  `discount` decimal(16,2) NOT NULL DEFAULT 0.00,
  `ip` varchar(100) DEFAULT NULL,
  `fullname` varchar(200) DEFAULT NULL,
  `phone` varchar(200) DEFAULT NULL,
  `email` varchar(200) DEFAULT NULL,
  `status` varchar(200) DEFAULT NULL,
  `browser` varchar(200) DEFAULT NULL,
  `country` varchar(200) DEFAULT NULL,
  `currency` varchar(200) DEFAULT NULL,
  `language` varchar(200) DEFAULT NULL,
  `coupon` varchar(200) DEFAULT NULL,
  `lat` varchar(50) DEFAULT NULL,
  `lon` varchar(50) DEFAULT NULL,
  `item_count` int(11) NOT NULL DEFAULT 0,
  `cid` int(11) NOT NULL DEFAULT 0,
  `aid` int(11) NOT NULL DEFAULT 0,
  `lid` int(11) NOT NULL DEFAULT 0,
  `currency_id` int(11) NOT NULL DEFAULT 0,
  `company_id` int(11) NOT NULL DEFAULT 0,
  `created_at` timestamp NULL DEFAULT NULL,
  `updated_at` timestamp NULL DEFAULT NULL,
  `expiry` datetime DEFAULT NULL,
  `memo` text DEFAULT NULL
) ENGINE=InnoDB DEFAULT CHARSET=utf8 COLLATE=utf8_general_ci;

-- --------------------------------------------------------

--
-- Table structure for table `sys_cats`
--

CREATE TABLE `sys_cats` (
  `id` int(11) NOT NULL,
  `name` varchar(100) NOT NULL,
  `type` enum('Income','Expense') NOT NULL,
  `sorder` int(11) NOT NULL DEFAULT 0,
  `total_amount` decimal(16,4) DEFAULT 0.0000,
  `budget` decimal(16,4) DEFAULT 0.0000,
  `created_at` timestamp NULL DEFAULT NULL,
  `updated_at` timestamp NULL DEFAULT NULL
) ENGINE=InnoDB DEFAULT CHARSET=utf8 COLLATE=utf8_general_ci;

--
-- Dumping data for table `sys_cats`
--

INSERT INTO `sys_cats` (`id`, `name`, `type`, `sorder`, `total_amount`, `budget`, `created_at`, `updated_at`) VALUES
(14, 'Advertising', 'Expense', 1, 0.0000, 0.0000, NULL, NULL),
(15, 'Bank and Credit Card Interest', 'Expense', 23, 0.0000, 0.0000, NULL, NULL),
(16, 'Car and Truck', 'Expense', 24, 0.0000, 0.0000, NULL, NULL),
(17, 'Commissions and Fees', 'Expense', 25, 0.0000, 0.0000, NULL, NULL),
(18, 'Contract Labor', 'Expense', 26, 0.0000, 0.0000, NULL, NULL),
(19, 'Contributions', 'Expense', 27, 0.0000, 0.0000, NULL, NULL),
(20, 'Cost of Goods Sold', 'Expense', 28, 0.0000, 0.0000, NULL, NULL),
(21, 'Credit Card Interest', 'Expense', 29, 0.0000, 0.0000, NULL, NULL),
(22, 'Depreciation', 'Expense', 31, 0.0000, 0.0000, NULL, NULL),
(23, 'Dividend Payments', 'Expense', 32, 0.0000, 0.0000, NULL, NULL),
(24, 'Employee Benefit Programs', 'Expense', 33, 0.0000, 0.0000, NULL, NULL),
(25, 'Entertainment', 'Expense', 34, 0.0000, 0.0000, NULL, NULL),
(26, 'Gift', 'Expense', 35, 0.0000, 0.0000, NULL, NULL),
(27, 'Insurance', 'Expense', 36, 0.0000, 0.0000, NULL, NULL),
(28, 'Legal, Accountant &amp; Other Professional Services', 'Expense', 37, 0.0000, 0.0000, NULL, NULL),
(29, 'Meals', 'Expense', 38, 0.0000, 0.0000, NULL, NULL),
(30, 'Mortgage Interest', 'Expense', 39, 0.0000, 0.0000, NULL, NULL),
(31, 'Non-Deductible Expense', 'Expense', 40, 0.0000, 0.0000, NULL, NULL),
(33, 'Other Business Property Leasing', 'Expense', 22, 0.0000, 0.0000, NULL, NULL),
(34, 'Owner Draws', 'Expense', 21, 0.0000, 0.0000, NULL, NULL),
(35, 'Payroll Taxes', 'Expense', 8, 0.0000, 0.0000, NULL, NULL),
(37, 'Phone', 'Expense', 9, 0.0000, 0.0000, NULL, NULL),
(38, 'Postage', 'Expense', 10, 0.0000, 0.0000, NULL, NULL),
(39, 'Rent', 'Expense', 12, 0.0000, 0.0000, NULL, NULL),
(40, 'Repairs &amp; Maintenance', 'Expense', 11, 0.0000, 0.0000, NULL, NULL),
(41, 'Supplies', 'Expense', 13, 0.0000, 0.0000, NULL, NULL),
(42, 'Taxes and Licenses', 'Expense', 14, 0.0000, 0.0000, NULL, NULL),
(43, 'Transfer Funds', 'Expense', 15, 0.0000, 0.0000, NULL, NULL),
(44, 'Travel', 'Expense', 16, 0.0000, 0.0000, NULL, NULL),
(45, 'Utilities', 'Expense', 17, 0.0000, 0.0000, NULL, NULL),
(46, 'Vehicle, Machinery &amp; Equipment Rental or Leasing', 'Expense', 18, 0.0000, 0.0000, NULL, NULL),
(47, 'Wages', 'Expense', 19, 0.0000, 0.0000, NULL, NULL),
(48, 'Regular Income', 'Income', 1, 0.0000, 0.0000, NULL, NULL),
(49, 'Owner Contribution', 'Income', 12, 0.0000, 0.0000, NULL, NULL),
(50, 'Interest Income', 'Income', 11, 0.0000, 0.0000, NULL, NULL),
(51, 'Expense Refund', 'Income', 10, 0.0000, 0.0000, NULL, NULL),
(52, 'Other Income', 'Income', 9, 0.0000, 0.0000, NULL, NULL),
(53, 'Salary', 'Income', 8, 0.0000, 0.0000, NULL, NULL),
(54, 'Equities', 'Income', 7, 0.0000, 0.0000, NULL, NULL),
(55, 'Rent &amp; Royalties', 'Income', 6, 0.0000, 0.0000, NULL, NULL),
(56, 'Home equity', 'Income', 5, 0.0000, 0.0000, NULL, NULL),
(57, 'Part Time Work', 'Income', 3, 0.0000, 0.0000, NULL, NULL),
(58, 'Account Transfer', 'Income', 4, 0.0000, 0.0000, NULL, NULL),
(60, 'Health Care', 'Expense', 20, 0.0000, 0.0000, NULL, NULL),
(63, 'Loans', 'Expense', 30, 0.0000, 0.0000, NULL, NULL),
(64, 'Selling Software', 'Income', 2, 0.0000, 0.0000, NULL, NULL),
(65, 'Software Customization', 'Income', 13, 0.0000, 0.0000, NULL, NULL),
(66, 'Envato', 'Income', 0, 0.0000, 0.0000, NULL, NULL),
(67, 'Salary', 'Expense', 7, 0.0000, 0.0000, NULL, NULL),
(68, 'Paypal', 'Expense', 6, 0.0000, 0.0000, NULL, NULL),
(69, 'Office Equipment', 'Expense', 5, 0.0000, 0.0000, NULL, NULL),
(70, 'Staff Entertaining', 'Expense', 3, 0.0000, 0.0000, NULL, NULL);

-- --------------------------------------------------------

--
-- Table structure for table `sys_companies`
--

CREATE TABLE `sys_companies` (
  `id` int(11) NOT NULL,
  `company_name` varchar(200) DEFAULT NULL,
  `url` varchar(200) DEFAULT NULL,
  `logo_url` varchar(200) DEFAULT NULL,
  `logo_path` varchar(200) DEFAULT NULL,
  `email` varchar(200) DEFAULT NULL,
  `phone` varchar(200) DEFAULT NULL,
  `emails` text DEFAULT NULL,
  `phones` text DEFAULT NULL,
  `tags` text DEFAULT NULL,
  `description` text DEFAULT NULL,
  `notes` text DEFAULT NULL,
  `address1` varchar(200) DEFAULT NULL,
  `address2` varchar(200) DEFAULT NULL,
  `city` varchar(200) DEFAULT NULL,
  `state` varchar(200) DEFAULT NULL,
  `zip` varchar(50) DEFAULT NULL,
  `country` varchar(100) DEFAULT NULL,
  `source` varchar(200) DEFAULT NULL,
  `added_from` varchar(200) DEFAULT NULL,
  `o` varchar(200) DEFAULT NULL,
  `cid` int(11) NOT NULL DEFAULT 0,
  `aid` int(11) NOT NULL DEFAULT 0,
  `pid` int(11) NOT NULL DEFAULT 0,
  `oid` int(11) NOT NULL DEFAULT 0,
  `rid` int(11) NOT NULL DEFAULT 0,
  `assigned` int(11) NOT NULL DEFAULT 0,
  `created_at` timestamp NULL DEFAULT NULL,
  `created_by` varchar(200) DEFAULT NULL,
  `updated_at` timestamp NULL DEFAULT NULL,
  `updated_by` varchar(200) DEFAULT NULL,
  `last_contact` datetime DEFAULT NULL,
  `last_contact_by` varchar(200) DEFAULT NULL,
  `ratings` varchar(50) DEFAULT NULL,
  `trash` int(1) NOT NULL DEFAULT 0,
  `archived` int(1) NOT NULL DEFAULT 0,
  `c1` text DEFAULT NULL,
  `c2` text DEFAULT NULL,
  `c3` text DEFAULT NULL,
  `c4` text DEFAULT NULL,
  `c5` text DEFAULT NULL
) ENGINE=InnoDB DEFAULT CHARSET=utf8 COLLATE=utf8_general_ci;

--
-- Dumping data for table `sys_companies`
--

INSERT INTO `sys_companies` (`id`, `company_name`, `url`, `logo_url`, `logo_path`, `email`, `phone`, `emails`, `phones`, `tags`, `description`, `notes`, `address1`, `address2`, `city`, `state`, `zip`, `country`, `source`, `added_from`, `o`, `cid`, `aid`, `pid`, `oid`, `rid`, `assigned`, `created_at`, `created_by`, `updated_at`, `updated_by`, `last_contact`, `last_contact_by`, `ratings`, `trash`, `archived`, `c1`, `c2`, `c3`, `c4`, `c5`) VALUES
(1, 'R R Aqua', 'http://', '', NULL, '', '', NULL, NULL, NULL, NULL, NULL, NULL, NULL, NULL, NULL, NULL, NULL, NULL, NULL, NULL, 0, 0, 0, 0, 0, 0, NULL, NULL, NULL, NULL, NULL, NULL, NULL, 0, 0, NULL, NULL, NULL, NULL, NULL);

-- --------------------------------------------------------

--
-- Table structure for table `sys_currencies`
--

CREATE TABLE `sys_currencies` (
  `id` int(11) NOT NULL,
  `cname` varchar(100) DEFAULT NULL,
  `iso_code` varchar(10) DEFAULT NULL,
  `symbol` varchar(20) DEFAULT NULL,
  `rate` decimal(16,8) NOT NULL DEFAULT 1.00000000,
  `prefix` varchar(20) DEFAULT NULL,
  `suffix` varchar(20) DEFAULT NULL,
  `format` varchar(100) DEFAULT NULL,
  `decimal_separator` varchar(10) DEFAULT NULL,
  `thousand_separator` varchar(10) DEFAULT NULL,
  `created_at` datetime DEFAULT NULL,
  `created_by` varchar(200) DEFAULT NULL,
  `updated_at` datetime DEFAULT NULL,
  `updated_by` varchar(200) DEFAULT NULL,
  `available_in` text DEFAULT NULL,
  `isdefault` int(1) NOT NULL DEFAULT 0,
  `trash` int(1) NOT NULL DEFAULT 0,
  `archived` int(1) NOT NULL DEFAULT 0
) ENGINE=InnoDB DEFAULT CHARSET=utf8 COLLATE=utf8_general_ci;

--
-- Dumping data for table `sys_currencies`
--

INSERT INTO `sys_currencies` (`id`, `cname`, `iso_code`, `symbol`, `rate`, `prefix`, `suffix`, `format`, `decimal_separator`, `thousand_separator`, `created_at`, `created_by`, `updated_at`, `updated_by`, `available_in`, `isdefault`, `trash`, `archived`) VALUES
(1, 'INR', 'INR', 'Rs', 1.00000000, NULL, NULL, NULL, NULL, NULL, NULL, NULL, NULL, NULL, NULL, 0, 0, 0);

-- --------------------------------------------------------

--
-- Table structure for table `sys_documents`
--

CREATE TABLE `sys_documents` (
  `id` int(11) NOT NULL,
  `title` varchar(200) DEFAULT NULL,
  `file_o_name` varchar(200) DEFAULT NULL,
  `file_r_name` varchar(200) DEFAULT NULL,
  `file_mime_type` varchar(200) DEFAULT NULL,
  `file_path` varchar(200) DEFAULT NULL,
  `file_dl_token` varchar(200) DEFAULT NULL,
  `file_owner` int(11) NOT NULL DEFAULT 0,
  `version` varchar(100) DEFAULT NULL,
  `link` varchar(100) DEFAULT NULL,
  `sha1` varchar(40) DEFAULT NULL,
  `md5` varchar(32) DEFAULT NULL,
  `cid` int(11) NOT NULL DEFAULT 0,
  `gid` int(11) NOT NULL DEFAULT 0,
  `company_id` int(11) NOT NULL DEFAULT 0,
  `aid` int(11) NOT NULL DEFAULT 0,
  `contacts` text DEFAULT NULL,
  `deals` text DEFAULT NULL,
  `leads` text DEFAULT NULL,
  `created_at` datetime DEFAULT NULL,
  `created_by` varchar(200) DEFAULT NULL,
  `updated_at` datetime DEFAULT NULL,
  `updated_by` varchar(200) DEFAULT NULL,
  `customer_can_download` int(1) NOT NULL DEFAULT 0,
  `trash` int(1) NOT NULL DEFAULT 0,
  `archived` int(1) NOT NULL DEFAULT 0,
  `is_global` int(1) NOT NULL DEFAULT 0
) ENGINE=InnoDB DEFAULT CHARSET=utf8 COLLATE=utf8_general_ci;

-- --------------------------------------------------------

--
-- Table structure for table `sys_emailconfig`
--

CREATE TABLE `sys_emailconfig` (
  `id` int(11) NOT NULL,
  `method` varchar(50) NOT NULL,
  `host` varchar(100) NOT NULL,
  `username` varchar(100) NOT NULL,
  `password` varchar(200) NOT NULL,
  `apikey` varchar(200) NOT NULL,
  `port` varchar(10) NOT NULL,
  `secure` varchar(20) NOT NULL
) ENGINE=InnoDB DEFAULT CHARSET=utf8 COLLATE=utf8_general_ci;

--
-- Dumping data for table `sys_emailconfig`
--

INSERT INTO `sys_emailconfig` (`id`, `method`, `host`, `username`, `password`, `apikey`, `port`, `secure`) VALUES
(1, 'phpmail', 'smtp.gmail.com', 'you@gmail.com', '123456', '', '587', 'tls');

-- --------------------------------------------------------

--
-- Table structure for table `sys_email_logs`
--

CREATE TABLE `sys_email_logs` (
  `id` int(10) NOT NULL,
  `userid` int(10) NOT NULL,
  `sender` varchar(200) NOT NULL,
  `email` text NOT NULL,
  `subject` text NOT NULL,
  `message` text NOT NULL,
  `date` datetime DEFAULT NULL,
  `iid` int(11) NOT NULL DEFAULT 0,
  `rel_type` varchar(100) DEFAULT NULL,
  `rel_id` int(11) NOT NULL DEFAULT 0
) ENGINE=InnoDB DEFAULT CHARSET=utf8 COLLATE=utf8_general_ci;

--
-- Dumping data for table `sys_email_logs`
--

INSERT INTO `sys_email_logs` (`id`, `userid`, `sender`, `email`, `subject`, `message`, `date`, `iid`, `rel_type`, `rel_id`) VALUES
(1, 3, '', 'abhinabapaul.indian@gmail.com', 'Joyram Beverage eBilling Invoice Payment Confirmation', '<div style=\"line-height:1.6;color:#222;text-align:left;width:550px;font-size:10pt;margin:0px 10px;font-family:verdana,\'droid sans\',\'lucida sans\',sans-serif;padding:14px;border:3px solid #d8d8d8;border-top:3px solid #007bc3\">\n\n<div style=\"padding:5px;font-size:11pt;font-weight:bold\">\n   Greetings,\n</div>\n\n\n\n	<div style=\"padding:5px\">\n		This is a payment receipt for Invoice 1 sent on 17/04/2024.\n	</div>\n\n\n	<div style=\"padding:5px\">\n		Login to your client Portal to view this invoice.\n	</div>\n\n\n<div style=\"padding:10px 5px\">\n    Invoice URL: <a href=\"http://localhost/ibilling/?ng=client/iview/1/token_8460181566\" target=\"_blank\">http://localhost/ibilling/?ng=client/iview/1/token_8460181566</a><a target=\"_blank\" style=\"color:#1da9c0;font-weight:bold;padding:3px;text-decoration:none\" href=\"{{app_url}}\"></a><br>Invoice ID: 1<br>Invoice Amount: 635.00<br>Due Date: 17/04/2024</div>\n\n\n<div style=\"padding:5px\"><span style=\"font-size: 13.3333330154419px; line-height: 21.3333320617676px;\">If you have any questions or need assistance, please don\'t hesitate to contact us.</span><br></div>\n\n\n<div style=\"padding:0px 5px\">\n	<div>Best Regards,<br>Joyram Beverage eBilling Team</div>\n\n\n</div>\n\n\n</div>', '2024-04-17 01:53:12', 1, NULL, 0);

-- --------------------------------------------------------

--
-- Table structure for table `sys_email_templates`
--

CREATE TABLE `sys_email_templates` (
  `id` int(11) NOT NULL,
  `tplname` varchar(128) NOT NULL,
  `language_id` int(11) NOT NULL DEFAULT 1,
  `subject` text NOT NULL,
  `message` text NOT NULL,
  `send` varchar(50) DEFAULT 'Active',
  `core` enum('Yes','No') DEFAULT 'Yes',
  `hidden` tinyint(1) DEFAULT 0
) ENGINE=InnoDB DEFAULT CHARSET=utf8 COLLATE=utf8_general_ci;

--
-- Dumping data for table `sys_email_templates`
--

INSERT INTO `sys_email_templates` (`id`, `tplname`, `language_id`, `subject`, `message`, `send`, `core`, `hidden`) VALUES
(3, 'Invoice:Invoice Created', 1, '{{business_name}} Invoice', '<div style=\"line-height:1.6;color:#222;text-align:left;width:550px;font-size:10pt;margin:0px 10px;font-family:verdana,\'droid sans\',\'lucida sans\',sans-serif;padding:14px;border:3px solid #d8d8d8;border-top:3px solid #007bc3\"><div style=\"padding:5px;font-size:11pt;font-weight:bold\">   Greetings,</div>	<div style=\"padding:5px\">		This email serves as your official invoice from <strong>{{business_name}}. </strong>	</div><div style=\"padding:10px 5px\">    Invoice URL: <a href=\"{{invoice_url}}\" target=\"_blank\">{{invoice_url}}</a><a target=\"_blank\" style=\"color:#1da9c0;font-weight:bold;padding:3px;text-decoration:none\" href=\"{{app_url}}\"></a><br>Invoice ID: {{invoice_id}}<br>Invoice Amount: {{invoice_amount}}<br>Due Date: {{invoice_due_date}}</div><div style=\"padding:5px\"><span style=\"font-size: 13.3333330154419px; line-height: 21.3333320617676px;\">If you have any questions or need assistance, please don\'t hesitate to contact us.</span><br></div><div style=\"padding:0px 5px\">	<div>Best Regards,<br>{{business_name}} Team</div></div></div>', 'Yes', 'Yes', 0),
(7, 'Admin:Password Change Request', 1, '{{business_name}} password change request', '<div style=\"line-height:1.6;color:#222;text-align:left;width:550px;font-size:10pt;margin:0px 10px;font-family:verdana,\'droid sans\',\'lucida sans\',sans-serif;padding:14px;border:3px solid #d8d8d8;border-top:3px solid #007bc3\"><div style=\"padding:5px;font-size:11pt;font-weight:bold\">   Hi {{name}},</div>	<div style=\"padding:5px\">		This is to confirm that we have received a Forgot Password request for your Account Username - {{username}} <br>From the IP Address - {{ip_address}}	</div>	<div style=\"padding:5px\">		Click this linke to reset your password- <br><a target=\"_blank\" style=\"color:#1da9c0;font-weight:bold;padding:3px;text-decoration:none\" href=\"{{password_reset_link}}\">{{password_reset_link}}</a>	</div><div style=\"padding:5px\">Please note: until your password has been changed, your current password will remain valid. The Forgot Password Link will be available for a limited time only.</div><div style=\"padding:0px 5px\">	<div>Best Regards,<br>{{business_name}} Team</div></div></div>', 'Yes', 'Yes', 0),
(10, 'Admin:New Password', 1, '{{business_name}} New Password for Admin', '<div style=\"line-height:1.6;color:#222;text-align:left;width:550px;font-size:10pt;margin:0px 10px;font-family:verdana,\'droid sans\',\'lucida sans\',sans-serif;padding:14px;border:3px solid #d8d8d8;border-top:3px solid #007bc3\">\n\n<div style=\"padding:5px;font-size:11pt;font-weight:bold\">\n   Hello {{name}}\n</div>\n\n\n	<div style=\"padding:5px\">\n		Here is your new password for <strong>{{business_name}}. </strong>\n	</div>\n\n	\n<div style=\"padding:10px 5px\">\n    Log in URL: <a target=\"_blank\" style=\"color:#1da9c0;font-weight:bold;padding:3px;text-decoration:none\" href=\"{{login_url}}\">{{login_url}}</a><br>Username: {{username}}<br>Password: {{password}}</div>\n\n<div style=\"padding:5px\">For security reason, Please change your password after login. </div>\n\n<div style=\"padding:0px 5px\">\n	<div>Best Regards,<br>{{business_name}} Team</div>\n\n</div>\n\n</div>', 'Yes', 'Yes', 0),
(12, 'Invoice:Invoice Payment Reminder', 1, '{{business_name}} Invoice Payment Reminder', '<div style=\"line-height:1.6;color:#222;text-align:left;width:550px;font-size:10pt;margin:0px 10px;font-family:verdana,\'droid sans\',\'lucida sans\',sans-serif;padding:14px;border:3px solid #d8d8d8;border-top:3px solid #007bc3\"><div style=\"padding:5px;font-size:11pt;font-weight:bold\">   Greetings,</div>	<div style=\"padding:5px\">		This is a billing reminder that your invoice no. {{invoice_id}} which was generated on {{invoice_date}} is due on {{invoice_due_date}}. 	</div><div style=\"padding:10px 5px\">    Invoice URL: <a href=\"{{invoice_url}}\" target=\"_blank\">{{invoice_url}}</a><a target=\"_blank\" style=\"color:#1da9c0;font-weight:bold;padding:3px;text-decoration:none\" href=\"{{app_url}}\"></a><br>Invoice ID: {{invoice_id}}<br>Invoice Amount: {{invoice_amount}}<br>Due Date: {{invoice_due_date}}</div><div style=\"padding:5px\"><span style=\"font-size: 13.3333330154419px; line-height: 21.3333320617676px;\">If you have any questions or need assistance, please don\'t hesitate to contact us.</span><br></div><div style=\"padding:0px 5px\">	<div>Best Regards,<br>{{business_name}} Team</div></div></div>', 'Yes', 'Yes', 0),
(13, 'Invoice:Invoice Overdue Notice', 1, '{{business_name}} Invoice Overdue Notice', '<div style=\"line-height:1.6;color:#222;text-align:left;width:550px;font-size:10pt;margin:0px 10px;font-family:verdana,\'droid sans\',\'lucida sans\',sans-serif;padding:14px;border:3px solid #d8d8d8;border-top:3px solid #007bc3\"><div style=\"padding:5px;font-size:11pt;font-weight:bold\">   Greetings,</div>	<div style=\"padding:5px\">		This is the notice that your invoice no. {{invoice_id}} which was generated on {{invoice_date}} is now overdue.	</div>	<div style=\"padding:10px 5px\">    Invoice URL: <a href=\"{{invoice_url}}\" target=\"_blank\">{{invoice_url}}</a><a target=\"_blank\" style=\"color:#1da9c0;font-weight:bold;padding:3px;text-decoration:none\" href=\"{{app_url}}\"></a><br>Invoice ID: {{invoice_id}}<br>Invoice Amount: {{invoice_amount}}<br>Due Date: {{invoice_due_date}}</div><div style=\"padding:5px\"><span style=\"font-size: 13.3333330154419px; line-height: 21.3333320617676px;\">If you have any questions or need assistance, please don\'t hesitate to contact us.</span><br></div><div style=\"padding:0px 5px\">	<div>Best Regards,<br>{{business_name}} Team</div></div></div>', 'Yes', 'Yes', 0),
(14, 'Invoice:Invoice Payment Confirmation', 1, '{{business_name}} Invoice Payment Confirmation', '<div style=\"line-height:1.6;color:#222;text-align:left;width:550px;font-size:10pt;margin:0px 10px;font-family:verdana,\'droid sans\',\'lucida sans\',sans-serif;padding:14px;border:3px solid #d8d8d8;border-top:3px solid #007bc3\">\n\n<div style=\"padding:5px;font-size:11pt;font-weight:bold\">\n   Greetings,\n</div>\n\n\n\n	<div style=\"padding:5px\">\n		This is a payment receipt for Invoice {{invoice_id}} sent on {{invoice_date}}.\n	</div>\n\n\n	<div style=\"padding:5px\">\n		Login to your client Portal to view this invoice.\n	</div>\n\n\n<div style=\"padding:10px 5px\">\n    Invoice URL: <a href=\"{{invoice_url}}\" target=\"_blank\">{{invoice_url}}</a><a target=\"_blank\" style=\"color:#1da9c0;font-weight:bold;padding:3px;text-decoration:none\" href=\"{{app_url}}\"></a><br>Invoice ID: {{invoice_id}}<br>Invoice Amount: {{invoice_amount}}<br>Due Date: {{invoice_due_date}}</div>\n\n\n<div style=\"padding:5px\"><span style=\"font-size: 13.3333330154419px; line-height: 21.3333320617676px;\">If you have any questions or need assistance, please don\'t hesitate to contact us.</span><br></div>\n\n\n<div style=\"padding:0px 5px\">\n	<div>Best Regards,<br>{{business_name}} Team</div>\n\n\n</div>\n\n\n</div>', 'Yes', 'Yes', 0),
(15, 'Invoice:Invoice Refund Confirmation', 1, '{{business_name}} Invoice Refund Confirmation', '<div style=\"line-height:1.6;color:#222;text-align:left;width:550px;font-size:10pt;margin:0px 10px;font-family:verdana,\'droid sans\',\'lucida sans\',sans-serif;padding:14px;border:3px solid #d8d8d8;border-top:3px solid #007bc3\"><div style=\"padding:5px;font-size:11pt;font-weight:bold\">   Greetings,</div>	<div style=\"padding:5px\">		This is confirmation that a refund has been processed for Invoice {{invoice_id}} sent on {{invoice_date}}.	</div><div style=\"padding:10px 5px\">    Invoice URL: <a href=\"{{invoice_url}}\" target=\"_blank\">{{invoice_url}}</a><a target=\"_blank\" style=\"color:#1da9c0;font-weight:bold;padding:3px;text-decoration:none\" href=\"{{app_url}}\"></a><br>Invoice ID: {{invoice_id}}<br>Invoice Amount: {{invoice_amount}}<br>Due Date: {{invoice_due_date}}</div><div style=\"padding:5px\"><span style=\"font-size: 13.3333330154419px; line-height: 21.3333320617676px;\">If you have any questions or need assistance, please don\'t hesitate to contact us.</span><br></div><div style=\"padding:0px 5px\">	<div>Best Regards,<br>{{business_name}} Team</div></div></div>', 'Yes', 'Yes', 0),
(16, 'Quote:Quote Created', 1, '{{quote_subject}}', '<div style=\"line-height:1.6;color:#222;text-align:left;width:550px;font-size:10pt;margin:0px 10px;font-family:verdana,sans-serif;padding:14px;border:3px solid #d8d8d8;border-top:3px solid #007bc3\"><div style=\"padding:5px;font-size:11pt;font-weight:bold\">   Greetings,</div>	<div style=\"padding:5px\">		Dear {{contact_name}},&nbsp;<br> Here is the quote you requested for.  The quote is valid until {{valid_until}}.	</div><div style=\"padding:10px 5px\">    Quote Unique URL: <a href=\"{{quote_url}}\" target=\"_blank\">{{quote_url}}</a><br></div><div style=\"padding:5px\"><span style=\"font-size: 13.3333330154419px; line-height: 21.3333320617676px;\">You may view the quote at any time and simply reply to this email with any further questions or requirement.</span><br></div><div style=\"padding:0px 5px\">	<div>Best Regards,<br>{{business_name}} Team</div></div></div>', 'Yes', 'Yes', 0),
(17, 'Client:Client Signup Email', 1, 'Your {{business_name}} Login Info', '<p>Dear {{client_name}},</p>\n<p>Welcome to {{business_name}}.</p>\n<p>You can track your billing, profile, transactions from this portal.</p>\n<p>Your login information is as follows:</p>\n<p>---------------------------------------------------------------------------------------</p>\n<p>Login URL: {{client_login_url}} <br />Email Address: {{client_email}}<br /> Password: Your chosen password.</p>\n<p>----------------------------------------------------------------------------------------</p>\n<p>We very much appreciate you for choosing us.</p>\n<p>{{business_name}} Team</p>', 'Yes', 'Yes', 0);

-- --------------------------------------------------------

--
-- Table structure for table `sys_events`
--

CREATE TABLE `sys_events` (
  `id` int(11) NOT NULL,
  `title` text DEFAULT NULL,
  `description` text DEFAULT NULL,
  `contacts` text DEFAULT NULL,
  `deals` text DEFAULT NULL,
  `owner` varchar(200) DEFAULT NULL,
  `status` varchar(200) DEFAULT NULL,
  `etype` varchar(200) DEFAULT NULL,
  `priority` varchar(200) DEFAULT NULL,
  `color` varchar(20) DEFAULT NULL,
  `o` varchar(200) DEFAULT NULL,
  `cid` int(11) NOT NULL DEFAULT 0,
  `aid` int(11) NOT NULL DEFAULT 0,
  `iid` int(11) NOT NULL DEFAULT 0,
  `oid` int(11) NOT NULL DEFAULT 0,
  `rid` int(11) NOT NULL DEFAULT 0,
  `company_id` int(11) NOT NULL DEFAULT 0,
  `start` datetime DEFAULT NULL,
  `end` datetime DEFAULT NULL,
  `allday` int(1) NOT NULL DEFAULT 0,
  `notification` int(1) NOT NULL DEFAULT 0,
  `trash` int(1) NOT NULL DEFAULT 0,
  `archived` int(1) NOT NULL DEFAULT 0
) ENGINE=InnoDB DEFAULT CHARSET=utf8 COLLATE=utf8_general_ci;

-- --------------------------------------------------------

--
-- Table structure for table `sys_invoiceitems`
--

CREATE TABLE `sys_invoiceitems` (
  `id` int(10) NOT NULL,
  `invoiceid` int(10) NOT NULL DEFAULT 0,
  `userid` int(10) NOT NULL,
  `type` text NOT NULL,
  `relid` int(10) NOT NULL,
  `itemcode` varchar(100) NOT NULL,
  `description` text NOT NULL,
  `qty` varchar(20) NOT NULL DEFAULT '1',
  `amount` decimal(14,2) NOT NULL DEFAULT 0.00,
  `taxed` int(1) NOT NULL,
  `taxamount` decimal(10,2) NOT NULL DEFAULT 0.00,
  `total` decimal(14,2) NOT NULL DEFAULT 0.00,
  `duedate` date DEFAULT NULL,
  `paymentmethod` text NOT NULL,
  `notes` text NOT NULL
) ENGINE=MyISAM DEFAULT CHARSET=utf8 COLLATE=utf8_general_ci;

--
-- Dumping data for table `sys_invoiceitems`
--

INSERT INTO `sys_invoiceitems` (`id`, `invoiceid`, `userid`, `type`, `relid`, `itemcode`, `description`, `qty`, `amount`, `taxed`, `taxamount`, `total`, `duedate`, `paymentmethod`, `notes`) VALUES
(6, 1, 3, '', 0, '', 'Daimond ( 500 ml )', '2', 150.00, 0, 0.00, 300.00, '2024-04-17', '', ''),
(5, 1, 3, '', 0, '', 'Daimond ( 2 L )', '1', 115.00, 0, 0.00, 115.00, '2024-04-17', '', ''),
(4, 1, 3, '', 0, '', 'Daimond ( 1 L )', '2', 110.00, 0, 0.00, 220.00, '2024-04-17', '', ''),
(8, 2, 3, '', 0, '', 'Daimond ( 1 L )', '1', 110.00, 0, 0.00, 110.00, '2024-04-17', '', '');

-- --------------------------------------------------------

--
-- Table structure for table `sys_invoices`
--

CREATE TABLE `sys_invoices` (
  `id` int(10) NOT NULL,
  `userid` int(10) NOT NULL,
  `account` varchar(200) NOT NULL,
  `cn` varchar(100) NOT NULL DEFAULT '',
  `invoicenum` text NOT NULL,
  `date` date DEFAULT NULL,
  `duedate` date DEFAULT NULL,
  `datepaid` datetime DEFAULT NULL,
  `subtotal` decimal(18,2) NOT NULL,
  `discount_type` varchar(1) NOT NULL DEFAULT 'f',
  `discount_value` decimal(14,2) NOT NULL DEFAULT 0.00,
  `discount` decimal(14,2) NOT NULL DEFAULT 0.00,
  `credit` decimal(10,2) NOT NULL DEFAULT 0.00,
  `taxname` varchar(100) NOT NULL,
  `tax` decimal(10,2) NOT NULL,
  `tax2` decimal(10,2) NOT NULL,
  `total` decimal(18,2) NOT NULL DEFAULT 0.00,
  `taxrate` decimal(10,2) NOT NULL,
  `taxrate2` decimal(10,2) NOT NULL,
  `status` text NOT NULL,
  `paymentmethod` text NOT NULL,
  `notes` text NOT NULL,
  `vtoken` varchar(20) NOT NULL,
  `ptoken` varchar(20) NOT NULL,
  `r` varchar(100) NOT NULL DEFAULT '0',
  `nd` date DEFAULT NULL,
  `eid` int(10) NOT NULL DEFAULT 0,
  `ename` varchar(200) NOT NULL DEFAULT '',
  `vid` int(11) NOT NULL DEFAULT 0,
  `currency` int(11) NOT NULL DEFAULT 0,
  `currency_symbol` varchar(10) DEFAULT NULL,
  `currency_prefix` varchar(10) DEFAULT NULL,
  `currency_suffix` varchar(10) DEFAULT NULL,
  `currency_rate` decimal(11,4) NOT NULL DEFAULT 1.0000,
  `recurring` tinyint(1) NOT NULL DEFAULT 0,
  `recurring_ends` date DEFAULT NULL,
  `last_recurring_date` date DEFAULT NULL,
  `source` varchar(200) DEFAULT NULL,
  `sale_agent` int(11) NOT NULL DEFAULT 0,
  `last_overdue_reminder` date DEFAULT NULL,
  `allowed_payment_methods` text DEFAULT NULL,
  `billing_street` varchar(200) DEFAULT NULL,
  `billing_city` varchar(100) DEFAULT NULL,
  `billing_state` varchar(100) DEFAULT NULL,
  `billing_zip` varchar(50) DEFAULT NULL,
  `billing_country` varchar(100) DEFAULT NULL,
  `shipping_street` varchar(200) DEFAULT NULL,
  `shipping_city` varchar(100) DEFAULT NULL,
  `shipping_state` varchar(100) DEFAULT NULL,
  `shipping_zip` varchar(100) DEFAULT NULL,
  `shipping_country` varchar(100) DEFAULT NULL,
  `q_hide` tinyint(1) NOT NULL DEFAULT 0,
  `show_quantity_as` varchar(100) DEFAULT NULL,
  `pid` int(11) NOT NULL DEFAULT 0,
  `is_credit_invoice` int(1) NOT NULL DEFAULT 0,
  `aid` int(11) NOT NULL DEFAULT 0,
  `aname` varchar(200) DEFAULT NULL
) ENGINE=MyISAM DEFAULT CHARSET=utf8 COLLATE=utf8_general_ci;

--
-- Dumping data for table `sys_invoices`
--

INSERT INTO `sys_invoices` (`id`, `userid`, `account`, `cn`, `invoicenum`, `date`, `duedate`, `datepaid`, `subtotal`, `discount_type`, `discount_value`, `discount`, `credit`, `taxname`, `tax`, `tax2`, `total`, `taxrate`, `taxrate2`, `status`, `paymentmethod`, `notes`, `vtoken`, `ptoken`, `r`, `nd`, `eid`, `ename`, `vid`, `currency`, `currency_symbol`, `currency_prefix`, `currency_suffix`, `currency_rate`, `recurring`, `recurring_ends`, `last_recurring_date`, `source`, `sale_agent`, `last_overdue_reminder`, `allowed_payment_methods`, `billing_street`, `billing_city`, `billing_state`, `billing_zip`, `billing_country`, `shipping_street`, `shipping_city`, `shipping_state`, `shipping_zip`, `shipping_country`, `q_hide`, `show_quantity_as`, `pid`, `is_credit_invoice`, `aid`, `aname`) VALUES
(1, 3, 'Test', '', '', '2024-04-17', '2024-04-17', '2024-04-17 01:51:28', 635.00, 'p', 0.00, 0.00, 0.00, '', 0.00, 0.00, 635.00, 0.00, 0.00, 'Paid', '', '', '8460181566', '2781238140', '0', '2024-04-17', 0, '', 0, 1, 'Rs', NULL, NULL, 1.0000, 0, NULL, NULL, NULL, 0, NULL, NULL, NULL, NULL, NULL, NULL, NULL, NULL, NULL, NULL, NULL, NULL, 0, NULL, 0, 0, 0, NULL),
(2, 3, 'Test', '', '', '2024-04-17', '2024-04-17', '2024-04-17 01:57:18', 110.00, 'p', 0.00, 0.00, 0.00, '', 0.00, 0.00, 110.00, 0.00, 0.00, 'Paid', '', '', '7370514458', '3790458398', '0', '2024-04-17', 0, '', 0, 1, 'Rs', NULL, NULL, 1.0000, 0, NULL, NULL, NULL, 0, NULL, NULL, NULL, NULL, NULL, NULL, NULL, NULL, NULL, NULL, NULL, NULL, 0, NULL, 0, 0, 0, NULL);

-- --------------------------------------------------------

--
-- Table structure for table `sys_items`
--

CREATE TABLE `sys_items` (
  `id` int(11) NOT NULL,
  `name` mediumtext NOT NULL,
  `unit` varchar(100) NOT NULL DEFAULT '',
  `sales_price` decimal(16,2) NOT NULL DEFAULT 0.00,
  `inventory` decimal(16,4) NOT NULL DEFAULT 0.0000,
  `weight` decimal(16,4) NOT NULL DEFAULT 0.0000,
  `width` decimal(12,4) NOT NULL DEFAULT 0.0000,
  `length` decimal(12,4) NOT NULL DEFAULT 0.0000,
  `height` decimal(12,4) NOT NULL DEFAULT 0.0000,
  `sku` varchar(50) DEFAULT NULL,
  `upc` varchar(50) DEFAULT NULL,
  `ean` varchar(50) DEFAULT NULL,
  `mpn` varchar(50) DEFAULT NULL,
  `isbn` varchar(50) DEFAULT NULL,
  `sid` int(11) NOT NULL DEFAULT 0,
  `supplier` varchar(200) DEFAULT NULL,
  `bid` int(11) NOT NULL DEFAULT 0,
  `brand` varchar(200) DEFAULT NULL,
  `sell_account` int(11) NOT NULL DEFAULT 0,
  `purchase_account` int(11) NOT NULL DEFAULT 0,
  `inventory_account` int(11) NOT NULL DEFAULT 0,
  `taxable` int(1) NOT NULL DEFAULT 0,
  `location` varchar(200) DEFAULT NULL,
  `item_number` varchar(100) NOT NULL DEFAULT '',
  `description` mediumtext NOT NULL,
  `type` enum('Service','Product') NOT NULL,
  `track_inventroy` enum('Yes','No') NOT NULL DEFAULT 'No',
  `negative_stock` enum('Yes','No') NOT NULL DEFAULT 'No',
  `available` int(11) NOT NULL DEFAULT 0,
  `status` enum('Active','Inactive') NOT NULL DEFAULT 'Active',
  `added` date DEFAULT NULL,
  `last_sold` date DEFAULT NULL,
  `e` mediumtext NOT NULL,
  `sorder` int(11) NOT NULL DEFAULT 0,
  `gid` int(11) NOT NULL DEFAULT 0,
  `category_id` int(11) NOT NULL DEFAULT 0,
  `supplier_id` int(11) NOT NULL DEFAULT 0,
  `gname` varchar(100) DEFAULT NULL,
  `product_id` varchar(100) DEFAULT NULL,
  `size` varchar(100) DEFAULT NULL,
  `start_date` date DEFAULT NULL,
  `end_date` date DEFAULT NULL,
  `expire_date` date DEFAULT NULL,
  `expire_days` int(11) NOT NULL DEFAULT 0,
  `image` text DEFAULT NULL,
  `flag` int(1) NOT NULL DEFAULT 0,
  `is_service` int(1) NOT NULL DEFAULT 0,
  `commission_percent` decimal(16,2) NOT NULL DEFAULT 0.00,
  `commission_percent_type` varchar(100) DEFAULT NULL,
  `commission_fixed` decimal(16,2) NOT NULL DEFAULT 0.00,
  `trash` int(1) NOT NULL DEFAULT 0,
  `payterm` varchar(200) DEFAULT NULL,
  `cost_price` decimal(16,2) NOT NULL DEFAULT 0.00,
  `unit_price` decimal(16,2) NOT NULL DEFAULT 0.00,
  `promo_price` decimal(16,2) NOT NULL DEFAULT 0.00,
  `setup` decimal(16,2) NOT NULL DEFAULT 0.00,
  `onetime` decimal(16,2) NOT NULL DEFAULT 0.00,
  `monthly` decimal(16,2) NOT NULL DEFAULT 0.00,
  `monthlysetup` decimal(16,2) NOT NULL DEFAULT 0.00,
  `quarterly` decimal(16,2) NOT NULL DEFAULT 0.00,
  `quarterlysetup` decimal(16,2) NOT NULL DEFAULT 0.00,
  `halfyearly` decimal(16,2) NOT NULL DEFAULT 0.00,
  `halfyearlysetup` decimal(16,2) NOT NULL DEFAULT 0.00,
  `annually` decimal(16,2) NOT NULL DEFAULT 0.00,
  `annuallysetup` decimal(16,2) NOT NULL DEFAULT 0.00,
  `biennially` decimal(16,2) NOT NULL DEFAULT 0.00,
  `bienniallysetup` decimal(16,2) NOT NULL DEFAULT 0.00,
  `triennially` decimal(16,2) NOT NULL DEFAULT 0.00,
  `trienniallysetup` decimal(16,2) NOT NULL DEFAULT 0.00,
  `has_domain` varchar(100) DEFAULT NULL,
  `free_domain` varchar(100) DEFAULT NULL,
  `email_rel` int(11) NOT NULL DEFAULT 0,
  `tags` text DEFAULT NULL,
  `c1` text DEFAULT NULL,
  `c2` text DEFAULT NULL,
  `c3` text DEFAULT NULL,
  `c4` text DEFAULT NULL,
  `c5` text DEFAULT NULL,
  `c6` text DEFAULT NULL,
  `c7` text DEFAULT NULL,
  `c8` text DEFAULT NULL,
  `c9` text DEFAULT NULL,
  `c10` text DEFAULT NULL,
  `c11` text DEFAULT NULL,
  `c12` text DEFAULT NULL,
  `c13` text DEFAULT NULL,
  `c14` text DEFAULT NULL,
  `c15` text DEFAULT NULL,
  `c16` text DEFAULT NULL,
  `c17` text DEFAULT NULL,
  `c18` text DEFAULT NULL,
  `c19` text DEFAULT NULL,
  `c20` text DEFAULT NULL,
  `c21` text DEFAULT NULL,
  `c22` text DEFAULT NULL,
  `c23` text DEFAULT NULL,
  `c24` text DEFAULT NULL,
  `c25` text DEFAULT NULL,
  `c26` text DEFAULT NULL,
  `c27` text DEFAULT NULL,
  `c28` text DEFAULT NULL,
  `c29` text DEFAULT NULL,
  `c30` text DEFAULT NULL,
  `sold_count` decimal(16,4) DEFAULT 0.0000,
  `total_amount` decimal(16,4) DEFAULT 0.0000,
  `created_at` timestamp NULL DEFAULT NULL,
  `updated_at` timestamp NULL DEFAULT NULL
) ENGINE=InnoDB DEFAULT CHARSET=utf8 COLLATE=utf8_general_ci;

--
-- Dumping data for table `sys_items`
--

INSERT INTO `sys_items` (`id`, `name`, `unit`, `sales_price`, `inventory`, `weight`, `width`, `length`, `height`, `sku`, `upc`, `ean`, `mpn`, `isbn`, `sid`, `supplier`, `bid`, `brand`, `sell_account`, `purchase_account`, `inventory_account`, `taxable`, `location`, `item_number`, `description`, `type`, `track_inventroy`, `negative_stock`, `available`, `status`, `added`, `last_sold`, `e`, `sorder`, `gid`, `category_id`, `supplier_id`, `gname`, `product_id`, `size`, `start_date`, `end_date`, `expire_date`, `expire_days`, `image`, `flag`, `is_service`, `commission_percent`, `commission_percent_type`, `commission_fixed`, `trash`, `payterm`, `cost_price`, `unit_price`, `promo_price`, `setup`, `onetime`, `monthly`, `monthlysetup`, `quarterly`, `quarterlysetup`, `halfyearly`, `halfyearlysetup`, `annually`, `annuallysetup`, `biennially`, `bienniallysetup`, `triennially`, `trienniallysetup`, `has_domain`, `free_domain`, `email_rel`, `tags`, `c1`, `c2`, `c3`, `c4`, `c5`, `c6`, `c7`, `c8`, `c9`, `c10`, `c11`, `c12`, `c13`, `c14`, `c15`, `c16`, `c17`, `c18`, `c19`, `c20`, `c21`, `c22`, `c23`, `c24`, `c25`, `c26`, `c27`, `c28`, `c29`, `c30`, `sold_count`, `total_amount`, `created_at`, `updated_at`) VALUES
(1, 'Daimond ( 500 ml )', '', 150.00, 0.0000, 0.0000, 0.0000, 0.0000, 0.0000, NULL, NULL, NULL, NULL, NULL, 0, NULL, 0, NULL, 0, 0, 0, 0, NULL, '1', '', 'Product', 'No', 'No', 0, 'Active', NULL, NULL, '', 0, 0, 0, 0, NULL, NULL, NULL, NULL, NULL, NULL, 0, NULL, 0, 0, 0.00, NULL, 0.00, 0, NULL, 0.00, 0.00, 0.00, 0.00, 0.00, 0.00, 0.00, 0.00, 0.00, 0.00, 0.00, 0.00, 0.00, 0.00, 0.00, 0.00, 0.00, NULL, NULL, 0, NULL, NULL, NULL, NULL, NULL, NULL, NULL, NULL, NULL, NULL, NULL, NULL, NULL, NULL, NULL, NULL, NULL, NULL, NULL, NULL, NULL, NULL, NULL, NULL, NULL, NULL, NULL, NULL, NULL, NULL, NULL, 0.0000, 0.0000, NULL, NULL),
(2, 'Daimond ( 1 L )', '', 110.00, 0.0000, 0.0000, 0.0000, 0.0000, 0.0000, NULL, NULL, NULL, NULL, NULL, 0, NULL, 0, NULL, 0, 0, 0, 0, NULL, '2', '', 'Product', 'No', 'No', 0, 'Active', NULL, NULL, '', 0, 0, 0, 0, NULL, NULL, NULL, NULL, NULL, NULL, 0, NULL, 0, 0, 0.00, NULL, 0.00, 0, NULL, 0.00, 0.00, 0.00, 0.00, 0.00, 0.00, 0.00, 0.00, 0.00, 0.00, 0.00, 0.00, 0.00, 0.00, 0.00, 0.00, 0.00, NULL, NULL, 0, NULL, NULL, NULL, NULL, NULL, NULL, NULL, NULL, NULL, NULL, NULL, NULL, NULL, NULL, NULL, NULL, NULL, NULL, NULL, NULL, NULL, NULL, NULL, NULL, NULL, NULL, NULL, NULL, NULL, NULL, NULL, 0.0000, 0.0000, NULL, NULL),
(3, 'Daimond ( 2 L )', '', 115.00, 0.0000, 0.0000, 0.0000, 0.0000, 0.0000, NULL, NULL, NULL, NULL, NULL, 0, NULL, 0, NULL, 0, 0, 0, 0, NULL, '3', '', 'Product', 'No', 'No', 0, 'Active', NULL, NULL, '', 0, 0, 0, 0, NULL, NULL, NULL, NULL, NULL, NULL, 0, NULL, 0, 0, 0.00, NULL, 0.00, 0, NULL, 0.00, 0.00, 0.00, 0.00, 0.00, 0.00, 0.00, 0.00, 0.00, 0.00, 0.00, 0.00, 0.00, 0.00, 0.00, 0.00, 0.00, NULL, NULL, 0, NULL, NULL, NULL, NULL, NULL, NULL, NULL, NULL, NULL, NULL, NULL, NULL, NULL, NULL, NULL, NULL, NULL, NULL, NULL, NULL, NULL, NULL, NULL, NULL, NULL, NULL, NULL, NULL, NULL, NULL, NULL, 0.0000, 0.0000, NULL, NULL);

-- --------------------------------------------------------

--
-- Table structure for table `sys_item_cats`
--

CREATE TABLE `sys_item_cats` (
  `id` int(11) NOT NULL,
  `pid` int(11) NOT NULL DEFAULT 0,
  `name` varchar(200) DEFAULT NULL,
  `type` varchar(200) DEFAULT NULL,
  `img` varchar(200) DEFAULT NULL,
  `status` varchar(200) DEFAULT NULL,
  `description` text DEFAULT NULL,
  `sorder` int(11) NOT NULL DEFAULT 0,
  `created_at` datetime DEFAULT NULL,
  `updated_at` datetime DEFAULT NULL
) ENGINE=InnoDB DEFAULT CHARSET=utf8 COLLATE=utf8_general_ci;

-- --------------------------------------------------------

--
-- Table structure for table `sys_leads`
--

CREATE TABLE `sys_leads` (
  `id` int(11) NOT NULL,
  `fullname` varchar(200) DEFAULT NULL,
  `company` varchar(200) DEFAULT NULL,
  `email` varchar(200) DEFAULT NULL,
  `phone` varchar(50) DEFAULT NULL,
  `color` varchar(20) DEFAULT NULL,
  `status` varchar(200) DEFAULT NULL,
  `source` varchar(200) DEFAULT NULL,
  `added_from` varchar(200) DEFAULT NULL,
  `o` varchar(200) DEFAULT NULL,
  `cid` int(11) NOT NULL DEFAULT 0,
  `aid` int(11) NOT NULL DEFAULT 0,
  `iid` int(11) NOT NULL DEFAULT 0,
  `oid` int(11) NOT NULL DEFAULT 0,
  `rid` int(11) NOT NULL DEFAULT 0,
  `sorder` int(11) NOT NULL DEFAULT 0,
  `assigned` int(11) NOT NULL DEFAULT 0,
  `created_at` datetime DEFAULT NULL,
  `created_by` varchar(200) DEFAULT NULL,
  `updated_at` datetime DEFAULT NULL,
  `updated_by` varchar(200) DEFAULT NULL,
  `last_contact` datetime DEFAULT NULL,
  `last_contact_by` varchar(200) DEFAULT NULL,
  `date_converted` datetime DEFAULT NULL,
  `public` int(1) NOT NULL DEFAULT 0,
  `ratings` varchar(50) DEFAULT NULL,
  `flag` int(1) NOT NULL DEFAULT 0,
  `lost` int(1) NOT NULL DEFAULT 0,
  `junk` int(1) NOT NULL DEFAULT 0,
  `trash` int(1) NOT NULL DEFAULT 0,
  `archived` int(1) NOT NULL DEFAULT 0
) ENGINE=InnoDB DEFAULT CHARSET=utf8 COLLATE=utf8_general_ci;

-- --------------------------------------------------------

--
-- Table structure for table `sys_logs`
--

CREATE TABLE `sys_logs` (
  `id` int(10) NOT NULL,
  `date` datetime NOT NULL DEFAULT '0000-00-00 00:00:00',
  `type` varchar(50) NOT NULL,
  `description` text NOT NULL,
  `userid` int(10) NOT NULL,
  `ip` text NOT NULL
) ENGINE=MyISAM DEFAULT CHARSET=utf8 COLLATE=utf8_general_ci;

--
-- Dumping data for table `sys_logs`
--

INSERT INTO `sys_logs` (`id`, `date`, `type`, `description`, `userid`, `ip`) VALUES
(1, '2016-11-15 11:30:45', 'System', 'Build Updated to: 4600\r\nDocuments Table Created\r\nOrders Table Created\r\nsys_items table altered\r\nUpdate Completed!\r\n', 0, '::1'),
(2, '2017-04-18 08:37:23', 'System', 'Build Updated to: 4620\r\nUpdate Completed!\r\n', 0, '::1'),
(3, '2017-09-17 15:08:39', 'System', 'Build Updated to: 4671\r\nUpdate Completed!\r\n', 0, '127.0.0.1'),
(4, '2017-09-21 05:34:13', 'Admin', 'Login Successful demo@example.com', 1, '127.0.0.1'),
(5, '2017-09-28 05:07:55', 'Admin', 'Login Successful demo@example.com', 1, '127.0.0.1'),
(6, '2017-09-29 19:12:19', 'Admin', 'Login Successful demo@example.com', 1, '127.0.0.1'),
(7, '2017-11-13 04:44:33', 'Admin', 'Login Successful demo@example.com', 1, '127.0.0.1'),
(8, '2017-11-13 05:12:33', 'Admin', 'New Contact Added test [CID: 1]', 1, '127.0.0.1'),
(9, '2017-11-13 05:12:40', 'Admin', 'New Contact Added test 2 [CID: 2]', 1, '127.0.0.1'),
(10, '2017-11-18 11:52:45', 'Admin', 'Login Successful demo@example.com', 1, '127.0.0.1'),
(11, '2021-07-02 06:26:35', 'Admin', 'Failed Login demo@example.com', 0, '127.0.0.1'),
(12, '2021-07-02 06:27:26', 'Admin', 'Login Successful demo@example.com', 1, '127.0.0.1'),
(13, '2021-07-02 06:27:26', 'System', 'Build updated: 4900\r\nUpdate Completed!\n', 0, '127.0.0.1'),
(14, '2024-04-16 16:01:06', 'Admin', 'Login Successful demo@example.com', 1, '::1'),
(15, '2024-04-17 01:49:16', 'Admin', 'Contact Deleted: test 2', 1, '::1'),
(16, '2024-04-17 01:49:36', 'Admin', 'Contact Deleted: test', 1, '::1'),
(17, '2024-04-17 01:50:00', 'Admin', 'New Contact Added Test [CID: 3]', 1, '::1'),
(18, '2024-04-19 00:52:16', 'Admin', 'Login Successful demo@example.com', 1, '::1');

-- --------------------------------------------------------

--
-- Table structure for table `sys_orders`
--

CREATE TABLE `sys_orders` (
  `id` int(11) NOT NULL,
  `ordernum` varchar(50) DEFAULT NULL,
  `source` varchar(100) DEFAULT NULL,
  `status` varchar(100) DEFAULT NULL,
  `sales_person` varchar(100) DEFAULT NULL,
  `branch_name` varchar(100) DEFAULT NULL,
  `cname` varchar(100) DEFAULT NULL,
  `cid` int(11) DEFAULT NULL,
  `contract_id` int(11) DEFAULT NULL,
  `bid` int(11) DEFAULT NULL,
  `date_added` date DEFAULT NULL,
  `date_expiry` date DEFAULT NULL,
  `pid` int(11) DEFAULT NULL,
  `stitle` varchar(200) DEFAULT NULL,
  `sid` int(11) DEFAULT NULL,
  `iid` int(11) DEFAULT NULL,
  `aid` int(11) DEFAULT NULL,
  `amount` decimal(16,2) NOT NULL DEFAULT 0.00,
  `recurring` decimal(16,2) NOT NULL DEFAULT 0.00,
  `setup_fee` decimal(16,2) NOT NULL DEFAULT 0.00,
  `billing_cycle` text DEFAULT NULL,
  `addon_ids` text DEFAULT NULL,
  `related_orders` text DEFAULT NULL,
  `description` text DEFAULT NULL,
  `upgrade_ids` text DEFAULT NULL,
  `xdata` text DEFAULT NULL,
  `xsecret` varchar(100) DEFAULT NULL,
  `promo_code` text DEFAULT NULL,
  `promo_type` text DEFAULT NULL,
  `promo_value` text DEFAULT NULL,
  `payment_method` text DEFAULT NULL,
  `ipaddress` text DEFAULT NULL,
  `fraud_module` text DEFAULT NULL,
  `fraud_output` text DEFAULT NULL,
  `activation_subject` text DEFAULT NULL,
  `activation_message` text DEFAULT NULL,
  `trash` int(1) NOT NULL DEFAULT 0,
  `archived` int(1) NOT NULL DEFAULT 0,
  `c1` text DEFAULT NULL,
  `c2` text DEFAULT NULL,
  `c3` text DEFAULT NULL,
  `c4` text DEFAULT NULL,
  `c5` text DEFAULT NULL
) ENGINE=InnoDB DEFAULT CHARSET=utf8 COLLATE=utf8_general_ci;

-- --------------------------------------------------------

--
-- Table structure for table `sys_permissions`
--

CREATE TABLE `sys_permissions` (
  `id` int(11) NOT NULL,
  `pname` varchar(200) DEFAULT NULL,
  `shortname` varchar(200) DEFAULT NULL,
  `available` int(1) NOT NULL DEFAULT 0,
  `core` int(1) NOT NULL DEFAULT 1
) ENGINE=InnoDB DEFAULT CHARSET=utf8 COLLATE=utf8_general_ci;

--
-- Dumping data for table `sys_permissions`
--

INSERT INTO `sys_permissions` (`id`, `pname`, `shortname`, `available`, `core`) VALUES
(1, 'Customers', 'customers', 0, 1),
(2, 'Companies', 'companies', 0, 1),
(3, 'Transactions', 'transactions', 0, 1),
(4, 'Sales', 'sales', 0, 1),
(5, 'Bank & Cash', 'bank_n_cash', 0, 1),
(6, 'Products & Services', 'products_n_services', 0, 1),
(7, 'Reports', 'reports', 0, 1),
(8, 'Utilities', 'utilities', 0, 1),
(9, 'Appearance', 'appearance', 0, 1),
(10, 'Plugins', 'plugins', 0, 1),
(11, 'Calendar', 'calendar', 0, 1),
(12, 'Leads', 'leads', 0, 1),
(13, 'Tasks', 'tasks', 0, 1),
(14, 'Contracts', 'contracts', 0, 1),
(15, 'Orders', 'orders', 0, 1),
(16, 'Settings', 'settings', 0, 1),
(17, 'Documents', 'documents', 0, 1);

-- --------------------------------------------------------

--
-- Table structure for table `sys_pg`
--

CREATE TABLE `sys_pg` (
  `id` int(11) NOT NULL,
  `name` text NOT NULL,
  `settings` text NOT NULL,
  `value` text NOT NULL,
  `processor` text NOT NULL,
  `ins` text NOT NULL,
  `c1` text NOT NULL,
  `c2` text NOT NULL,
  `c3` text NOT NULL,
  `c4` text NOT NULL,
  `c5` text NOT NULL,
  `status` enum('Active','Inactive') NOT NULL,
  `sorder` int(2) NOT NULL,
  `logo` varchar(200) DEFAULT NULL,
  `mode` varchar(200) DEFAULT NULL
) ENGINE=MyISAM DEFAULT CHARSET=utf8 COLLATE=utf8_general_ci;

--
-- Dumping data for table `sys_pg`
--

INSERT INTO `sys_pg` (`id`, `name`, `settings`, `value`, `processor`, `ins`, `c1`, `c2`, `c3`, `c4`, `c5`, `status`, `sorder`, `logo`, `mode`) VALUES
(1, 'Paypal', 'Paypal Email', 'demo@example.com', 'paypal', 'Invoices', 'USD', '1', '', '', '', 'Active', 1, NULL, NULL),
(2, 'Stripe', 'API Key', 'sk_test_ARblMczqDw61NusMMs7o1RVK', 'stripe', '', 'USD', '', '', '', '', 'Active', 2, NULL, NULL),
(3, 'Bank / Cash', 'Instructions', 'Make a Payment to Our Bank Account <br>Bank Name: City Bank <br>Account Name: Sadia Sharmin <br>Account Number: 1505XXXXXXXX <br>', 'manualpayment', '', '', '', '', '', '', 'Active', 3, NULL, NULL),
(4, 'Authorize.net', 'API_LOGIN_ID', 'Insert API Login ID here', 'authorize_net', '', 'Insert Transaction Key Here', '', '', '', '', 'Active', 4, NULL, NULL),
(5, 'Braintree', 'Merchant ID', 'your merchant id', 'braintree', '', 'your public key', 'your private key', 'bank account', 'sandbox', '', 'Inactive', 5, NULL, NULL);

-- --------------------------------------------------------

--
-- Table structure for table `sys_pl`
--

CREATE TABLE `sys_pl` (
  `id` int(11) NOT NULL,
  `c` varchar(50) NOT NULL,
  `status` int(11) NOT NULL DEFAULT 1,
  `sorder` int(11) NOT NULL DEFAULT 0,
  `build` int(10) DEFAULT 1,
  `c1` text DEFAULT NULL,
  `c2` text DEFAULT NULL
) ENGINE=InnoDB DEFAULT CHARSET=utf8 COLLATE=utf8_general_ci;

-- --------------------------------------------------------

--
-- Table structure for table `sys_pmethods`
--

CREATE TABLE `sys_pmethods` (
  `id` int(11) NOT NULL,
  `name` varchar(100) NOT NULL,
  `sorder` int(11) NOT NULL DEFAULT 0
) ENGINE=InnoDB DEFAULT CHARSET=utf8 COLLATE=utf8_general_ci;

--
-- Dumping data for table `sys_pmethods`
--

INSERT INTO `sys_pmethods` (`id`, `name`, `sorder`) VALUES
(1, 'Cash', 1),
(2, 'Check', 4),
(3, 'Credit Card', 5),
(4, 'Debit', 6),
(5, 'Electronic Transfer', 7),
(9, 'Paypal', 2),
(10, 'ATM Withdrawals', 3);

-- --------------------------------------------------------

--
-- Table structure for table `sys_quoteitems`
--

CREATE TABLE `sys_quoteitems` (
  `id` int(10) NOT NULL,
  `qid` int(10) NOT NULL,
  `itemcode` text NOT NULL,
  `description` text NOT NULL,
  `qty` text NOT NULL,
  `amount` decimal(18,2) NOT NULL,
  `discount` decimal(10,2) NOT NULL,
  `total` decimal(18,2) NOT NULL,
  `taxable` int(1) NOT NULL
) ENGINE=InnoDB DEFAULT CHARSET=utf8 COLLATE=utf8_general_ci;

--
-- Dumping data for table `sys_quoteitems`
--

INSERT INTO `sys_quoteitems` (`id`, `qid`, `itemcode`, `description`, `qty`, `amount`, `discount`, `total`, `taxable`) VALUES
(5, 1, '', '', '0', 0.00, 0.00, 0.00, 0),
(6, 1, '', 'Daimond ( 1 L )', '1', 110.00, 0.00, 110.00, 0),
(7, 1, '', 'Daimond ( 2 L )', '1', 115.00, 0.00, 115.00, 0),
(8, 1, '', 'Daimond ( 500 ml )', '1', 150.00, 0.00, 150.00, 0);

-- --------------------------------------------------------

--
-- Table structure for table `sys_quotes`
--

CREATE TABLE `sys_quotes` (
  `id` int(10) NOT NULL,
  `subject` text NOT NULL,
  `stage` enum('Draft','Delivered','On Hold','Accepted','Lost','Dead') NOT NULL,
  `validuntil` date NOT NULL,
  `userid` int(10) NOT NULL,
  `invoicenum` text NOT NULL,
  `cn` text NOT NULL,
  `account` text NOT NULL,
  `firstname` text NOT NULL,
  `lastname` text NOT NULL,
  `companyname` text NOT NULL,
  `email` text NOT NULL,
  `address1` text NOT NULL,
  `address2` text NOT NULL,
  `city` text NOT NULL,
  `state` text NOT NULL,
  `postcode` text NOT NULL,
  `country` text NOT NULL,
  `phonenumber` text NOT NULL,
  `currency` int(10) NOT NULL,
  `subtotal` decimal(18,2) NOT NULL,
  `discount_type` text NOT NULL,
  `discount_value` decimal(10,2) NOT NULL,
  `discount` decimal(10,2) NOT NULL,
  `taxname` text NOT NULL,
  `taxrate` decimal(10,2) NOT NULL,
  `tax1` decimal(10,2) NOT NULL,
  `tax2` decimal(10,2) NOT NULL,
  `total` decimal(18,2) NOT NULL,
  `proposal` text NOT NULL,
  `customernotes` text NOT NULL,
  `adminnotes` text NOT NULL,
  `datecreated` date NOT NULL,
  `lastmodified` date NOT NULL,
  `datesent` date NOT NULL,
  `dateaccepted` date NOT NULL,
  `vtoken` text NOT NULL
) ENGINE=InnoDB DEFAULT CHARSET=utf8 COLLATE=utf8_general_ci;

--
-- Dumping data for table `sys_quotes`
--

INSERT INTO `sys_quotes` (`id`, `subject`, `stage`, `validuntil`, `userid`, `invoicenum`, `cn`, `account`, `firstname`, `lastname`, `companyname`, `email`, `address1`, `address2`, `city`, `state`, `postcode`, `country`, `phonenumber`, `currency`, `subtotal`, `discount_type`, `discount_value`, `discount`, `taxname`, `taxrate`, `tax1`, `tax2`, `total`, `proposal`, `customernotes`, `adminnotes`, `datecreated`, `lastmodified`, `datesent`, `dateaccepted`, `vtoken`) VALUES
(1, 'Quote', 'Draft', '2024-05-17', 3, '', '', 'Test', '', '', '', '', '', '', '', '', '', '', '', 1, 375.00, 'p', 0.00, 0.00, '', 0.00, 0.00, 0.00, 375.00, '', '', '', '2024-04-17', '2024-04-17', '2024-04-17', '2024-04-17', '0303336937');

-- --------------------------------------------------------

--
-- Table structure for table `sys_roles`
--

CREATE TABLE `sys_roles` (
  `id` int(11) NOT NULL,
  `rname` varchar(200) DEFAULT NULL
) ENGINE=InnoDB DEFAULT CHARSET=utf8 COLLATE=utf8_general_ci;

--
-- Dumping data for table `sys_roles`
--

INSERT INTO `sys_roles` (`id`, `rname`) VALUES
(1, 'Employee');

-- --------------------------------------------------------

--
-- Table structure for table `sys_sales`
--

CREATE TABLE `sys_sales` (
  `id` int(11) NOT NULL,
  `cid` int(11) NOT NULL DEFAULT 0,
  `oid` int(11) NOT NULL DEFAULT 0,
  `oname` varchar(200) NOT NULL,
  `description` mediumtext NOT NULL,
  `amount` decimal(14,2) NOT NULL,
  `term` varchar(100) NOT NULL,
  `milestone` varchar(100) NOT NULL,
  `p` int(11) NOT NULL,
  `o` int(11) NOT NULL,
  `open` date NOT NULL,
  `close` date NOT NULL,
  `status` enum('New','In Progress','Won','Lost') NOT NULL
) ENGINE=InnoDB DEFAULT CHARSET=utf8 COLLATE=utf8_general_ci;

-- --------------------------------------------------------

--
-- Table structure for table `sys_schedule`
--

CREATE TABLE `sys_schedule` (
  `id` int(11) NOT NULL,
  `cname` mediumtext NOT NULL,
  `val` mediumtext NOT NULL
) ENGINE=InnoDB DEFAULT CHARSET=utf8 COLLATE=utf8_general_ci;

--
-- Dumping data for table `sys_schedule`
--

INSERT INTO `sys_schedule` (`id`, `cname`, `val`) VALUES
(1, 'accounting_snapshot', 'Active'),
(2, 'recurring_invoice', 'Active'),
(3, 'notify', 'Active'),
(4, 'notifyemail', 'demo@example.com');

-- --------------------------------------------------------

--
-- Table structure for table `sys_schedulelogs`
--

CREATE TABLE `sys_schedulelogs` (
  `id` int(11) NOT NULL,
  `date` date NOT NULL,
  `logs` mediumtext NOT NULL
) ENGINE=InnoDB DEFAULT CHARSET=utf8 COLLATE=utf8_general_ci;

--
-- Dumping data for table `sys_schedulelogs`
--

INSERT INTO `sys_schedulelogs` (`id`, `date`, `logs`) VALUES
(4, '2015-03-14', '2015-03-14 20:17:15 : Schedule Jobs Started....... <br>2015-03-14 20:17:15 : Creating Accounting Snapshot <br>2015-03-14 20:17:15 : Accounting Snapshot created! <br>=============== Accounting Snaphsot ==================== <br>Accounting Snaphsot - Date: 2015-03-13<br>Total Income: Tk. 0.00<br>Total Expense: Tk. 0.00<br>================================================== <br>2015-03-14 20:17:15 : Creating Recurring Invoice <br>2015-03-14 20:17:15 : 1 Invoice created! <br>================================================== <br>');

-- --------------------------------------------------------

--
-- Table structure for table `sys_staffpermissions`
--

CREATE TABLE `sys_staffpermissions` (
  `id` int(11) NOT NULL,
  `rid` int(11) DEFAULT NULL,
  `pid` int(11) DEFAULT NULL,
  `shortname` varchar(50) DEFAULT NULL,
  `can_view` int(1) NOT NULL DEFAULT 0,
  `can_edit` int(1) NOT NULL DEFAULT 0,
  `can_create` int(1) NOT NULL DEFAULT 0,
  `can_delete` int(1) NOT NULL DEFAULT 0,
  `all_data` int(1) NOT NULL DEFAULT 0
) ENGINE=InnoDB DEFAULT CHARSET=utf8 COLLATE=utf8_general_ci;

-- --------------------------------------------------------

--
-- Table structure for table `sys_tags`
--

CREATE TABLE `sys_tags` (
  `id` int(11) NOT NULL,
  `text` varchar(100) NOT NULL,
  `type` varchar(50) NOT NULL
) ENGINE=InnoDB DEFAULT CHARSET=utf8 COLLATE=utf8_general_ci;

-- --------------------------------------------------------

--
-- Table structure for table `sys_tasks`
--

CREATE TABLE `sys_tasks` (
  `id` int(11) NOT NULL,
  `title` text DEFAULT NULL,
  `description` text DEFAULT NULL,
  `status` varchar(200) DEFAULT NULL,
  `cid` int(11) NOT NULL DEFAULT 0,
  `oid` int(11) NOT NULL DEFAULT 0,
  `iid` int(11) NOT NULL DEFAULT 0,
  `aid` int(11) NOT NULL DEFAULT 0,
  `tid` int(11) NOT NULL DEFAULT 0,
  `eid` int(11) NOT NULL DEFAULT 0,
  `pid` int(11) NOT NULL DEFAULT 0,
  `did` int(11) NOT NULL DEFAULT 0,
  `company_id` int(11) NOT NULL DEFAULT 0,
  `subscribers` text DEFAULT NULL,
  `assigned_to` text DEFAULT NULL,
  `priority` varchar(200) DEFAULT NULL,
  `created_at` datetime DEFAULT NULL,
  `created_by` varchar(200) DEFAULT NULL,
  `updated_at` datetime DEFAULT NULL,
  `updated_by` varchar(200) DEFAULT NULL,
  `vtoken` varchar(50) DEFAULT NULL,
  `ptoken` varchar(50) DEFAULT NULL,
  `started` date DEFAULT NULL,
  `due_date` date DEFAULT NULL,
  `stime` varchar(50) DEFAULT NULL,
  `dtime` varchar(50) DEFAULT NULL,
  `time_spent` varchar(50) DEFAULT NULL,
  `date_finished` date DEFAULT NULL,
  `source` varchar(100) DEFAULT NULL,
  `flag` int(1) NOT NULL DEFAULT 0,
  `finished` int(1) NOT NULL DEFAULT 0,
  `ratings` varchar(50) DEFAULT NULL,
  `rel_type` varchar(50) DEFAULT NULL,
  `rel_id` int(11) DEFAULT NULL,
  `parent` int(11) NOT NULL DEFAULT 0,
  `is_public` int(1) NOT NULL DEFAULT 0,
  `billable` int(1) NOT NULL DEFAULT 0,
  `billed` int(1) NOT NULL DEFAULT 0,
  `hourly_rate` decimal(14,2) NOT NULL DEFAULT 0.00,
  `milestone` int(11) DEFAULT NULL,
  `progress` int(3) DEFAULT NULL,
  `visible_to_client` int(1) NOT NULL DEFAULT 0,
  `notification` int(1) NOT NULL DEFAULT 0,
  `trash` int(1) NOT NULL DEFAULT 0,
  `archived` int(1) NOT NULL DEFAULT 0
) ENGINE=InnoDB DEFAULT CHARSET=utf8 COLLATE=utf8_general_ci;

-- --------------------------------------------------------

--
-- Table structure for table `sys_tax`
--

CREATE TABLE `sys_tax` (
  `id` int(10) NOT NULL,
  `name` text NOT NULL,
  `state` text NOT NULL,
  `country` text NOT NULL,
  `rate` decimal(10,2) NOT NULL,
  `aid` int(11) NOT NULL,
  `bal` decimal(10,2) NOT NULL DEFAULT 0.00
) ENGINE=MyISAM DEFAULT CHARSET=utf8 COLLATE=utf8_general_ci;

--
-- Dumping data for table `sys_tax`
--

INSERT INTO `sys_tax` (`id`, `name`, `state`, `country`, `rate`, `aid`, `bal`) VALUES
(1, 'Sales Tax', '', '', 1.50, 0, 0.00);

-- --------------------------------------------------------

--
-- Table structure for table `sys_transactions`
--

CREATE TABLE `sys_transactions` (
  `id` int(11) NOT NULL,
  `account` varchar(200) NOT NULL,
  `type` enum('Income','Expense','Transfer') NOT NULL,
  `category` varchar(200) DEFAULT NULL,
  `amount` decimal(18,2) NOT NULL,
  `payer` varchar(200) DEFAULT NULL,
  `payee` varchar(200) DEFAULT NULL,
  `payerid` int(11) NOT NULL DEFAULT 0,
  `payeeid` int(11) NOT NULL DEFAULT 0,
  `method` varchar(200) DEFAULT NULL,
  `ref` varchar(200) DEFAULT NULL,
  `status` enum('Cleared','Uncleared','Reconciled','Void') NOT NULL DEFAULT 'Cleared',
  `description` text DEFAULT NULL,
  `tags` text DEFAULT NULL,
  `tax` decimal(18,2) NOT NULL DEFAULT 0.00,
  `date` date NOT NULL,
  `dr` decimal(18,2) NOT NULL DEFAULT 0.00,
  `cr` decimal(18,2) NOT NULL DEFAULT 0.00,
  `bal` decimal(18,2) NOT NULL DEFAULT 0.00,
  `iid` int(11) NOT NULL DEFAULT 0,
  `currency` int(11) NOT NULL DEFAULT 0,
  `currency_symbol` varchar(10) DEFAULT NULL,
  `currency_prefix` varchar(10) DEFAULT NULL,
  `currency_suffix` varchar(10) DEFAULT NULL,
  `currency_rate` decimal(11,4) NOT NULL DEFAULT 1.0000,
  `base_amount` decimal(16,4) NOT NULL DEFAULT 0.0000,
  `company_id` int(11) NOT NULL DEFAULT 0,
  `vid` int(11) NOT NULL DEFAULT 0,
  `aid` int(11) NOT NULL,
  `created_at` timestamp NULL DEFAULT NULL,
  `updated_at` timestamp NULL DEFAULT NULL,
  `updated_by` int(11) NOT NULL DEFAULT 0,
  `attachments` text DEFAULT NULL,
  `source` varchar(200) DEFAULT NULL,
  `rid` int(11) NOT NULL DEFAULT 0,
  `pid` int(11) NOT NULL DEFAULT 0,
  `archived` int(1) NOT NULL DEFAULT 0,
  `trash` int(1) NOT NULL DEFAULT 0,
  `flag` int(1) NOT NULL DEFAULT 0,
  `c1` text DEFAULT NULL,
  `c2` text DEFAULT NULL,
  `c3` text DEFAULT NULL,
  `c4` text DEFAULT NULL,
  `c5` text DEFAULT NULL
) ENGINE=InnoDB DEFAULT CHARSET=utf8 COLLATE=utf8_general_ci;

-- --------------------------------------------------------

--
-- Table structure for table `sys_units`
--

CREATE TABLE `sys_units` (
  `id` int(11) NOT NULL,
  `type` varchar(200) DEFAULT NULL,
  `name` varchar(200) DEFAULT NULL,
  `reference` varchar(200) DEFAULT NULL,
  `conversion_factor` decimal(16,2) NOT NULL DEFAULT 0.00,
  `sorder` int(11) NOT NULL DEFAULT 0,
  `created_at` timestamp NULL DEFAULT NULL,
  `updated_at` timestamp NULL DEFAULT NULL
) ENGINE=InnoDB DEFAULT CHARSET=utf8 COLLATE=utf8_general_ci;

-- --------------------------------------------------------

--
-- Table structure for table `sys_users`
--

CREATE TABLE `sys_users` (
  `id` int(10) UNSIGNED NOT NULL,
  `username` varchar(100) NOT NULL DEFAULT '',
  `fullname` varchar(45) NOT NULL DEFAULT '',
  `phonenumber` varchar(20) DEFAULT NULL,
  `password` mediumtext NOT NULL,
  `user_type` varchar(50) NOT NULL DEFAULT 'Full Access',
  `status` enum('Active','Inactive') NOT NULL DEFAULT 'Active',
  `last_login` datetime DEFAULT NULL,
  `email` varchar(200) DEFAULT NULL,
  `creationdate` datetime NOT NULL,
  `otp` enum('Yes','No') NOT NULL DEFAULT 'No',
  `pin_enabled` enum('Yes','No') NOT NULL DEFAULT 'No',
  `pin` mediumtext NOT NULL,
  `img` text NOT NULL,
  `api` enum('Yes','No') DEFAULT 'No',
  `pwresetkey` varchar(100) NOT NULL,
  `keyexpire` varchar(100) NOT NULL,
  `roleid` int(11) NOT NULL DEFAULT 0,
  `role` varchar(200) DEFAULT NULL,
  `last_activity` datetime DEFAULT NULL,
  `autologin` varchar(200) DEFAULT NULL,
  `at` varchar(200) DEFAULT NULL,
  `landing_page` varchar(200) DEFAULT NULL,
  `language` varchar(100) DEFAULT NULL,
  `notes` text DEFAULT NULL,
  `c1` text DEFAULT NULL,
  `c2` text DEFAULT NULL,
  `c3` text DEFAULT NULL,
  `c4` text DEFAULT NULL,
  `c5` text DEFAULT NULL
) ENGINE=InnoDB DEFAULT CHARSET=utf8 COLLATE=utf8_general_ci;

--
-- Dumping data for table `sys_users`
--

INSERT INTO `sys_users` (`id`, `username`, `fullname`, `phonenumber`, `password`, `user_type`, `status`, `last_login`, `email`, `creationdate`, `otp`, `pin_enabled`, `pin`, `img`, `api`, `pwresetkey`, `keyexpire`, `roleid`, `role`, `last_activity`, `autologin`, `at`, `landing_page`, `language`, `notes`, `c1`, `c2`, `c3`, `c4`, `c5`) VALUES
(1, 'demo@example.com', 'Administrator', '', '$2b$10$.vWJz4hX0TW5Z7hK.hYkB.JdXXiz7zceyJbPo3hm.jxtbTNp05oQi', 'Admin', 'Active', '2024-04-19 00:52:16', '', '2014-10-20 01:43:07', 'No', 'No', '$1$ZW/.uF5.$.rwCeLiguoBzYzf3waOnY1', 'gravatar', 'No', '', '0', 0, '', NULL, '', NULL, NULL, NULL, '', NULL, NULL, NULL, NULL, NULL);

--
-- Indexes for dumped tables
--

--
-- Indexes for table `account_balances`
--
ALTER TABLE `account_balances`
  ADD PRIMARY KEY (`id`);

--
-- Indexes for table `clx_integrations`
--
ALTER TABLE `clx_integrations`
  ADD PRIMARY KEY (`id`);

--
-- Indexes for table `crm_accounts`
--
ALTER TABLE `crm_accounts`
  ADD PRIMARY KEY (`id`);

--
-- Indexes for table `crm_customfields`
--
ALTER TABLE `crm_customfields`
  ADD PRIMARY KEY (`id`);

--
-- Indexes for table `crm_customfieldsvalues`
--
ALTER TABLE `crm_customfieldsvalues`
  ADD PRIMARY KEY (`id`);

--
-- Indexes for table `crm_groups`
--
ALTER TABLE `crm_groups`
  ADD PRIMARY KEY (`id`);

--
-- Indexes for table `crm_industries`
--
ALTER TABLE `crm_industries`
  ADD PRIMARY KEY (`id`);

--
-- Indexes for table `crm_leads`
--
ALTER TABLE `crm_leads`
  ADD PRIMARY KEY (`id`);

--
-- Indexes for table `crm_lead_sources`
--
ALTER TABLE `crm_lead_sources`
  ADD PRIMARY KEY (`id`);

--
-- Indexes for table `crm_lead_status`
--
ALTER TABLE `crm_lead_status`
  ADD PRIMARY KEY (`id`);

--
-- Indexes for table `crm_salutations`
--
ALTER TABLE `crm_salutations`
  ADD PRIMARY KEY (`id`);

--
-- Indexes for table `ib_doc_rel`
--
ALTER TABLE `ib_doc_rel`
  ADD PRIMARY KEY (`id`);

--
-- Indexes for table `ib_invoice_access_log`
--
ALTER TABLE `ib_invoice_access_log`
  ADD PRIMARY KEY (`id`);

--
-- Indexes for table `relations`
--
ALTER TABLE `relations`
  ADD PRIMARY KEY (`id`);

--
-- Indexes for table `sys_accounts`
--
ALTER TABLE `sys_accounts`
  ADD PRIMARY KEY (`id`);

--
-- Indexes for table `sys_activity`
--
ALTER TABLE `sys_activity`
  ADD PRIMARY KEY (`id`);

--
-- Indexes for table `sys_api`
--
ALTER TABLE `sys_api`
  ADD PRIMARY KEY (`id`);

--
-- Indexes for table `sys_appconfig`
--
ALTER TABLE `sys_appconfig`
  ADD PRIMARY KEY (`id`);

--
-- Indexes for table `sys_cart`
--
ALTER TABLE `sys_cart`
  ADD PRIMARY KEY (`id`);

--
-- Indexes for table `sys_cats`
--
ALTER TABLE `sys_cats`
  ADD PRIMARY KEY (`id`);

--
-- Indexes for table `sys_companies`
--
ALTER TABLE `sys_companies`
  ADD PRIMARY KEY (`id`);

--
-- Indexes for table `sys_currencies`
--
ALTER TABLE `sys_currencies`
  ADD PRIMARY KEY (`id`);

--
-- Indexes for table `sys_documents`
--
ALTER TABLE `sys_documents`
  ADD PRIMARY KEY (`id`);

--
-- Indexes for table `sys_emailconfig`
--
ALTER TABLE `sys_emailconfig`
  ADD PRIMARY KEY (`id`);

--
-- Indexes for table `sys_email_logs`
--
ALTER TABLE `sys_email_logs`
  ADD PRIMARY KEY (`id`);

--
-- Indexes for table `sys_email_templates`
--
ALTER TABLE `sys_email_templates`
  ADD PRIMARY KEY (`id`,`language_id`),
  ADD KEY `tplname` (`tplname`(32));

--
-- Indexes for table `sys_events`
--
ALTER TABLE `sys_events`
  ADD PRIMARY KEY (`id`);

--
-- Indexes for table `sys_invoiceitems`
--
ALTER TABLE `sys_invoiceitems`
  ADD PRIMARY KEY (`id`),
  ADD KEY `invoiceid` (`invoiceid`);

--
-- Indexes for table `sys_invoices`
--
ALTER TABLE `sys_invoices`
  ADD PRIMARY KEY (`id`),
  ADD KEY `userid` (`userid`),
  ADD KEY `status` (`status`(3));

--
-- Indexes for table `sys_items`
--
ALTER TABLE `sys_items`
  ADD PRIMARY KEY (`id`);

--
-- Indexes for table `sys_item_cats`
--
ALTER TABLE `sys_item_cats`
  ADD PRIMARY KEY (`id`);

--
-- Indexes for table `sys_leads`
--
ALTER TABLE `sys_leads`
  ADD PRIMARY KEY (`id`);

--
-- Indexes for table `sys_logs`
--
ALTER TABLE `sys_logs`
  ADD PRIMARY KEY (`id`);

--
-- Indexes for table `sys_orders`
--
ALTER TABLE `sys_orders`
  ADD PRIMARY KEY (`id`);

--
-- Indexes for table `sys_permissions`
--
ALTER TABLE `sys_permissions`
  ADD PRIMARY KEY (`id`);

--
-- Indexes for table `sys_pg`
--
ALTER TABLE `sys_pg`
  ADD PRIMARY KEY (`id`),
  ADD KEY `gateway_setting` (`name`(32),`processor`(32)),
  ADD KEY `setting_value` (`processor`(32),`ins`(32));

--
-- Indexes for table `sys_pl`
--
ALTER TABLE `sys_pl`
  ADD PRIMARY KEY (`id`);

--
-- Indexes for table `sys_pmethods`
--
ALTER TABLE `sys_pmethods`
  ADD PRIMARY KEY (`id`);

--
-- Indexes for table `sys_quoteitems`
--
ALTER TABLE `sys_quoteitems`
  ADD PRIMARY KEY (`id`);

--
-- Indexes for table `sys_quotes`
--
ALTER TABLE `sys_quotes`
  ADD PRIMARY KEY (`id`);

--
-- Indexes for table `sys_roles`
--
ALTER TABLE `sys_roles`
  ADD PRIMARY KEY (`id`);

--
-- Indexes for table `sys_sales`
--
ALTER TABLE `sys_sales`
  ADD PRIMARY KEY (`id`);

--
-- Indexes for table `sys_schedule`
--
ALTER TABLE `sys_schedule`
  ADD PRIMARY KEY (`id`);

--
-- Indexes for table `sys_schedulelogs`
--
ALTER TABLE `sys_schedulelogs`
  ADD PRIMARY KEY (`id`);

--
-- Indexes for table `sys_staffpermissions`
--
ALTER TABLE `sys_staffpermissions`
  ADD PRIMARY KEY (`id`);

--
-- Indexes for table `sys_tags`
--
ALTER TABLE `sys_tags`
  ADD PRIMARY KEY (`id`);

--
-- Indexes for table `sys_tasks`
--
ALTER TABLE `sys_tasks`
  ADD PRIMARY KEY (`id`);

--
-- Indexes for table `sys_tax`
--
ALTER TABLE `sys_tax`
  ADD PRIMARY KEY (`id`),
  ADD KEY `state_country` (`state`(32),`country`(2));

--
-- Indexes for table `sys_transactions`
--
ALTER TABLE `sys_transactions`
  ADD PRIMARY KEY (`id`);

--
-- Indexes for table `sys_units`
--
ALTER TABLE `sys_units`
  ADD PRIMARY KEY (`id`);

--
-- Indexes for table `sys_users`
--
ALTER TABLE `sys_users`
  ADD PRIMARY KEY (`id`);

--
-- AUTO_INCREMENT for dumped tables
--

--
-- AUTO_INCREMENT for table `account_balances`
--
ALTER TABLE `account_balances`
  MODIFY `id` int(11) NOT NULL AUTO_INCREMENT;

--
-- AUTO_INCREMENT for table `clx_integrations`
--
ALTER TABLE `clx_integrations`
  MODIFY `id` int(10) UNSIGNED NOT NULL AUTO_INCREMENT;

--
-- AUTO_INCREMENT for table `crm_accounts`
--
ALTER TABLE `crm_accounts`
  MODIFY `id` int(11) NOT NULL AUTO_INCREMENT, AUTO_INCREMENT=4;

--
-- AUTO_INCREMENT for table `crm_customfields`
--
ALTER TABLE `crm_customfields`
  MODIFY `id` int(10) NOT NULL AUTO_INCREMENT;

--
-- AUTO_INCREMENT for table `crm_customfieldsvalues`
--
ALTER TABLE `crm_customfieldsvalues`
  MODIFY `id` int(10) NOT NULL AUTO_INCREMENT;

--
-- AUTO_INCREMENT for table `crm_groups`
--
ALTER TABLE `crm_groups`
  MODIFY `id` int(11) NOT NULL AUTO_INCREMENT;

--
-- AUTO_INCREMENT for table `crm_industries`
--
ALTER TABLE `crm_industries`
  MODIFY `id` int(11) NOT NULL AUTO_INCREMENT, AUTO_INCREMENT=33;

--
-- AUTO_INCREMENT for table `crm_leads`
--
ALTER TABLE `crm_leads`
  MODIFY `id` int(11) NOT NULL AUTO_INCREMENT;

--
-- AUTO_INCREMENT for table `crm_lead_sources`
--
ALTER TABLE `crm_lead_sources`
  MODIFY `id` int(11) NOT NULL AUTO_INCREMENT, AUTO_INCREMENT=12;

--
-- AUTO_INCREMENT for table `crm_lead_status`
--
ALTER TABLE `crm_lead_status`
  MODIFY `id` int(11) NOT NULL AUTO_INCREMENT, AUTO_INCREMENT=6;

--
-- AUTO_INCREMENT for table `crm_salutations`
--
ALTER TABLE `crm_salutations`
  MODIFY `id` int(11) NOT NULL AUTO_INCREMENT, AUTO_INCREMENT=6;

--
-- AUTO_INCREMENT for table `ib_doc_rel`
--
ALTER TABLE `ib_doc_rel`
  MODIFY `id` int(11) NOT NULL AUTO_INCREMENT;

--
-- AUTO_INCREMENT for table `ib_invoice_access_log`
--
ALTER TABLE `ib_invoice_access_log`
  MODIFY `id` int(11) NOT NULL AUTO_INCREMENT;

--
-- AUTO_INCREMENT for table `relations`
--
ALTER TABLE `relations`
  MODIFY `id` int(10) UNSIGNED NOT NULL AUTO_INCREMENT;

--
-- AUTO_INCREMENT for table `sys_accounts`
--
ALTER TABLE `sys_accounts`
  MODIFY `id` int(11) NOT NULL AUTO_INCREMENT;

--
-- AUTO_INCREMENT for table `sys_activity`
--
ALTER TABLE `sys_activity`
  MODIFY `id` int(11) NOT NULL AUTO_INCREMENT;

--
-- AUTO_INCREMENT for table `sys_api`
--
ALTER TABLE `sys_api`
  MODIFY `id` int(11) NOT NULL AUTO_INCREMENT, AUTO_INCREMENT=2;

--
-- AUTO_INCREMENT for table `sys_appconfig`
--
ALTER TABLE `sys_appconfig`
  MODIFY `id` int(11) NOT NULL AUTO_INCREMENT, AUTO_INCREMENT=139;

--
-- AUTO_INCREMENT for table `sys_cart`
--
ALTER TABLE `sys_cart`
  MODIFY `id` int(11) NOT NULL AUTO_INCREMENT;

--
-- AUTO_INCREMENT for table `sys_cats`
--
ALTER TABLE `sys_cats`
  MODIFY `id` int(11) NOT NULL AUTO_INCREMENT, AUTO_INCREMENT=71;

--
-- AUTO_INCREMENT for table `sys_companies`
--
ALTER TABLE `sys_companies`
  MODIFY `id` int(11) NOT NULL AUTO_INCREMENT, AUTO_INCREMENT=2;

--
-- AUTO_INCREMENT for table `sys_currencies`
--
ALTER TABLE `sys_currencies`
  MODIFY `id` int(11) NOT NULL AUTO_INCREMENT, AUTO_INCREMENT=2;

--
-- AUTO_INCREMENT for table `sys_documents`
--
ALTER TABLE `sys_documents`
  MODIFY `id` int(11) NOT NULL AUTO_INCREMENT;

--
-- AUTO_INCREMENT for table `sys_emailconfig`
--
ALTER TABLE `sys_emailconfig`
  MODIFY `id` int(11) NOT NULL AUTO_INCREMENT, AUTO_INCREMENT=2;

--
-- AUTO_INCREMENT for table `sys_email_logs`
--
ALTER TABLE `sys_email_logs`
  MODIFY `id` int(10) NOT NULL AUTO_INCREMENT, AUTO_INCREMENT=2;

--
-- AUTO_INCREMENT for table `sys_email_templates`
--
ALTER TABLE `sys_email_templates`
  MODIFY `id` int(11) NOT NULL AUTO_INCREMENT, AUTO_INCREMENT=18;

--
-- AUTO_INCREMENT for table `sys_events`
--
ALTER TABLE `sys_events`
  MODIFY `id` int(11) NOT NULL AUTO_INCREMENT;

--
-- AUTO_INCREMENT for table `sys_invoiceitems`
--
ALTER TABLE `sys_invoiceitems`
  MODIFY `id` int(10) NOT NULL AUTO_INCREMENT, AUTO_INCREMENT=9;

--
-- AUTO_INCREMENT for table `sys_invoices`
--
ALTER TABLE `sys_invoices`
  MODIFY `id` int(10) NOT NULL AUTO_INCREMENT, AUTO_INCREMENT=3;

--
-- AUTO_INCREMENT for table `sys_items`
--
ALTER TABLE `sys_items`
  MODIFY `id` int(11) NOT NULL AUTO_INCREMENT, AUTO_INCREMENT=4;

--
-- AUTO_INCREMENT for table `sys_item_cats`
--
ALTER TABLE `sys_item_cats`
  MODIFY `id` int(11) NOT NULL AUTO_INCREMENT;

--
-- AUTO_INCREMENT for table `sys_leads`
--
ALTER TABLE `sys_leads`
  MODIFY `id` int(11) NOT NULL AUTO_INCREMENT;

--
-- AUTO_INCREMENT for table `sys_logs`
--
ALTER TABLE `sys_logs`
  MODIFY `id` int(10) NOT NULL AUTO_INCREMENT, AUTO_INCREMENT=19;

--
-- AUTO_INCREMENT for table `sys_orders`
--
ALTER TABLE `sys_orders`
  MODIFY `id` int(11) NOT NULL AUTO_INCREMENT;

--
-- AUTO_INCREMENT for table `sys_permissions`
--
ALTER TABLE `sys_permissions`
  MODIFY `id` int(11) NOT NULL AUTO_INCREMENT, AUTO_INCREMENT=18;

--
-- AUTO_INCREMENT for table `sys_pg`
--
ALTER TABLE `sys_pg`
  MODIFY `id` int(11) NOT NULL AUTO_INCREMENT, AUTO_INCREMENT=6;

--
-- AUTO_INCREMENT for table `sys_pl`
--
ALTER TABLE `sys_pl`
  MODIFY `id` int(11) NOT NULL AUTO_INCREMENT;

--
-- AUTO_INCREMENT for table `sys_pmethods`
--
ALTER TABLE `sys_pmethods`
  MODIFY `id` int(11) NOT NULL AUTO_INCREMENT, AUTO_INCREMENT=11;

--
-- AUTO_INCREMENT for table `sys_quoteitems`
--
ALTER TABLE `sys_quoteitems`
  MODIFY `id` int(10) NOT NULL AUTO_INCREMENT, AUTO_INCREMENT=9;

--
-- AUTO_INCREMENT for table `sys_quotes`
--
ALTER TABLE `sys_quotes`
  MODIFY `id` int(10) NOT NULL AUTO_INCREMENT, AUTO_INCREMENT=2;

--
-- AUTO_INCREMENT for table `sys_roles`
--
ALTER TABLE `sys_roles`
  MODIFY `id` int(11) NOT NULL AUTO_INCREMENT, AUTO_INCREMENT=2;

--
-- AUTO_INCREMENT for table `sys_sales`
--
ALTER TABLE `sys_sales`
  MODIFY `id` int(11) NOT NULL AUTO_INCREMENT;

--
-- AUTO_INCREMENT for table `sys_schedule`
--
ALTER TABLE `sys_schedule`
  MODIFY `id` int(11) NOT NULL AUTO_INCREMENT, AUTO_INCREMENT=5;

--
-- AUTO_INCREMENT for table `sys_schedulelogs`
--
ALTER TABLE `sys_schedulelogs`
  MODIFY `id` int(11) NOT NULL AUTO_INCREMENT, AUTO_INCREMENT=5;

--
-- AUTO_INCREMENT for table `sys_staffpermissions`
--
ALTER TABLE `sys_staffpermissions`
  MODIFY `id` int(11) NOT NULL AUTO_INCREMENT;

--
-- AUTO_INCREMENT for table `sys_tags`
--
ALTER TABLE `sys_tags`
  MODIFY `id` int(11) NOT NULL AUTO_INCREMENT;

--
-- AUTO_INCREMENT for table `sys_tasks`
--
ALTER TABLE `sys_tasks`
  MODIFY `id` int(11) NOT NULL AUTO_INCREMENT;

--
-- AUTO_INCREMENT for table `sys_tax`
--
ALTER TABLE `sys_tax`
  MODIFY `id` int(10) NOT NULL AUTO_INCREMENT, AUTO_INCREMENT=2;

--
-- AUTO_INCREMENT for table `sys_transactions`
--
ALTER TABLE `sys_transactions`
  MODIFY `id` int(11) NOT NULL AUTO_INCREMENT;

--
-- AUTO_INCREMENT for table `sys_units`
--
ALTER TABLE `sys_units`
  MODIFY `id` int(11) NOT NULL AUTO_INCREMENT;

--
-- AUTO_INCREMENT for table `sys_users`
--
ALTER TABLE `sys_users`
  MODIFY `id` int(10) UNSIGNED NOT NULL AUTO_INCREMENT, AUTO_INCREMENT=2;
--
-- Database: `lab`
--
CREATE DATABASE IF NOT EXISTS `lab` DEFAULT CHARACTER SET utf8mb4 COLLATE utf8mb4_general_ci;
USE `lab`;
--
-- Database: `library`
--
CREATE DATABASE IF NOT EXISTS `library` DEFAULT CHARACTER SET utf8mb4 COLLATE utf8mb4_general_ci;
USE `library`;

-- --------------------------------------------------------

--
-- Table structure for table `admin`
--

CREATE TABLE `admin` (
  `id` int(11) NOT NULL,
  `FullName` varchar(100) DEFAULT NULL,
  `AdminEmail` varchar(120) DEFAULT NULL,
  `UserName` varchar(100) NOT NULL,
  `Password` varchar(100) NOT NULL,
  `updationDate` timestamp NOT NULL DEFAULT '0000-00-00 00:00:00' ON UPDATE current_timestamp()
) ENGINE=InnoDB DEFAULT CHARSET=latin1 COLLATE=latin1_swedish_ci;

--
-- Dumping data for table `admin`
--

INSERT INTO `admin` (`id`, `FullName`, `AdminEmail`, `UserName`, `Password`, `updationDate`) VALUES
(2, 'Admin', 'admin@gmail.com', 'admin', 'admin', '2024-03-12 20:30:46');

-- --------------------------------------------------------

--
-- Table structure for table `tblauthors`
--

CREATE TABLE `tblauthors` (
  `id` int(11) NOT NULL,
  `AuthorName` varchar(159) DEFAULT NULL,
  `creationDate` timestamp NULL DEFAULT current_timestamp(),
  `UpdationDate` timestamp NULL DEFAULT NULL ON UPDATE current_timestamp()
) ENGINE=InnoDB DEFAULT CHARSET=latin1 COLLATE=latin1_swedish_ci;

--
-- Dumping data for table `tblauthors`
--

INSERT INTO `tblauthors` (`id`, `AuthorName`, `creationDate`, `UpdationDate`) VALUES
(1, 'Anuj Kumar', '2024-01-01 12:49:09', '2024-01-01 12:49:09'),
(4, 'H.C Verma', '2024-01-01 12:49:09', '2024-01-01 12:49:09'),
(5, 'R.D Sharma ', '2024-01-01 12:49:09', '2024-01-01 12:49:09'),
(10, 'AS. Misra', '2024-01-01 12:49:09', '2024-01-01 12:49:09'),
(11, 'ABCD', '2024-07-14 08:13:33', '2024-07-14 08:13:53');

-- --------------------------------------------------------

--
-- Table structure for table `tblbooks`
--

CREATE TABLE `tblbooks` (
  `id` int(11) NOT NULL,
  `BookName` varchar(255) DEFAULT NULL,
  `CatId` int(11) DEFAULT NULL,
  `AuthorId` int(11) DEFAULT NULL,
  `ISBNNumber` int(11) DEFAULT NULL,
  `BookPrice` int(11) DEFAULT NULL,
  `RegDate` timestamp NULL DEFAULT current_timestamp(),
  `UpdationDate` timestamp NULL DEFAULT NULL ON UPDATE current_timestamp()
) ENGINE=InnoDB DEFAULT CHARSET=latin1 COLLATE=latin1_swedish_ci;

--
-- Dumping data for table `tblbooks`
--

INSERT INTO `tblbooks` (`id`, `BookName`, `CatId`, `AuthorId`, `ISBNNumber`, `BookPrice`, `RegDate`, `UpdationDate`) VALUES
(1, 'PHP And MySql programming', 5, 1, 222333, 25, '2024-01-01 12:49:09', '2024-01-01 12:49:09'),
(3, 'physics', 6, 4, 1111, 20, '2024-01-01 12:49:09', '2024-01-01 12:49:09'),
(4, 'Advanced Networking', 8, 10, 2222, 50, '2024-01-01 12:49:09', '2024-03-12 20:37:01'),
(5, 'Cardiology', 9, 11, 987654, 499, '2024-07-14 08:14:57', NULL);

-- --------------------------------------------------------

--
-- Table structure for table `tblcategory`
--

CREATE TABLE `tblcategory` (
  `id` int(11) NOT NULL,
  `CategoryName` varchar(150) DEFAULT NULL,
  `Status` int(1) DEFAULT NULL,
  `CreationDate` timestamp NULL DEFAULT current_timestamp(),
  `UpdationDate` timestamp NULL DEFAULT '0000-00-00 00:00:00' ON UPDATE current_timestamp()
) ENGINE=InnoDB DEFAULT CHARSET=latin1 COLLATE=latin1_swedish_ci;

--
-- Dumping data for table `tblcategory`
--

INSERT INTO `tblcategory` (`id`, `CategoryName`, `Status`, `CreationDate`, `UpdationDate`) VALUES
(5, 'Technology Book', 1, '2024-01-01 12:49:09', '2024-01-01 12:49:09'),
(6, 'Science Book', 1, '2024-01-01 12:49:09', '2024-01-01 12:49:09'),
(7, 'Management Book', 0, '2024-01-01 12:49:09', '2024-01-01 12:49:09'),
(8, 'Networking Book', 1, '2024-01-01 12:49:09', '2024-01-01 12:49:09'),
(9, 'Medical', 1, '2024-07-14 08:12:52', '0000-00-00 00:00:00');

-- --------------------------------------------------------

--
-- Table structure for table `tblissuedbookdetails`
--

CREATE TABLE `tblissuedbookdetails` (
  `id` int(11) NOT NULL,
  `BookId` int(11) DEFAULT NULL,
  `StudentID` varchar(150) DEFAULT NULL,
  `IssuesDate` timestamp NULL DEFAULT current_timestamp(),
  `ReturnDate` timestamp NULL DEFAULT NULL ON UPDATE current_timestamp(),
  `RetrunStatus` int(1) DEFAULT NULL,
  `fine` int(11) DEFAULT NULL
) ENGINE=InnoDB DEFAULT CHARSET=latin1 COLLATE=latin1_swedish_ci;

--
-- Dumping data for table `tblissuedbookdetails`
--

INSERT INTO `tblissuedbookdetails` (`id`, `BookId`, `StudentID`, `IssuesDate`, `ReturnDate`, `RetrunStatus`, `fine`) VALUES
(9, 3, 'SID01', '2024-03-06 05:45:00', '2024-03-06 05:55:42', 1, 0),
(14, 5, '2', '2024-07-14 08:19:47', '2024-07-14 08:20:16', 1, 0);

-- --------------------------------------------------------

--
-- Table structure for table `tblstudents`
--

CREATE TABLE `tblstudents` (
  `id` int(11) NOT NULL,
  `StudentId` varchar(100) DEFAULT NULL,
  `FullName` varchar(120) DEFAULT NULL,
  `EmailId` varchar(120) DEFAULT NULL,
  `MobileNumber` char(11) DEFAULT NULL,
  `Password` varchar(120) DEFAULT NULL,
  `Status` int(1) DEFAULT NULL,
  `RegDate` timestamp NULL DEFAULT current_timestamp(),
  `UpdationDate` timestamp NULL DEFAULT NULL ON UPDATE current_timestamp()
) ENGINE=InnoDB DEFAULT CHARSET=latin1 COLLATE=latin1_swedish_ci;

--
-- Dumping data for table `tblstudents`
--

INSERT INTO `tblstudents` (`id`, `StudentId`, `FullName`, `EmailId`, `MobileNumber`, `Password`, `Status`, `RegDate`, `UpdationDate`) VALUES
(1, 'SID01', 'Sahil', 'student@gmail.com', '9999999999', 'cd73502828457d15655bbd7a63fb0bc8', 1, '2024-01-01 12:49:09', '2024-01-01 12:49:09'),
(13, '1', 'Rajib Roy', 'student1@gmail.com', '6666666666', 'cd73502828457d15655bbd7a63fb0bc8', 1, '2024-03-12 20:41:12', NULL),
(14, '2', 'Shamik', 'shamik@gmail.com', '999999998', 'fd7eda11b8ce51bce02727c549b6dc0e', 1, '2024-07-14 08:09:47', '2024-07-14 08:24:58');

--
-- Indexes for dumped tables
--

--
-- Indexes for table `admin`
--
ALTER TABLE `admin`
  ADD PRIMARY KEY (`id`);

--
-- Indexes for table `tblauthors`
--
ALTER TABLE `tblauthors`
  ADD PRIMARY KEY (`id`);

--
-- Indexes for table `tblbooks`
--
ALTER TABLE `tblbooks`
  ADD PRIMARY KEY (`id`);

--
-- Indexes for table `tblcategory`
--
ALTER TABLE `tblcategory`
  ADD PRIMARY KEY (`id`);

--
-- Indexes for table `tblissuedbookdetails`
--
ALTER TABLE `tblissuedbookdetails`
  ADD PRIMARY KEY (`id`);

--
-- Indexes for table `tblstudents`
--
ALTER TABLE `tblstudents`
  ADD PRIMARY KEY (`id`),
  ADD UNIQUE KEY `StudentId` (`StudentId`);

--
-- AUTO_INCREMENT for dumped tables
--

--
-- AUTO_INCREMENT for table `admin`
--
ALTER TABLE `admin`
  MODIFY `id` int(11) NOT NULL AUTO_INCREMENT, AUTO_INCREMENT=3;

--
-- AUTO_INCREMENT for table `tblauthors`
--
ALTER TABLE `tblauthors`
  MODIFY `id` int(11) NOT NULL AUTO_INCREMENT, AUTO_INCREMENT=12;

--
-- AUTO_INCREMENT for table `tblbooks`
--
ALTER TABLE `tblbooks`
  MODIFY `id` int(11) NOT NULL AUTO_INCREMENT, AUTO_INCREMENT=6;

--
-- AUTO_INCREMENT for table `tblcategory`
--
ALTER TABLE `tblcategory`
  MODIFY `id` int(11) NOT NULL AUTO_INCREMENT, AUTO_INCREMENT=10;

--
-- AUTO_INCREMENT for table `tblissuedbookdetails`
--
ALTER TABLE `tblissuedbookdetails`
  MODIFY `id` int(11) NOT NULL AUTO_INCREMENT, AUTO_INCREMENT=15;

--
-- AUTO_INCREMENT for table `tblstudents`
--
ALTER TABLE `tblstudents`
  MODIFY `id` int(11) NOT NULL AUTO_INCREMENT, AUTO_INCREMENT=15;
--
-- Database: `lms_db`
--
CREATE DATABASE IF NOT EXISTS `lms_db` DEFAULT CHARACTER SET utf8mb4 COLLATE utf8mb4_general_ci;
USE `lms_db`;

-- --------------------------------------------------------

--
-- Table structure for table `admin`
--

CREATE TABLE `admin` (
  `admin_id` int(11) NOT NULL,
  `admin_name` varchar(255) NOT NULL,
  `admin_email` varchar(255) NOT NULL,
  `admin_pass` varchar(255) NOT NULL
) ENGINE=InnoDB DEFAULT CHARSET=utf8 COLLATE=utf8_bin;

--
-- Dumping data for table `admin`
--

INSERT INTO `admin` (`admin_id`, `admin_name`, `admin_email`, `admin_pass`) VALUES
(1, 'Admin', 'admin@gmail.com', 'admin');

-- --------------------------------------------------------

--
-- Table structure for table `course`
--

CREATE TABLE `course` (
  `course_id` int(11) NOT NULL,
  `course_name` text NOT NULL,
  `course_desc` text NOT NULL,
  `course_author` varchar(255) NOT NULL,
  `course_img` text NOT NULL,
  `course_duration` text NOT NULL,
  `course_price` int(11) NOT NULL,
  `course_original_price` int(11) NOT NULL
) ENGINE=InnoDB DEFAULT CHARSET=utf8 COLLATE=utf8_bin;

--
-- Dumping data for table `course`
--

INSERT INTO `course` (`course_id`, `course_name`, `course_desc`, `course_author`, `course_img`, `course_duration`, `course_price`, `course_original_price`) VALUES
(8, 'Learn Guitar', 'This course is your \"Free Pass\" to playing guitar. It is the most direct and to the point complete online guitar course.', 'Adil', '../image/courseimg/Guitar.jpg', '3 Hours', 1655, 1800),
(9, 'Complete PHP', 'This course will help you get all the Object Oriented PHP, MYSQLi and ending the course by building a CMS system.', 'Rajesh Kumar', '../image/courseimg/php.jpg', '3 Months', 700, 1700),
(10, 'Learn Python A-Z', 'This is the most comprehensive, yet straight-forward, course for the Python programming language.', 'Rahul Kumar', '../image/courseimg/Python.jpg', '4 Months', 800, 1800),
(11, 'Artificial Intelligence', 'Learn and Master how AI works and how it is changing our lives in this Course.\r\nlives in this Course.', 'Jay Veeru', '../image/courseimg/ai.jpg', '6 Months', 900, 1900),
(12, 'Learn Vue JS', 'The skills you will learn from this course is applicable to the real world, so you can go ahead and build similar app.', 'Jay Shukla', '../image/courseimg/vue.jpg', '2 Months', 100, 1000),
(13, 'Angular JS', 'Angular is one of the most popular frameworks for building client apps with HTML, CSS and TypeScript.', 'Sonam Gupta', '../image/courseimg/angular.jpg', '4 Month', 800, 1600),
(16, 'Python Complete', 'This is complete Python COurse', 'RK', '../image/courseimg/Python.jpg', '4 hours', 500, 4000),
(17, 'Learn React Native', 'THis is react native for android and iso app development', 'GeekyShows', '../image/courseimg/Machine.jpg', '2 months', 200, 3000),
(18, 'Learning AI', 'aaaaaaaa', 'AZ', '../image/courseimg/network.jpeg', '10 Days', 3999, 5000);

-- --------------------------------------------------------

--
-- Table structure for table `courseorder`
--

CREATE TABLE `courseorder` (
  `co_id` int(11) NOT NULL,
  `order_id` varchar(255) NOT NULL,
  `stu_email` varchar(255) NOT NULL,
  `course_id` int(11) NOT NULL,
  `status` varchar(255) NOT NULL,
  `respmsg` text NOT NULL,
  `amount` int(11) NOT NULL,
  `order_date` date NOT NULL
) ENGINE=InnoDB DEFAULT CHARSET=utf8 COLLATE=utf8_bin;

--
-- Dumping data for table `courseorder`
--

INSERT INTO `courseorder` (`co_id`, `order_id`, `stu_email`, `course_id`, `status`, `respmsg`, `amount`, `order_date`) VALUES
(11, 'ORDS62414222', 'learner@gmail.com', 13, 'Success', 'Done', 800, '2024-03-20'),
(12, 'ORDS94437112', 'learner@gmail.com', 9, 'Success', 'Done', 700, '2024-03-20'),
(13, 'ORDS6531712', 'student@gmail.com', 9, 'Success', 'Done', 700, '2024-07-14'),
(14, 'ORDS20028033', 'student@gmail.com', 18, 'Success', 'Done', 3999, '2024-07-14');

-- --------------------------------------------------------

--
-- Table structure for table `feedback`
--

CREATE TABLE `feedback` (
  `f_id` int(11) NOT NULL,
  `f_content` text NOT NULL,
  `stu_id` int(11) NOT NULL
) ENGINE=InnoDB DEFAULT CHARSET=utf8 COLLATE=utf8_bin;

--
-- Dumping data for table `feedback`
--

INSERT INTO `feedback` (`f_id`, `f_content`, `stu_id`) VALUES
(3, 'It made me stronger and took me a step ahead for being an independent women. I am thankful to all the teachers who supported us and corrected us throughout our career. I am very grateful to the iSchool for providing us the best of placement opportunities and finally I got placed in DC Marvel.', 183),
(8, 'They have made efforts ensuring maximum number of placed students. Due to the efforts made by the faculty and placement cell. I was able to bag a job in the second company.', 183),
(9, 'LMS is a place of learning, fun, culture, lore, literature and many such life preaching activities. Studying at the iSchool brought an added value to my life.', 183),
(10, 'Think Magical, that is one thing that LMS urges in and to far extent succeed in teaching to its students which invariably helps to achieve what you need.', 183),
(12, 'It made me stronger and took me a step ahead for being an independent women. I am thankful to all the teachers who supported us and corrected us throughout our career. I am very grateful to the iSchool for providing us the best of placement opportunities and finally I got placed in DC Marvel.', 183),
(13, 'This is Awesome GeekySHows Jindabaad', 183);

-- --------------------------------------------------------

--
-- Table structure for table `lesson`
--

CREATE TABLE `lesson` (
  `lesson_id` int(11) NOT NULL,
  `lesson_name` text NOT NULL,
  `lesson_desc` text NOT NULL,
  `lesson_link` text NOT NULL,
  `course_id` int(11) NOT NULL,
  `course_name` text NOT NULL
) ENGINE=InnoDB DEFAULT CHARSET=utf8 COLLATE=utf8_bin;

--
-- Dumping data for table `lesson`
--

INSERT INTO `lesson` (`lesson_id`, `lesson_name`, `lesson_desc`, `lesson_link`, `course_id`, `course_name`) VALUES
(32, 'Introduction to Python ', 'Introduction to Python Desc', '../lessonvid/video2.mp4', 10, 'Learn Python A-Z'),
(33, 'How Python Works', 'How Python Works Descc', '../lessonvid/video3.mp4', 10, 'Learn Python A-Z'),
(34, 'Why Python is powerful', 'Why Python is powerful Desc', '../lessonvid/video9.mp4', 10, 'Learn Python A-Z'),
(35, 'Everyone should learn Python ', 'Everyone should learn Python  Desccc', '../lessonvid/video1.mp4', 10, 'Learn Python A-Z'),
(36, 'Introduction to PHP', 'Introduction to PHP Desc', '../lessonvid/video4.mp4', 9, 'Complete PHP Bootcamp'),
(37, 'How PHP works', 'How PHP works Desc', '../lessonvid/video5.mp4', 9, 'Complete PHP Bootcamp'),
(38, 'is PHP really easy ?', 'is PHP really easy ? desc', '../lessonvid/video6.mp4', 9, 'Complete PHP Bootcamp'),
(39, 'Introduction to Guitar44', 'Introduction to Guitar desc1', '../lessonvid/video7.mp4', 8, 'Learn Guitar The Easy Way'),
(40, 'Type of Guitar', 'Type of Guitar Desc2', '../lessonvid/video8.mp4', 8, 'Learn Guitar The Easy Way'),
(41, 'Intro Hands-on Artificial Intelligence', 'Intro Hands-on Artificial Intelligence desc', '../lessonvid/video10.mp4', 11, 'Hands-on Artificial Intelligence'),
(42, 'How it works', 'How it works descccccc', '../lessonvid/video11.mp4', 11, 'Hands-on Artificial Intelligence'),
(43, 'Inro Learn Vue JS', 'Inro Learn Vue JS desc', '../lessonvid/video12.mp4', 12, 'Learn Vue JS'),
(44, 'intro Angular JS', 'intro Angular JS desc', '../lessonvid/video13.mp4', 13, 'Angular JS'),
(48, 'Intro to Python Complete', 'This is lesson number 1', '../lessonvid/video11.mp4', 16, 'Python Complete'),
(49, 'Introduction to React Native', 'This intro video of React native', '../lessonvid/video11.mp4', 17, 'Learn React Native'),
(50, 'L1', 'L1', '../lessonvid/c2.mp4', 18, 'Learning AI');

-- --------------------------------------------------------

--
-- Table structure for table `student`
--

CREATE TABLE `student` (
  `stu_id` int(11) NOT NULL,
  `stu_name` varchar(255) NOT NULL,
  `stu_email` varchar(255) NOT NULL,
  `stu_pass` varchar(255) NOT NULL,
  `stu_occ` varchar(255) NOT NULL,
  `stu_img` text NOT NULL
) ENGINE=InnoDB DEFAULT CHARSET=utf8 COLLATE=utf8_bin;

--
-- Dumping data for table `student`
--

INSERT INTO `student` (`stu_id`, `stu_name`, `stu_email`, `stu_pass`, `stu_occ`, `stu_img`) VALUES
(183, ' Sagar Debnath', 'learner@gmail.com', 'learner', ' Student', '../image/stu/WhatsApp Image 2024-03-19 at 07.09.27_96195804.jpg'),
(184, 'Learner Test', 'learner2@gmail.com', 'learner2', 'Student', ''),
(185, ' Jyuel', 'student@gmail.com', 'student', ' ', '../image/stu/WhatsApp Image 2024-03-19 at 07.09.27_96195804.jpg');

--
-- Indexes for dumped tables
--

--
-- Indexes for table `admin`
--
ALTER TABLE `admin`
  ADD PRIMARY KEY (`admin_id`);

--
-- Indexes for table `course`
--
ALTER TABLE `course`
  ADD PRIMARY KEY (`course_id`);

--
-- Indexes for table `courseorder`
--
ALTER TABLE `courseorder`
  ADD PRIMARY KEY (`co_id`),
  ADD UNIQUE KEY `order_id` (`order_id`);

--
-- Indexes for table `feedback`
--
ALTER TABLE `feedback`
  ADD PRIMARY KEY (`f_id`);

--
-- Indexes for table `lesson`
--
ALTER TABLE `lesson`
  ADD PRIMARY KEY (`lesson_id`);

--
-- Indexes for table `student`
--
ALTER TABLE `student`
  ADD PRIMARY KEY (`stu_id`);

--
-- AUTO_INCREMENT for dumped tables
--

--
-- AUTO_INCREMENT for table `admin`
--
ALTER TABLE `admin`
  MODIFY `admin_id` int(11) NOT NULL AUTO_INCREMENT, AUTO_INCREMENT=2;

--
-- AUTO_INCREMENT for table `course`
--
ALTER TABLE `course`
  MODIFY `course_id` int(11) NOT NULL AUTO_INCREMENT, AUTO_INCREMENT=19;

--
-- AUTO_INCREMENT for table `courseorder`
--
ALTER TABLE `courseorder`
  MODIFY `co_id` int(11) NOT NULL AUTO_INCREMENT, AUTO_INCREMENT=15;

--
-- AUTO_INCREMENT for table `feedback`
--
ALTER TABLE `feedback`
  MODIFY `f_id` int(11) NOT NULL AUTO_INCREMENT, AUTO_INCREMENT=14;

--
-- AUTO_INCREMENT for table `lesson`
--
ALTER TABLE `lesson`
  MODIFY `lesson_id` int(11) NOT NULL AUTO_INCREMENT, AUTO_INCREMENT=51;

--
-- AUTO_INCREMENT for table `student`
--
ALTER TABLE `student`
  MODIFY `stu_id` int(11) NOT NULL AUTO_INCREMENT, AUTO_INCREMENT=186;
--
-- Database: `odlms_db`
--
CREATE DATABASE IF NOT EXISTS `odlms_db` DEFAULT CHARACTER SET utf8mb4 COLLATE utf8mb4_general_ci;
USE `odlms_db`;

-- --------------------------------------------------------

--
-- Table structure for table `appointment_list`
--

CREATE TABLE `appointment_list` (
  `id` int(30) NOT NULL,
  `code` varchar(100) NOT NULL,
  `schedule` datetime NOT NULL,
  `client_id` int(30) NOT NULL,
  `prescription_path` text NOT NULL,
  `status` tinyint(1) NOT NULL DEFAULT 0,
  `date_created` datetime NOT NULL DEFAULT current_timestamp(),
  `date_updated` datetime DEFAULT NULL ON UPDATE current_timestamp()
) ENGINE=InnoDB DEFAULT CHARSET=utf8mb4 COLLATE=utf8mb4_general_ci;

--
-- Dumping data for table `appointment_list`
--

INSERT INTO `appointment_list` (`id`, `code`, `schedule`, `client_id`, `prescription_path`, `status`, `date_created`, `date_updated`) VALUES
(55, '202404-0001', '2024-04-03 02:06:00', 9, '', 5, '2024-04-03 02:06:44', '2024-04-03 02:07:11'),
(56, '202404-0002', '2024-04-03 02:06:00', 9, '', 6, '2024-04-03 02:06:53', '2024-04-03 02:42:30'),
(57, '202404-0003', '2024-04-20 02:43:00', 9, '', 1, '2024-04-03 02:43:43', '2024-04-03 03:11:22');

-- --------------------------------------------------------

--
-- Table structure for table `appointment_test_list`
--

CREATE TABLE `appointment_test_list` (
  `appointment_id` int(30) NOT NULL,
  `test_id` int(30) NOT NULL,
  `date_created` datetime NOT NULL DEFAULT current_timestamp()
) ENGINE=InnoDB DEFAULT CHARSET=utf8mb4 COLLATE=utf8mb4_general_ci;

-- --------------------------------------------------------

--
-- Table structure for table `client_list`
--

CREATE TABLE `client_list` (
  `id` int(30) NOT NULL,
  `firstname` text NOT NULL,
  `middlename` text NOT NULL,
  `lastname` text NOT NULL,
  `gender` varchar(50) NOT NULL,
  `contact` varchar(150) NOT NULL,
  `email` text NOT NULL,
  `password` text NOT NULL,
  `dob` date NOT NULL,
  `address` text NOT NULL,
  `avatar` text DEFAULT NULL,
  `delete_flag` tinyint(1) NOT NULL DEFAULT 0,
  `date_created` datetime NOT NULL DEFAULT current_timestamp(),
  `date_updated` datetime DEFAULT NULL ON UPDATE current_timestamp()
) ENGINE=InnoDB DEFAULT CHARSET=utf8mb4 COLLATE=utf8mb4_general_ci;

--
-- Dumping data for table `client_list`
--

INSERT INTO `client_list` (`id`, `firstname`, `middlename`, `lastname`, `gender`, `contact`, `email`, `password`, `dob`, `address`, `avatar`, `delete_flag`, `date_created`, `date_updated`) VALUES
(7, 'john', '', 'saha', 'Male', '99999999', 'john@gmail.com', '527bd5b5d689e2c32ae974c6229ff785', '2008-05-04', 'ff', NULL, 0, '2024-03-25 02:06:11', NULL),
(8, 'saha', '', 'saha', 'Male', '88888888888888', 'saha@gmail.com', 'dc88e49aa6fca0c4ebf1c359cd6b27e4', '2024-03-19', 'k', NULL, 0, '2024-03-25 03:05:15', NULL),
(9, 'Deep', '', 'Deb', 'Male', '9999999998', 'deep@gmail.com', '6627415e807ee33c7302917216e7da68', '2004-12-12', 'DF Road', NULL, 0, '2024-04-03 02:02:44', NULL);

-- --------------------------------------------------------

--
-- Table structure for table `history_list`
--

CREATE TABLE `history_list` (
  `id` int(30) NOT NULL,
  `appointment_id` int(30) NOT NULL,
  `status` tinyint(4) NOT NULL DEFAULT 0,
  `remarks` text NOT NULL,
  `date_created` datetime NOT NULL DEFAULT current_timestamp()
) ENGINE=InnoDB DEFAULT CHARSET=utf8mb4 COLLATE=utf8mb4_general_ci;

--
-- Dumping data for table `history_list`
--

INSERT INTO `history_list` (`id`, `appointment_id`, `status`, `remarks`, `date_created`) VALUES
(26, 56, 1, '', '2024-04-03 02:07:38'),
(31, 57, 1, '', '2024-04-03 03:11:22');

-- --------------------------------------------------------

--
-- Table structure for table `system_info`
--

CREATE TABLE `system_info` (
  `id` int(30) NOT NULL,
  `meta_field` text NOT NULL,
  `meta_value` text NOT NULL
) ENGINE=InnoDB DEFAULT CHARSET=utf8mb4 COLLATE=utf8mb4_general_ci;

--
-- Dumping data for table `system_info`
--

INSERT INTO `system_info` (`id`, `meta_field`, `meta_value`) VALUES
(1, 'name', 'Hospital Laboratory Management System'),
(6, 'short_name', 'HLMS'),
(11, 'logo', 'uploads/logo-1641866302.png'),
(13, 'user_avatar', 'uploads/user_avatar.jpg'),
(14, 'cover', 'uploads/cover-1641866302.png');

-- --------------------------------------------------------

--
-- Table structure for table `test_list`
--

CREATE TABLE `test_list` (
  `id` int(30) NOT NULL,
  `name` text NOT NULL,
  `description` text NOT NULL,
  `cost` float NOT NULL DEFAULT 0,
  `status` tinyint(1) NOT NULL DEFAULT 1,
  `delete_flag` tinyint(1) NOT NULL DEFAULT 0,
  `date_created` datetime NOT NULL DEFAULT current_timestamp(),
  `date_updated` datetime DEFAULT NULL ON UPDATE current_timestamp()
) ENGINE=InnoDB DEFAULT CHARSET=utf8mb4 COLLATE=utf8mb4_general_ci;

--
-- Dumping data for table `test_list`
--

INSERT INTO `test_list` (`id`, `name`, `description`, `cost`, `status`, `delete_flag`, `date_created`, `date_updated`) VALUES
(7, 'HB', 'Hemoglobin', 100, 1, 0, '2024-04-03 02:06:10', NULL);

-- --------------------------------------------------------

--
-- Table structure for table `users`
--

CREATE TABLE `users` (
  `id` int(50) NOT NULL,
  `firstname` varchar(250) NOT NULL,
  `middlename` text DEFAULT NULL,
  `lastname` varchar(250) NOT NULL,
  `username` text NOT NULL,
  `password` text NOT NULL,
  `avatar` text DEFAULT NULL,
  `last_login` datetime DEFAULT NULL,
  `type` tinyint(1) NOT NULL DEFAULT 0,
  `status` int(1) NOT NULL DEFAULT 1 COMMENT '0=not verified, 1 = verified',
  `date_added` datetime NOT NULL DEFAULT current_timestamp(),
  `date_updated` datetime DEFAULT NULL ON UPDATE current_timestamp()
) ENGINE=InnoDB DEFAULT CHARSET=utf8mb4 COLLATE=utf8mb4_general_ci;

--
-- Dumping data for table `users`
--

INSERT INTO `users` (`id`, `firstname`, `middlename`, `lastname`, `username`, `password`, `avatar`, `last_login`, `type`, `status`, `date_added`, `date_updated`) VALUES
(1, 'Adminstrator', NULL, 'Admin', 'admin', '0192023a7bbd73250516f069df18b500', 'uploads/avatar-1.png?v=1639468007', NULL, 1, 1, '2021-01-20 14:02:37', '2021-12-14 15:47:08'),
(6, 'Staff', NULL, 'Lab', 'staff', '1253208465b1efa876f982d8a9e73eef', 'uploads/avatar-6.png?v=1641629093', NULL, 2, 1, '2022-01-08 16:04:17', '2024-04-03 03:10:45');

--
-- Indexes for dumped tables
--

--
-- Indexes for table `appointment_list`
--
ALTER TABLE `appointment_list`
  ADD PRIMARY KEY (`id`),
  ADD KEY `client_id` (`client_id`);

--
-- Indexes for table `appointment_test_list`
--
ALTER TABLE `appointment_test_list`
  ADD KEY `appointment_id` (`appointment_id`),
  ADD KEY `test_id` (`test_id`);

--
-- Indexes for table `client_list`
--
ALTER TABLE `client_list`
  ADD PRIMARY KEY (`id`);

--
-- Indexes for table `history_list`
--
ALTER TABLE `history_list`
  ADD PRIMARY KEY (`id`),
  ADD KEY `id` (`id`,`appointment_id`),
  ADD KEY `appointment_id` (`appointment_id`);

--
-- Indexes for table `system_info`
--
ALTER TABLE `system_info`
  ADD PRIMARY KEY (`id`);

--
-- Indexes for table `test_list`
--
ALTER TABLE `test_list`
  ADD PRIMARY KEY (`id`);

--
-- Indexes for table `users`
--
ALTER TABLE `users`
  ADD PRIMARY KEY (`id`);

--
-- AUTO_INCREMENT for dumped tables
--

--
-- AUTO_INCREMENT for table `appointment_list`
--
ALTER TABLE `appointment_list`
  MODIFY `id` int(30) NOT NULL AUTO_INCREMENT, AUTO_INCREMENT=58;

--
-- AUTO_INCREMENT for table `client_list`
--
ALTER TABLE `client_list`
  MODIFY `id` int(30) NOT NULL AUTO_INCREMENT, AUTO_INCREMENT=10;

--
-- AUTO_INCREMENT for table `history_list`
--
ALTER TABLE `history_list`
  MODIFY `id` int(30) NOT NULL AUTO_INCREMENT, AUTO_INCREMENT=32;

--
-- AUTO_INCREMENT for table `system_info`
--
ALTER TABLE `system_info`
  MODIFY `id` int(30) NOT NULL AUTO_INCREMENT, AUTO_INCREMENT=25;

--
-- AUTO_INCREMENT for table `test_list`
--
ALTER TABLE `test_list`
  MODIFY `id` int(30) NOT NULL AUTO_INCREMENT, AUTO_INCREMENT=8;

--
-- AUTO_INCREMENT for table `users`
--
ALTER TABLE `users`
  MODIFY `id` int(50) NOT NULL AUTO_INCREMENT, AUTO_INCREMENT=7;

--
-- Constraints for dumped tables
--

--
-- Constraints for table `appointment_list`
--
ALTER TABLE `appointment_list`
  ADD CONSTRAINT `appointment_list_ibfk_1` FOREIGN KEY (`client_id`) REFERENCES `client_list` (`id`) ON DELETE CASCADE;

--
-- Constraints for table `appointment_test_list`
--
ALTER TABLE `appointment_test_list`
  ADD CONSTRAINT `appointment_test_list_ibfk_1` FOREIGN KEY (`appointment_id`) REFERENCES `appointment_list` (`id`) ON DELETE CASCADE,
  ADD CONSTRAINT `appointment_test_list_ibfk_2` FOREIGN KEY (`test_id`) REFERENCES `test_list` (`id`) ON DELETE CASCADE;

--
-- Constraints for table `history_list`
--
ALTER TABLE `history_list`
  ADD CONSTRAINT `history_list_ibfk_1` FOREIGN KEY (`appointment_id`) REFERENCES `appointment_list` (`id`) ON DELETE CASCADE;
--
-- Database: `phpmyadmin`
--
CREATE DATABASE IF NOT EXISTS `phpmyadmin` DEFAULT CHARACTER SET utf8 COLLATE utf8_bin;
USE `phpmyadmin`;

-- --------------------------------------------------------

--
-- Table structure for table `pma__bookmark`
--

CREATE TABLE `pma__bookmark` (
  `id` int(10) UNSIGNED NOT NULL,
  `dbase` varchar(255) NOT NULL DEFAULT '',
  `user` varchar(255) NOT NULL DEFAULT '',
  `label` varchar(255) CHARACTER SET utf8 COLLATE utf8_general_ci NOT NULL DEFAULT '',
  `query` text NOT NULL
) ENGINE=InnoDB DEFAULT CHARSET=utf8 COLLATE=utf8_bin COMMENT='Bookmarks';

-- --------------------------------------------------------

--
-- Table structure for table `pma__central_columns`
--

CREATE TABLE `pma__central_columns` (
  `db_name` varchar(64) NOT NULL,
  `col_name` varchar(64) NOT NULL,
  `col_type` varchar(64) NOT NULL,
  `col_length` text DEFAULT NULL,
  `col_collation` varchar(64) NOT NULL,
  `col_isNull` tinyint(1) NOT NULL,
  `col_extra` varchar(255) DEFAULT '',
  `col_default` text DEFAULT NULL
) ENGINE=InnoDB DEFAULT CHARSET=utf8 COLLATE=utf8_bin COMMENT='Central list of columns';

-- --------------------------------------------------------

--
-- Table structure for table `pma__column_info`
--

CREATE TABLE `pma__column_info` (
  `id` int(5) UNSIGNED NOT NULL,
  `db_name` varchar(64) NOT NULL DEFAULT '',
  `table_name` varchar(64) NOT NULL DEFAULT '',
  `column_name` varchar(64) NOT NULL DEFAULT '',
  `comment` varchar(255) CHARACTER SET utf8 COLLATE utf8_general_ci NOT NULL DEFAULT '',
  `mimetype` varchar(255) CHARACTER SET utf8 COLLATE utf8_general_ci NOT NULL DEFAULT '',
  `transformation` varchar(255) NOT NULL DEFAULT '',
  `transformation_options` varchar(255) NOT NULL DEFAULT '',
  `input_transformation` varchar(255) NOT NULL DEFAULT '',
  `input_transformation_options` varchar(255) NOT NULL DEFAULT ''
) ENGINE=InnoDB DEFAULT CHARSET=utf8 COLLATE=utf8_bin COMMENT='Column information for phpMyAdmin';

-- --------------------------------------------------------

--
-- Table structure for table `pma__designer_settings`
--

CREATE TABLE `pma__designer_settings` (
  `username` varchar(64) NOT NULL,
  `settings_data` text NOT NULL
) ENGINE=InnoDB DEFAULT CHARSET=utf8 COLLATE=utf8_bin COMMENT='Settings related to Designer';

-- --------------------------------------------------------

--
-- Table structure for table `pma__export_templates`
--

CREATE TABLE `pma__export_templates` (
  `id` int(5) UNSIGNED NOT NULL,
  `username` varchar(64) NOT NULL,
  `export_type` varchar(10) NOT NULL,
  `template_name` varchar(64) NOT NULL,
  `template_data` text NOT NULL
) ENGINE=InnoDB DEFAULT CHARSET=utf8 COLLATE=utf8_bin COMMENT='Saved export templates';

-- --------------------------------------------------------

--
-- Table structure for table `pma__favorite`
--

CREATE TABLE `pma__favorite` (
  `username` varchar(64) NOT NULL,
  `tables` text NOT NULL
) ENGINE=InnoDB DEFAULT CHARSET=utf8 COLLATE=utf8_bin COMMENT='Favorite tables';

-- --------------------------------------------------------

--
-- Table structure for table `pma__history`
--

CREATE TABLE `pma__history` (
  `id` bigint(20) UNSIGNED NOT NULL,
  `username` varchar(64) NOT NULL DEFAULT '',
  `db` varchar(64) NOT NULL DEFAULT '',
  `table` varchar(64) NOT NULL DEFAULT '',
  `timevalue` timestamp NOT NULL DEFAULT current_timestamp(),
  `sqlquery` text NOT NULL
) ENGINE=InnoDB DEFAULT CHARSET=utf8 COLLATE=utf8_bin COMMENT='SQL history for phpMyAdmin';

-- --------------------------------------------------------

--
-- Table structure for table `pma__navigationhiding`
--

CREATE TABLE `pma__navigationhiding` (
  `username` varchar(64) NOT NULL,
  `item_name` varchar(64) NOT NULL,
  `item_type` varchar(64) NOT NULL,
  `db_name` varchar(64) NOT NULL,
  `table_name` varchar(64) NOT NULL
) ENGINE=InnoDB DEFAULT CHARSET=utf8 COLLATE=utf8_bin COMMENT='Hidden items of navigation tree';

-- --------------------------------------------------------

--
-- Table structure for table `pma__pdf_pages`
--

CREATE TABLE `pma__pdf_pages` (
  `db_name` varchar(64) NOT NULL DEFAULT '',
  `page_nr` int(10) UNSIGNED NOT NULL,
  `page_descr` varchar(50) CHARACTER SET utf8 COLLATE utf8_general_ci NOT NULL DEFAULT ''
) ENGINE=InnoDB DEFAULT CHARSET=utf8 COLLATE=utf8_bin COMMENT='PDF relation pages for phpMyAdmin';

-- --------------------------------------------------------

--
-- Table structure for table `pma__recent`
--

CREATE TABLE `pma__recent` (
  `username` varchar(64) NOT NULL,
  `tables` text NOT NULL
) ENGINE=InnoDB DEFAULT CHARSET=utf8 COLLATE=utf8_bin COMMENT='Recently accessed tables';

--
-- Dumping data for table `pma__recent`
--

INSERT INTO `pma__recent` (`username`, `tables`) VALUES
('root', '[{\"db\":\"bnkms\",\"table\":\"bank_customers\"},{\"db\":\"bnkms\",\"table\":\"bank_staff\"},{\"db\":\"bnkms\",\"table\":\"beneficiary_1011693\"},{\"db\":\"bnkms\",\"table\":\"passbook_1011693\"},{\"db\":\"bnkms\",\"table\":\"pending_accounts\"},{\"db\":\"bnkms\",\"table\":\"cheque_book\"},{\"db\":\"bnkms\",\"table\":\"atm\"},{\"db\":\"bnkms\",\"table\":\"staff\"},{\"db\":\"odlms_db\",\"table\":\"system_info\"},{\"db\":\"odlms_db\",\"table\":\"history_list\"}]');

-- --------------------------------------------------------

--
-- Table structure for table `pma__relation`
--

CREATE TABLE `pma__relation` (
  `master_db` varchar(64) NOT NULL DEFAULT '',
  `master_table` varchar(64) NOT NULL DEFAULT '',
  `master_field` varchar(64) NOT NULL DEFAULT '',
  `foreign_db` varchar(64) NOT NULL DEFAULT '',
  `foreign_table` varchar(64) NOT NULL DEFAULT '',
  `foreign_field` varchar(64) NOT NULL DEFAULT ''
) ENGINE=InnoDB DEFAULT CHARSET=utf8 COLLATE=utf8_bin COMMENT='Relation table';

-- --------------------------------------------------------

--
-- Table structure for table `pma__savedsearches`
--

CREATE TABLE `pma__savedsearches` (
  `id` int(5) UNSIGNED NOT NULL,
  `username` varchar(64) NOT NULL DEFAULT '',
  `db_name` varchar(64) NOT NULL DEFAULT '',
  `search_name` varchar(64) NOT NULL DEFAULT '',
  `search_data` text NOT NULL
) ENGINE=InnoDB DEFAULT CHARSET=utf8 COLLATE=utf8_bin COMMENT='Saved searches';

-- --------------------------------------------------------

--
-- Table structure for table `pma__table_coords`
--

CREATE TABLE `pma__table_coords` (
  `db_name` varchar(64) NOT NULL DEFAULT '',
  `table_name` varchar(64) NOT NULL DEFAULT '',
  `pdf_page_number` int(11) NOT NULL DEFAULT 0,
  `x` float UNSIGNED NOT NULL DEFAULT 0,
  `y` float UNSIGNED NOT NULL DEFAULT 0
) ENGINE=InnoDB DEFAULT CHARSET=utf8 COLLATE=utf8_bin COMMENT='Table coordinates for phpMyAdmin PDF output';

-- --------------------------------------------------------

--
-- Table structure for table `pma__table_info`
--

CREATE TABLE `pma__table_info` (
  `db_name` varchar(64) NOT NULL DEFAULT '',
  `table_name` varchar(64) NOT NULL DEFAULT '',
  `display_field` varchar(64) NOT NULL DEFAULT ''
) ENGINE=InnoDB DEFAULT CHARSET=utf8 COLLATE=utf8_bin COMMENT='Table information for phpMyAdmin';

-- --------------------------------------------------------

--
-- Table structure for table `pma__table_uiprefs`
--

CREATE TABLE `pma__table_uiprefs` (
  `username` varchar(64) NOT NULL,
  `db_name` varchar(64) NOT NULL,
  `table_name` varchar(64) NOT NULL,
  `prefs` text NOT NULL,
  `last_update` timestamp NOT NULL DEFAULT current_timestamp() ON UPDATE current_timestamp()
) ENGINE=InnoDB DEFAULT CHARSET=utf8 COLLATE=utf8_bin COMMENT='Tables'' UI preferences';

-- --------------------------------------------------------

--
-- Table structure for table `pma__tracking`
--

CREATE TABLE `pma__tracking` (
  `db_name` varchar(64) NOT NULL,
  `table_name` varchar(64) NOT NULL,
  `version` int(10) UNSIGNED NOT NULL,
  `date_created` datetime NOT NULL,
  `date_updated` datetime NOT NULL,
  `schema_snapshot` text NOT NULL,
  `schema_sql` text DEFAULT NULL,
  `data_sql` longtext DEFAULT NULL,
  `tracking` set('UPDATE','REPLACE','INSERT','DELETE','TRUNCATE','CREATE DATABASE','ALTER DATABASE','DROP DATABASE','CREATE TABLE','ALTER TABLE','RENAME TABLE','DROP TABLE','CREATE INDEX','DROP INDEX','CREATE VIEW','ALTER VIEW','DROP VIEW') DEFAULT NULL,
  `tracking_active` int(1) UNSIGNED NOT NULL DEFAULT 1
) ENGINE=InnoDB DEFAULT CHARSET=utf8 COLLATE=utf8_bin COMMENT='Database changes tracking for phpMyAdmin';

-- --------------------------------------------------------

--
-- Table structure for table `pma__userconfig`
--

CREATE TABLE `pma__userconfig` (
  `username` varchar(64) NOT NULL,
  `timevalue` timestamp NOT NULL DEFAULT current_timestamp() ON UPDATE current_timestamp(),
  `config_data` text NOT NULL
) ENGINE=InnoDB DEFAULT CHARSET=utf8 COLLATE=utf8_bin COMMENT='User preferences storage for phpMyAdmin';

--
-- Dumping data for table `pma__userconfig`
--

INSERT INTO `pma__userconfig` (`username`, `timevalue`, `config_data`) VALUES
('root', '2024-04-06 11:32:10', '{\"Console\\/Mode\":\"collapse\",\"NavigationWidth\":205}');

-- --------------------------------------------------------

--
-- Table structure for table `pma__usergroups`
--

CREATE TABLE `pma__usergroups` (
  `usergroup` varchar(64) NOT NULL,
  `tab` varchar(64) NOT NULL,
  `allowed` enum('Y','N') NOT NULL DEFAULT 'N'
) ENGINE=InnoDB DEFAULT CHARSET=utf8 COLLATE=utf8_bin COMMENT='User groups with configured menu items';

-- --------------------------------------------------------

--
-- Table structure for table `pma__users`
--

CREATE TABLE `pma__users` (
  `username` varchar(64) NOT NULL,
  `usergroup` varchar(64) NOT NULL
) ENGINE=InnoDB DEFAULT CHARSET=utf8 COLLATE=utf8_bin COMMENT='Users and their assignments to user groups';

--
-- Indexes for dumped tables
--

--
-- Indexes for table `pma__bookmark`
--
ALTER TABLE `pma__bookmark`
  ADD PRIMARY KEY (`id`);

--
-- Indexes for table `pma__central_columns`
--
ALTER TABLE `pma__central_columns`
  ADD PRIMARY KEY (`db_name`,`col_name`);

--
-- Indexes for table `pma__column_info`
--
ALTER TABLE `pma__column_info`
  ADD PRIMARY KEY (`id`),
  ADD UNIQUE KEY `db_name` (`db_name`,`table_name`,`column_name`);

--
-- Indexes for table `pma__designer_settings`
--
ALTER TABLE `pma__designer_settings`
  ADD PRIMARY KEY (`username`);

--
-- Indexes for table `pma__export_templates`
--
ALTER TABLE `pma__export_templates`
  ADD PRIMARY KEY (`id`),
  ADD UNIQUE KEY `u_user_type_template` (`username`,`export_type`,`template_name`);

--
-- Indexes for table `pma__favorite`
--
ALTER TABLE `pma__favorite`
  ADD PRIMARY KEY (`username`);

--
-- Indexes for table `pma__history`
--
ALTER TABLE `pma__history`
  ADD PRIMARY KEY (`id`),
  ADD KEY `username` (`username`,`db`,`table`,`timevalue`);

--
-- Indexes for table `pma__navigationhiding`
--
ALTER TABLE `pma__navigationhiding`
  ADD PRIMARY KEY (`username`,`item_name`,`item_type`,`db_name`,`table_name`);

--
-- Indexes for table `pma__pdf_pages`
--
ALTER TABLE `pma__pdf_pages`
  ADD PRIMARY KEY (`page_nr`),
  ADD KEY `db_name` (`db_name`);

--
-- Indexes for table `pma__recent`
--
ALTER TABLE `pma__recent`
  ADD PRIMARY KEY (`username`);

--
-- Indexes for table `pma__relation`
--
ALTER TABLE `pma__relation`
  ADD PRIMARY KEY (`master_db`,`master_table`,`master_field`),
  ADD KEY `foreign_field` (`foreign_db`,`foreign_table`);

--
-- Indexes for table `pma__savedsearches`
--
ALTER TABLE `pma__savedsearches`
  ADD PRIMARY KEY (`id`),
  ADD UNIQUE KEY `u_savedsearches_username_dbname` (`username`,`db_name`,`search_name`);

--
-- Indexes for table `pma__table_coords`
--
ALTER TABLE `pma__table_coords`
  ADD PRIMARY KEY (`db_name`,`table_name`,`pdf_page_number`);

--
-- Indexes for table `pma__table_info`
--
ALTER TABLE `pma__table_info`
  ADD PRIMARY KEY (`db_name`,`table_name`);

--
-- Indexes for table `pma__table_uiprefs`
--
ALTER TABLE `pma__table_uiprefs`
  ADD PRIMARY KEY (`username`,`db_name`,`table_name`);

--
-- Indexes for table `pma__tracking`
--
ALTER TABLE `pma__tracking`
  ADD PRIMARY KEY (`db_name`,`table_name`,`version`);

--
-- Indexes for table `pma__userconfig`
--
ALTER TABLE `pma__userconfig`
  ADD PRIMARY KEY (`username`);

--
-- Indexes for table `pma__usergroups`
--
ALTER TABLE `pma__usergroups`
  ADD PRIMARY KEY (`usergroup`,`tab`,`allowed`);

--
-- Indexes for table `pma__users`
--
ALTER TABLE `pma__users`
  ADD PRIMARY KEY (`username`,`usergroup`);

--
-- AUTO_INCREMENT for dumped tables
--

--
-- AUTO_INCREMENT for table `pma__bookmark`
--
ALTER TABLE `pma__bookmark`
  MODIFY `id` int(10) UNSIGNED NOT NULL AUTO_INCREMENT;

--
-- AUTO_INCREMENT for table `pma__column_info`
--
ALTER TABLE `pma__column_info`
  MODIFY `id` int(5) UNSIGNED NOT NULL AUTO_INCREMENT;

--
-- AUTO_INCREMENT for table `pma__export_templates`
--
ALTER TABLE `pma__export_templates`
  MODIFY `id` int(5) UNSIGNED NOT NULL AUTO_INCREMENT;

--
-- AUTO_INCREMENT for table `pma__history`
--
ALTER TABLE `pma__history`
  MODIFY `id` bigint(20) UNSIGNED NOT NULL AUTO_INCREMENT;

--
-- AUTO_INCREMENT for table `pma__pdf_pages`
--
ALTER TABLE `pma__pdf_pages`
  MODIFY `page_nr` int(10) UNSIGNED NOT NULL AUTO_INCREMENT;

--
-- AUTO_INCREMENT for table `pma__savedsearches`
--
ALTER TABLE `pma__savedsearches`
  MODIFY `id` int(5) UNSIGNED NOT NULL AUTO_INCREMENT;
--
-- Database: `test`
--
CREATE DATABASE IF NOT EXISTS `test` DEFAULT CHARACTER SET latin1 COLLATE latin1_swedish_ci;
USE `test`;
COMMIT;

/*!40101 SET CHARACTER_SET_CLIENT=@OLD_CHARACTER_SET_CLIENT */;
/*!40101 SET CHARACTER_SET_RESULTS=@OLD_CHARACTER_SET_RESULTS */;
/*!40101 SET COLLATION_CONNECTION=@OLD_COLLATION_CONNECTION */;
